,CL=F,BZ=F,NG=F,GC=F,SI=F,HG=F
2000-08-24,0.02828219433398761,,,,,
2000-08-25,0.02714994077327968,,,,,
2000-08-28,0.0260545116504935,,,,,
2000-08-29,0.02593355513590462,,,,,
2000-08-30,0.02466580821228208,,,,,
2000-08-31,0.024275657723369034,,0.02470775279213984,0.006946850325989017,0.006770077437373298,0.010678155862198066
2000-09-01,0.02326854534663095,,0.023865488562516447,0.00758565033566253,0.007516523698295165,0.010504743155598155
2000-09-05,0.022275661461057698,,0.02325728013809004,0.007546968179412171,0.007480151517006623,0.010375919661696034
2000-09-06,0.021549442885521634,,0.02369145093361561,0.007500778572492306,0.007450918654209243,0.010933200474590012
2000-09-07,0.023031505892442853,,0.023680053011242198,0.007502623820555931,0.007449411686112569,0.0108052909319715
2000-09-08,0.02215534005197344,,0.02320817912634736,0.007398832173107308,0.00772843387876429,0.010674086631493027
2000-09-11,0.025959351776399298,,0.023556123117427736,0.007320482241231721,0.007701986914903525,0.010584998589230931
2000-09-12,0.027721953251627643,,0.024130707147807424,0.007224219226454609,0.007852562641223632,0.010416273033548862
2000-09-13,0.027585044046065047,,0.023275265049744677,0.007131981840934334,0.007873837392775645,0.010821187717688485
2000-09-14,0.026438676178918607,,0.022646965777907462,0.00704167012896389,0.00785989268578024,0.010646285708046231
2000-09-15,0.025219840667003553,,0.023332323475792057,0.006963634232841664,0.0078093798819300515,0.010485376243503477
2000-09-18,0.028617813516482703,,0.022520125653290958,0.006880464946407582,0.007814311768004864,0.010397825622576597
2000-09-19,0.02850300617962484,,0.022334127117141,0.00684100822193862,0.007771335430189287,0.01024082692940685
2000-09-20,0.02722505464593245,,0.02197122724257504,0.006768799017066659,0.007728499280717033,0.010102146334666067
2000-09-21,0.027141896508514663,,0.02143798662418564,0.007073059796792558,0.008062772671014785,0.010965351962745317
2000-09-22,0.04078831826879127,,0.020832941929131512,0.0070453738321426705,0.008226069921230714,0.012072885670588798
2000-09-25,0.04047250197039606,,0.022137769096965253,0.007040168451563696,0.008334584689569427,0.01193637687084699
2000-09-26,0.039691607237975046,,0.02294463536422669,0.007151512264827197,0.008262235360672249,0.011837763926520029
2000-09-27,0.037468987140596745,,0.02263517055664394,0.007062319108324464,0.008221079272638137,0.011874779722140086
2000-09-28,0.03537981795770687,,0.021934165388523042,0.007717409917106335,0.008316672645907366,0.011701392390181283
2000-09-29,0.03567335833484033,,0.023900547885302225,0.007903089620875152,0.00827129463884021,0.011501070284955783
2000-10-02,0.034166450716253065,,0.023297048482004708,0.00793821841521385,0.0085602830941256,0.01134352118784836
2000-10-03,0.03473199983744981,,0.02406144941682831,0.007826617700415634,0.008480510187819193,0.012121557696038423
2000-10-04,0.03283442148234026,,0.023201925034446708,0.007800858265744777,0.00840432393389889,0.011926485589647358
2000-10-05,0.031593069170817986,,0.022646800942352746,0.007754931667360588,0.008517004491532414,0.011723523494615267
2000-10-06,0.03116467895727655,,0.023309227396001168,0.007639470038521323,0.008460265095863555,0.011889622582996369
2000-10-09,0.029548841028172474,,0.024270571457507804,0.007601970548252627,0.008384573112660767,0.011737392966520504
2000-10-10,0.02978966499737176,,0.02499602076511399,0.007510771637629946,0.008307613087927051,0.011870270464999482
2000-10-11,0.030727427932834516,,0.02410025331778089,0.007593249799573627,0.008366652939482619,0.011878825935349044
2000-10-12,0.029080928755121804,,0.034314237816679846,0.0076349346222826485,0.008577844450661974,0.011706459272198625
2000-10-13,0.03843581048620223,,0.032931431402275765,0.008714621935636602,0.008823812314352456,0.012346419386870372
2000-10-16,0.03750980217583271,,0.031947328939151746,0.009100231963316396,0.008917919829427658,0.012338137900858652
2000-10-17,0.039859238177701935,,0.0322385232194903,0.00896381369755636,0.008817771513857778,0.012118831905048047
2000-10-18,0.03765004019374516,,0.031435417390559606,0.008808565493160347,0.008896853997338106,0.012185640453849282
2000-10-19,0.03597781060520301,,0.03332883917104701,0.008677816778026955,0.008808151870116888,0.012230424091754295
2000-10-20,0.03449011255706995,,0.035243133788696535,0.008528087964310337,0.008789992467358015,0.012008612394353942
2000-10-23,0.03492198445567021,,0.033779422508094334,0.008416669108137594,0.008694745797140434,0.012094890376661147
2000-10-24,0.03344889995186033,,0.03334143734945999,0.008323764446153703,0.00882500010079294,0.011945127255188544
2000-10-25,0.03182196917817567,,0.035484762009341836,0.008184778188221864,0.008748051779625742,0.011755575029380414
2000-10-26,0.030377712633872175,,0.03568364064234526,0.0086199225139192,0.008810145730985056,0.011920513939427795
2000-10-27,0.029672360251974273,,0.034163536116619715,0.008538328523254061,0.008853578863127858,0.012881834790731633
2000-10-30,0.02988092012058858,,0.033760190804924504,0.008403517871952091,0.008782683496777742,0.013007077874082071
2000-10-31,0.028304700917274325,,0.032526458896135126,0.008262518476166224,0.008688089723288397,0.012761330811252697
2000-11-01,0.026853924124750184,,0.0312025312309144,0.00813547884698938,0.008601383588801508,0.01255704030038753
2000-11-02,0.025904553728749734,,0.03227850773105737,0.008048606215931876,0.008563958056944343,0.012781370544615504
2000-11-03,0.02543684212281592,,0.0312861429860001,0.007926520780230983,0.00898640238914119,0.012560785706612888
2000-11-06,0.024154057062908508,,0.03139696391232958,0.007803089383243703,0.008992201142981618,0.012327156715435272
2000-11-07,0.02307719851414876,,0.030357836562689068,0.007685418130241994,0.00893595808659707,0.01242061275218322
2000-11-08,0.02251715014881761,,0.03228113365180569,0.007574365255353314,0.009035795423247377,0.012220155283816602
2000-11-09,0.02147260485409923,,0.03435827379551333,0.0074797895941626094,0.00896865282203016,0.012085697337644625
2000-11-10,0.021342902583153682,,0.033409965076203516,0.007394578297246895,0.008877284014214986,0.011895781057914799
2000-11-13,0.020381182473798845,,0.032021066553006204,0.007372009335214924,0.009002456693689402,0.011690232354234012
2000-11-14,0.019684853189737266,,0.033081035836583506,0.007273763260180106,0.009055254400799793,0.012314351512503527
2000-11-15,0.019169645489666806,,0.03591263493793498,0.007187277431982798,0.008954207473774645,0.012211587510675916
2000-11-16,0.019480370609159792,,0.03600786138007082,0.007093721546319373,0.00885875496117274,0.011988814892860666
2000-11-17,0.019311948634783704,,0.04123689507995569,0.007019801117143312,0.008780316857875552,0.011932026358655472
2000-11-20,0.019073934474055004,,0.04276832746150801,0.0069342758132879415,0.008716510631900433,0.011748529771360537
2000-11-21,0.01859691142224086,,0.041273426969021906,0.006862427947852979,0.008625943619644147,0.01154035333821753
2000-11-22,0.01782956534284455,,0.04025633117759314,0.006803177878664087,0.008569683944264434,0.011469120399468607
2000-11-24,0.01722962905258256,,0.03924298019237427,0.006737178049530076,0.008484848508200062,0.01153146722722477
2000-11-27,0.016553566831330458,,0.03753187580815155,0.006662591297113956,0.008403060839158658,0.011330218289155179
2000-11-28,0.01593558202955242,,0.037085395539823394,0.0071868862294578026,0.008967441354626625,0.013000898254657273
2000-11-29,0.018578038268004485,,0.0385666004729001,0.007099083983887798,0.00886541051315436,0.013224138162452803
2000-11-30,0.018101421772916383,,0.03727103366034722,0.007508783680514564,0.009632294224026618,0.013160555203323794
2000-12-01,0.019046847417093723,,0.040308076530578954,0.007909084543003257,0.009910136926625103,0.013197878424467452
2000-12-04,0.024920433207060045,,0.03877034175258825,0.00786951213092047,0.009905471051076921,0.013701421777916334
2000-12-05,0.024880134767821815,,0.049621715786133634,0.007885506261530995,0.01037599615262073,0.01343453577572795
2000-12-06,0.02993745915108338,,0.04740150289937853,0.007768905836817992,0.010227257974666582,0.013325961294703162
2000-12-07,0.028504429792663842,,0.06003713928815646,0.00818121336253179,0.01034117810868068,0.013201550274148327
2000-12-08,0.02754337052933626,,0.05728799298618432,0.008097622395673963,0.0102816580288566,0.012952042185589296
2000-12-11,0.027813017893169523,,0.05502677098183509,0.00800991930250054,0.01075670358142606,0.012875637116406945
2000-12-12,0.02826925389528813,,0.059426846113288107,0.008042582966211922,0.010587910847051199,0.012639466809522874
2000-12-13,0.026895000765934034,,0.07045925113508293,0.007914130655840693,0.010420701810918018,0.01248800016347703
2000-12-14,0.02868209627676205,,0.07097942084186248,0.0079110719117981,0.010414079049917613,0.012279499519247917
2000-12-15,0.02803611639063291,,0.06807732694518812,0.007791436139526772,0.010325064492344865,0.012212722775529572
2000-12-18,0.028542638933151246,,0.0749663485407946,0.0077385530018638515,0.010311017552750401,0.012621931312264204
2000-12-19,0.028342583667995015,,0.0715769261527229,0.007646026237940781,0.010169059604603172,0.012393980755701629
2000-12-20,0.028445682512963696,,0.07096452902866245,0.007533513599860831,0.010027784177206282,0.01216651541993097
2000-12-21,0.04543666770678152,,0.0681467170096768,0.007708423327029631,0.009894638631166417,0.012242052634811176
2000-12-22,0.04307145181491582,,0.06672898407530814,0.007639588934393881,0.00975409925239991,0.012143316018392393
2000-12-26,0.04064698042569811,,0.06417851197123134,0.00752733430236036,0.009634953187519476,0.011958762253958071
2000-12-27,0.03873962905994227,,0.061563350159047445,0.007422973091532888,0.009520767446605244,0.011771352436223206
2000-12-28,0.03665716689739009,,0.05914429131845024,0.00735860696742727,0.009595552659716204,0.01221448191570679
2000-12-29,0.03540891581128786,,0.061440735394254126,0.007749994891736749,0.009467973270651298,0.012049797337659967
2001-01-02,0.03529422497721371,,0.06076103939439466,0.007634704894836422,0.009344650041128172,0.01192837761086955
2001-01-03,0.033650515456389904,,0.07463111919852337,0.008036143348584282,0.009433688336576316,0.013737418192487647
2001-01-04,0.03290965308816962,,0.07132123049136413,0.007916930851939482,0.009703240947933716,0.013535848053727604
2001-01-05,0.031230159740476097,,0.0732138657115638,0.0078172144401379,0.00978877373494006,0.013454029343110211
2001-01-08,0.029648803134591253,,0.07024923282990979,0.007712111657360866,0.009715563768281987,0.013863270069107082
2001-01-09,0.029085610346815276,,0.0684472890816885,0.007596958010221009,0.009594758253250167,0.013591651164317726
2001-01-10,0.027849645013785684,,0.06531408720697746,0.0074999245994173515,0.009468301848615001,0.01335015900601927
2001-01-11,0.032832660591863794,,0.06533417666038707,0.007727008617877337,0.009374514084710602,0.013094010155370556
2001-01-12,0.031046327211180974,,0.06429119208907288,0.007635903611054751,0.009315230492578486,0.012848296333730247
2001-01-16,0.029921111591371383,,0.061875871752250816,0.0075249193416178535,0.009719367766812877,0.012943864682976711
2001-01-17,0.02848369441474013,,0.06052958554835179,0.0074365826978267146,0.009937066574883479,0.013613862923680189
2001-01-18,0.028025334843061106,,0.07513415248959049,0.007333690716217383,0.009916112066190957,0.013442807019637827
2001-01-19,0.0278136831246761,,0.07224500285876556,0.007268963684003735,0.01053263365772182,0.01577589413444243
2001-01-22,0.03111618717500458,,0.07027802663852055,0.007171481290377627,0.010580410808394032,0.015823654261007025
2001-01-23,0.029466008633060484,,0.06699308640602217,0.007250148076863754,0.010475838974440843,0.015519216261707413
2001-01-24,0.03757373330715349,,0.0673772129558016,0.0071597985662208855,0.010311781165571611,0.015200992620888318
2001-01-25,0.03594598416806583,,0.06464808457919947,0.007218913382537939,0.010161312228317,0.015140656081362305
2001-01-26,0.03410455560741563,,0.06194508328986328,0.007124043922451031,0.01003943678499815,0.014832723145123185
2001-01-29,0.032522791891161716,,0.05906974341029001,0.0071712922955719394,0.009934375511379859,0.014530975741242156
2001-01-30,0.03175877918595403,,0.06323303664263444,0.007078189455109459,0.009791987420281869,0.01430782905851099
2001-01-31,0.030043561777824662,,0.06522318950975703,0.007282600137930659,0.009660756008152306,0.014124125222074093
2001-02-01,0.028738575525668022,,0.06630837033411209,0.007184553892015432,0.009532070782610987,0.013977233764878609
2001-02-02,0.029645351746214358,,0.07346199648268448,0.007418194141437015,0.009405624916895755,0.013704503215494688
2001-02-05,0.031763525315263066,,0.07173163979993528,0.007404574881378851,0.009342538148083801,0.013521446233429293
2001-02-06,0.03105810229942433,,0.08492129701929231,0.007463532596544084,0.010162014982882231,0.013752108358244997
2001-02-07,0.02943995844361635,,0.0809564911227866,0.007521068299137356,0.010082921919205507,0.013486359579973692
2001-02-08,0.02916686692683939,,0.08086250373527439,0.007427656499795964,0.010140843766163593,0.013231046486334224
2001-02-09,0.027840493682383435,,0.07714726036210542,0.007648931062964495,0.010296697474581814,0.012976902561929094
2001-02-12,0.026920547459721104,,0.0735363926017186,0.007539431432595622,0.010145677998733747,0.012962371274700377
2001-02-13,0.02607740767063524,,0.07291958400156241,0.00745256902835407,0.009994282433901545,0.012734389652385098
2001-02-14,0.024858210735748155,,0.07029756449422081,0.007357705304367235,0.009848905360177958,0.012615096026027646
2001-02-15,0.02446054758688264,,0.07214683781405176,0.007298966208594145,0.009796290381866121,0.012405615224530233
2001-02-16,0.0254801628270915,,0.06890868249657124,0.008018886659637856,0.010207617345269631,0.012251114913416834
2001-02-20,0.024481358283757148,,0.06570254265258761,0.008257825147487156,0.010131739113548232,0.012039431884154938
2001-02-21,0.024160877334472558,,0.06481596695564558,0.008309486091556004,0.010583738982494277,0.01192476579014901
2001-02-22,0.02296979123786367,,0.06219499941551566,0.008330314813388357,0.010433798941408527,0.012608051645039307
2001-02-23,0.02203780441085745,,0.05931023780977865,0.008192598822102312,0.010276642089337358,0.012372962475769966
2001-02-26,0.021070682455604412,,0.056568697725760536,0.00826690455554606,0.010159267130633557,0.012234573986134097
2001-02-27,0.02107436552911037,,0.05423384060369381,0.008967510171344388,0.01002451938215257,0.012205816396682317
2001-02-28,0.020448166044701788,,0.053424624406546224,0.008882164052839859,0.00998760437030495,0.012011212325345326
2001-03-01,0.021153743274655717,,0.051048941170223475,0.008738290633254433,0.010259299726954316,0.012014045239234961
2001-03-02,0.020325513065587407,,0.04885459169014002,0.00868341886801093,0.010825866627169514,0.012117726782049027
2001-03-05,0.019510458485940293,,0.0469184122129862,0.008890285503728468,0.010715260541243528,0.011927735039651206
2001-03-06,0.020439112095456492,,0.04493192632840664,0.008733309310313376,0.010543008018346324,0.011922227272716985
2001-03-07,0.01982591890858764,,0.042951105357947605,0.00883902574872323,0.010384566946540018,0.01198629824493334
2001-03-08,0.020203279365529254,,0.04110147779440959,0.008752805668120095,0.010271910791148467,0.012038217321017446
2001-03-09,0.019993739033060315,,0.03944728128155567,0.009131179766619433,0.010393549524740711,0.012276640130162457
2001-03-12,0.02068171363241265,,0.039678414847361385,0.009856252841522726,0.010248880758441326,0.012113641627307886
2001-03-13,0.01984875704749045,,0.03829700271673479,0.00967630470760949,0.010848173294089604,0.011965413366226618
2001-03-14,0.020033551137213057,,0.037864062538246854,0.010205660454975103,0.010680718878834917,0.012006308319048031
2001-03-15,0.022543713334167586,,0.03665005107564098,0.01057127074113515,0.010517568216355919,0.011954333427933667
2001-03-16,0.02157664821246413,,0.03508666515175408,0.010552421155305816,0.011613004479422723,0.011747469121352126
2001-03-19,0.0205706300690712,,0.03406828766485805,0.010454364441311245,0.011568182112273118,0.01258902527692974
2001-03-20,0.020649906952562004,,0.03269558016372531,0.010319540722812642,0.011367909678185326,0.0125062382537015
2001-03-21,0.020029533073456833,,0.033707604122820985,0.010120087676792748,0.01129692385220406,0.012296913701029238
2001-03-22,0.021893156240344065,,0.03500589165291027,0.009970259679956657,0.011104748819086619,0.01228553776750691
2001-03-23,0.02115027818426983,,0.03486362652620557,0.009796285376952596,0.010930262982635594,0.012210130308248975
2001-03-26,0.022089059830228405,,0.03352697091195767,0.00960644570171078,0.010755746771466256,0.011997445473480863
2001-03-27,0.02110805724402702,,0.03224026617565455,0.009423363118697995,0.010615121167949463,0.011821845049610933
2001-03-28,0.02037777205508395,,0.03512290858509554,0.00927649525166739,0.01080889785523421,0.011848070733823877
2001-03-29,0.026340643601572317,,0.03565349375700873,0.009168463633605939,0.011065434572715922,0.012666624795874649
2001-03-30,0.025012861314429986,,0.034993846020583176,0.009032202158177169,0.011037636829262804,0.012439720137044615
2001-04-02,0.023760098776684252,,0.03648073678855209,0.008901625891584622,0.011051436035460297,0.012582763614024472
2001-04-03,0.024719268063180665,,0.035173177167424775,0.008949851070615454,0.010913218606759662,0.01238923408335906
2001-04-04,0.02455150690283747,,0.03368541934485484,0.008833299069512308,0.010732756851025213,0.012266559590342003
2001-04-05,0.025736201132720717,,0.032498199683898464,0.008759971882837577,0.010648418720950997,0.012042069680404409
2001-04-06,0.024472541439675227,,0.03414195724127865,0.008609852716363772,0.01051688156810521,0.011850083432011993
2001-04-09,0.02338803016723147,,0.03279551831049414,0.008583199396417407,0.01040362394677401,0.012670377796393593
2001-04-10,0.02245957460305698,,0.031801369429980374,0.008553961418683724,0.01029581057240036,0.012729860154179118
2001-04-11,0.024900680364922455,,0.03080495559013281,0.008451055743861836,0.010150895484865204,0.01272382412415077
2001-04-12,0.023912692726082763,,0.031183388320687788,0.008373707587949105,0.01022690373786244,0.0125147031055036
2001-04-16,0.022741997764885807,,0.02990926852793109,0.008299116126697849,0.010075145428550028,0.012292769483149422
2001-04-17,0.022415847517198287,,0.02963500180846133,0.008524532565721924,0.010607069354273102,0.012069592118019324
2001-04-18,0.022247475437775357,,0.03220471600131502,0.008570084389908922,0.011063366575134608,0.011893063001808233
2001-04-19,0.02146510608283569,,0.03143115391290468,0.008421983130256811,0.010877882423082734,0.013022213145094346
2001-04-20,0.02052024956932639,,0.030233185730606543,0.00883243523677429,0.011147800558123035,0.013183481083640987
2001-04-23,0.02063454330355268,,0.029028042564438278,0.00868622783593086,0.01098624732432696,0.012946169590233054
2001-04-24,0.020026475535950602,,0.027876571669246578,0.008583874887770668,0.010802363456054908,0.013485408285132108
2001-04-25,0.02109442451962381,,0.026943333577922245,0.008438344287022649,0.010644500971043771,0.013255406868528899
2001-04-26,0.0206971567863016,,0.02688654098493242,0.008412984006935204,0.01129028194955991,0.013016286765861302
2001-04-27,0.023586447532761755,,0.026214970721377736,0.008405940252131469,0.011110979689814369,0.012846366899479298
2001-04-30,0.02252581500531007,,0.025274147490674848,0.008276360484574932,0.010971516722689369,0.012606026771155106
2001-05-01,0.021534626629916277,,0.026682061212427412,0.008138903236027584,0.010957266491817387,0.012532561234050095
2001-05-02,0.02115671864237437,,0.02591328494099446,0.00801046758338789,0.010882127839331195,0.012459094208825485
2001-05-03,0.02394247319639288,,0.027071938640311523,0.00791546118949966,0.01071366264642074,0.012630926449231106
2001-05-04,0.023855901873719262,,0.02618602157380963,0.00781759991979781,0.010654302078791282,0.012433071883718585
2001-05-07,0.02271128128494556,,0.025328222445712072,0.00770121302922324,0.010484446758069373,0.012373979295804194
2001-05-08,0.022669689334320595,,0.029972064316459775,0.007586493973415672,0.010462611098680108,0.01215143101028692
2001-05-09,0.022050274726947445,,0.02889479902364782,0.0075240073164729105,0.010311032978007643,0.012708624424865207
2001-05-10,0.023007886580312862,,0.02833105013233523,0.008298602644337088,0.01098443528300722,0.012584596560015681
2001-05-11,0.022106841524767402,,0.029111021237214908,0.008195587524319621,0.011276654529006263,0.012403501994995753
2001-05-14,0.02105832689070529,,0.0283947830263597,0.008122259862551932,0.011103166759409557,0.012248333039546937
2001-05-15,0.020149654736883082,,0.02841427682123131,0.007994335697358019,0.010972090215883301,0.0122612545789198
2001-05-16,0.01944680282251324,,0.03223306242443925,0.007870911559283216,0.01095974368713962,0.012037252397562028
2001-05-17,0.018655020525719896,,0.039122376770376076,0.008281793479580846,0.013008981152284924,0.011822240708303636
2001-05-18,0.017869153509678236,,0.03759254717819889,0.008224365683295806,0.012850112434774989,0.012101430400389256
2001-05-21,0.02014868724892657,,0.03608846922857528,0.012956301520301796,0.01322957149923867,0.012981452687753811
2001-05-22,0.019252942220854073,,0.03693749638780271,0.012748240445504856,0.01302915481779922,0.013287501725063076
2001-05-23,0.01861584361599682,,0.03535941844132428,0.012459842154058376,0.012800880380019737,0.013360006901645365
2001-05-24,0.017927674628424314,,0.033866316126070675,0.012232627699025216,0.012574508833804433,0.013101960429390207
2001-05-25,0.021521166896328606,,0.0327479720451018,0.01242621677305875,0.012506266396068276,0.01288217059748628
2001-05-29,0.02052110773273788,,0.03198912596198478,0.012182824743810034,0.012422747855442475,0.012646207461941944
2001-05-30,0.019807803722566634,,0.035795457121706314,0.012317954054389048,0.012345949981219278,0.014138669045730816
2001-05-31,0.01898022236196485,,0.03911659932985752,0.013582636616936102,0.01310398170248122,0.013893452638528614
2001-06-01,0.018294595322592273,,0.03777314513170472,0.013269897348130982,0.01291764139981267,0.013708364276910294
2001-06-04,0.018264427370646936,,0.03615771713101414,0.012985539772685163,0.01268000944354471,0.013501741486835053
2001-06-05,0.0176291017164947,,0.036129798575962664,0.012746499114152094,0.013227469278819013,0.013239421356015168
2001-06-06,0.016953527225463217,,0.03712274164112846,0.012467272769549358,0.012968846929678882,0.013240485758655034
2001-06-07,0.0173863429892712,,0.03625142439575163,0.012184812266283603,0.012713326881601629,0.013157235194829022
2001-06-08,0.01669765742062665,,0.03471361038405748,0.011912447187639183,0.012469582582347403,0.012935046530288914
2001-06-11,0.01758585182893644,,0.03477695698312239,0.012929923345504064,0.01236054912523263,0.01379575462832503
2001-06-12,0.01822904024128018,,0.03834805185485374,0.013336684045196091,0.012239276254918097,0.013530094059635685
2001-06-13,0.017524669526624598,,0.03767057882108755,0.013302247160258877,0.012172286723566184,0.013307894477750416
2001-06-14,0.01726555475816777,,0.03853402611605327,0.012996670403368691,0.012113998337495215,0.013105811491911628
2001-06-15,0.016707807562938565,,0.037278565299250666,0.012927238065169391,0.012202606273000993,0.012881683665757053
2001-06-18,0.017156550678442933,,0.03595867849409881,0.013022911511101713,0.012444857981830584,0.012855602260184968
2001-06-19,0.019824084157525557,,0.03456611532106044,0.012750531260844116,0.01225685468366803,0.012615280908473964
2001-06-20,0.01896958690360091,,0.033250005368086144,0.012477883420482592,0.012079249383353538,0.012476396790888808
2001-06-21,0.021578432756538014,,0.03704622367230538,0.012222912564269963,0.01218704135282327,0.012593995196190247
2001-06-22,0.020575162875862838,,0.03545510491924781,0.011948456934860739,0.01201411346639138,0.012496730655758152
2001-06-25,0.019871359356358254,,0.033950335947125126,0.01168640619300204,0.011826265666097211,0.01241627441451798
2001-06-26,0.019571961864024302,,0.040967177327008955,0.011472285766589771,0.01161450304782912,0.012188501343320017
2001-06-27,0.01900410927170326,,0.0394125734527743,0.011367862236922995,0.01169207069561256,0.012006345690515195
2001-06-28,0.024665783637292025,,0.041409501004106446,0.011562858031622339,0.011659453333850765,0.011955813915197679
2001-06-29,0.023446820756073045,,0.04002640866661491,0.011523675121169094,0.011468295025723376,0.012541484760933686
2001-07-02,0.023781117624707405,,0.04188845244372084,0.011310023719785213,0.011266593431413716,0.01235516157137393
2001-07-03,0.02292992863026871,,0.04008443962825924,0.011109347575940263,0.011100794124449745,0.012319371654825542
2001-07-05,0.022076249969457774,,0.03913553076646091,0.010968430824759269,0.011059315240605333,0.012249719064680102
2001-07-06,0.02291337581311708,,0.03795262935420432,0.010922021536078762,0.011031092722813256,0.01223769504213834
2001-07-09,0.02562973971230392,,0.037471526649436385,0.010704669090866384,0.010936774569909036,0.012119183758269031
2001-07-10,0.02537394180654372,,0.036699643071824814,0.010487809016373402,0.010818999787459323,0.011916156090327024
2001-07-11,0.024128160082353786,,0.0371084630477742,0.010275201393364857,0.010702900878432554,0.011959769694828268
2001-07-12,0.023385892839860256,,0.03627770546286451,0.010185435642393848,0.010531230407261238,0.011807889406952175
2001-07-13,0.022568425450473485,,0.035155265911639894,0.010074409041859253,0.010374833535743646,0.01184665142837279
2001-07-16,0.021649841840174867,,0.03733829764017207,0.009876798126109395,0.010433954744805211,0.011648473169527208
2001-07-17,0.02164639966040951,,0.039762464237797855,0.009683495956949631,0.011431639186983,0.01145673252182896
2001-07-18,0.021535978992148794,,0.03913768620037189,0.00953333244035699,0.011407491967485616,0.011663801469608248
2001-07-19,0.022296204139178086,,0.0381983552244013,0.009502952962667297,0.011400107260216239,0.012049649641517318
2001-07-20,0.021391366192455314,,0.039460559854385485,0.009357673057808309,0.011473444176358096,0.012294561619509743
2001-07-23,0.02318679465773413,,0.03776896860641359,0.009185625725597373,0.011271407239102433,0.012157624513599682
2001-07-24,0.022946095859410275,,0.03620515663263181,0.00906059129254596,0.011125374559493148,0.012535203661964112
2001-07-25,0.02193914246360973,,0.03466814802762185,0.008915717965395933,0.010936299184415047,0.012307208679262821
2001-07-26,0.02178556315770755,,0.04436346182532125,0.008901068796373089,0.010850324543209578,0.012088564783461842
2001-07-27,0.02081189715693432,,0.04464164752808119,0.008826592287594,0.01068148355179392,0.01188755474820291
2001-07-30,0.02012130550573821,,0.04280140707297161,0.008711304751732887,0.010564008768433632,0.011826558079515674
2001-07-31,0.01980271491313272,,0.04432652625284228,0.008847826144679698,0.010416776873609188,0.011615905140325077
2001-08-01,0.019248518651417874,,0.04267414001041334,0.00876866070768434,0.010307903148135924,0.011473821479131866
2001-08-02,0.0190366510036427,,0.04560397293187688,0.008655792958354185,0.010156290399565684,0.01137219533903056
2001-08-03,0.021152792473441654,,0.04482028570205515,0.00850427870644651,0.010005477117829484,0.011308485747889624
2001-08-06,0.020209357526464595,,0.048002330989435106,0.008364230968034007,0.009867200362106372,0.011205953638190684
2001-08-07,0.019337971877956918,,0.04616547725807614,0.008252124205991591,0.00990617399505364,0.011179018941404455
2001-08-08,0.0186145370265444,,0.04446176170997233,0.008115592947246635,0.009824510859802557,0.011009311860154396
2001-08-09,0.01844567463783755,,0.04295840920299001,0.00799832478724616,0.009747195836465045,0.011088714150470183
2001-08-10,0.017699098227388396,,0.041850889944578286,0.008893757636401753,0.010251625717372585,0.011084942811694056
2001-08-13,0.017567674720341084,,0.0408614329315441,0.008738647773930013,0.0107730789414141,0.011041558524756334
2001-08-14,0.017090578539812818,,0.0392885562288816,0.008679860098514944,0.010597351424410153,0.010955185681288665
2001-08-15,0.016544168303755477,,0.0387060375840878,0.008535711794157115,0.010831920941200945,0.011056715983782885
2001-08-16,0.01678078866639632,,0.050440032266247596,0.008404432881206975,0.010950296887522087,0.011042208816409368
2001-08-17,0.01620410360518948,,0.0490993348781542,0.00827403344116981,0.011041927296272937,0.011173026949862053
2001-08-20,0.01841540768515961,,0.04716792259925788,0.008669945588910526,0.011412661166934061,0.01250699400450074
2001-08-21,0.01873474345873258,,0.046334263208010616,0.008864248859231165,0.012698679651228012,0.012625671780373071
2001-08-22,0.019457089080417714,,0.044301408014984126,0.008750625841441482,0.012632504618350898,0.012472928823558225
2001-08-23,0.025508827258293683,,0.0532333730170586,0.008596509689810966,0.012420374779449704,0.01235412178951712
2001-08-24,0.024394588804735093,,0.05093345413201678,0.008450139185001333,0.012199737470901442,0.012364084839324004
2001-08-27,0.023377551779620934,,0.04997071800019837,0.008588726576620994,0.012093531664230541,0.012146758398004371
2001-08-28,0.022423483811220835,,0.0512309182634792,0.008439447861542236,0.01188515953680328,0.012454941552389893
2001-08-29,0.022100900217207474,,0.05118875799208313,0.00830107993349314,0.01169281544209467,0.012322140520652742
2001-08-30,0.021110774216211516,,0.049914806919381674,0.008222909253705238,0.01148301162275382,0.012203088083353566
2001-08-31,0.02103126797344047,,0.04814451094173254,0.008178059940628925,0.011367913296037487,0.012672622028513929
2001-09-04,0.02141145837376704,,0.04601205261442022,0.008086223397036409,0.011173904147172344,0.012461690136919367
2001-09-05,0.020682722249662295,,0.044033628418640364,0.008252579401810045,0.011036907892592793,0.012353815365435955
2001-09-06,0.019738636549066463,,0.04274925217902651,0.008119464853509813,0.010857084704867794,0.012144578701393212
2001-09-07,0.020172026428793885,,0.04092255655826386,0.008017901120990333,0.010678314898991147,0.0124226393800762
2001-09-10,0.019892059985558416,,0.03978205047974512,0.007890407644750401,0.010508691674120232,0.012463621699206055
2001-09-17,0.0195844008612891,,0.04033189019984971,0.007861402076823412,0.010362158174693588,0.012234591876280272
2001-09-18,0.022829888391762667,,0.0386802726261711,0.015442110094212768,0.015630073977719684,0.012016476062354654
2001-09-19,0.02511951315048844,,0.041583497724912356,0.01512107310647183,0.015579563427350548,0.01179982457334798
2001-09-20,0.026512890014236085,,0.04331906621783365,0.01494273619346439,0.020273207297901382,0.011610066776254728
2001-09-21,0.02521023211121593,,0.041679147618435185,0.014699322686510754,0.022197545218524673,0.011412011144191396
2001-09-24,0.025128382709872943,,0.04014312342723857,0.014484896806212002,0.022015486562073514,0.01160679499570463
2001-09-25,0.057693193050513854,,0.04815707261776147,0.014232723426334287,0.021499675957850285,0.011478507020978898
2001-09-26,0.05441292828619398,,0.04603609738301146,0.01390325394624583,0.021105389569968575,0.011422194159628713
2001-09-27,0.051870329791466656,,0.04656755228329359,0.013709795835242249,0.0209366610603846,0.011380634049690839
2001-09-28,0.0491098955720968,,0.07671333724785677,0.0134413739042491,0.02044969640365381,0.011244199310379266
2001-10-01,0.047202483174681016,,0.07311247152269058,0.01313460798250654,0.020212096040259944,0.01113158586857998
2001-10-02,0.044546707781457695,,0.06985563444604177,0.012832311744029514,0.01972731994379244,0.01095581413878914
2001-10-03,0.042567674374874895,,0.06705937798414165,0.01265330765198225,0.01927136509330908,0.010775071946202348
2001-10-04,0.04142301361878481,,0.06427980461291216,0.012369898218492485,0.018825903329016444,0.010923578497399273
2001-10-05,0.039814413102001525,,0.062423106417531314,0.012090583633154852,0.018435236389043208,0.010782879163466385
2001-10-08,0.03774057837153093,,0.06432064914031062,0.011833973206488452,0.01804983646606253,0.010691467664806012
2001-10-09,0.035639851768292055,,0.061585749442716636,0.011589645332074582,0.017642936339848495,0.010535387445678706
2001-10-10,0.03366993993146798,,0.06065202112673461,0.01162153385839023,0.018197886828811138,0.010380342284720201
2001-10-11,0.03183243346561779,,0.05893066557280073,0.011611894122771048,0.018631899189668174,0.010223508194787085
2001-10-12,0.03206038402767906,,0.05652853686590527,0.011725151689291415,0.018208077361761416,0.010125650193973889
2001-10-15,0.03252868746496309,,0.05532392498342294,0.011675243429125744,0.01792289478695623,0.010007759014319224
2001-10-16,0.03092162821369399,,0.053194427833391546,0.011612360886653284,0.017935965263762885,0.009863854169414753
2001-10-17,0.029578096439225873,,0.05696041086201276,0.0113578514298979,0.017691751325178286,0.009847697603846751
2001-10-18,0.028159545839837846,,0.05826006798597384,0.011135902393396499,0.017327366979601758,0.009819612174045743
2001-10-19,0.027722294299719685,,0.056178447451909405,0.011345934327691804,0.017788623897121977,0.009956763318331919
2001-10-22,0.027316198711358507,,0.05817696477964348,0.011116070765658521,0.017391709467635297,0.010132363644535562
2001-10-23,0.025927121481416075,,0.05716312795025455,0.011426172887656693,0.017109233696005813,0.00997804500499484
2001-10-24,0.024632862232691805,,0.05627842319996583,0.01118407750130192,0.016721579749955598,0.0099363835090042
2001-10-25,0.024344701579699014,,0.06241635394910581,0.010945692575161087,0.016396023104985957,0.010115860274985117
2001-10-26,0.023615388545680162,,0.05968449693198439,0.01079817911158364,0.016028100070004003,0.010008121629505847
2001-10-29,0.02246118590393041,,0.05784175699877012,0.010570586385652449,0.015672602177534613,0.010339404654292951
2001-10-30,0.021423457491766662,,0.057289735981286,0.01038345322920548,0.015395901433016113,0.010201555788136302
2001-10-31,0.02085105090891485,,0.0546808315742552,0.010223180747497418,0.01509766585079177,0.010199371481262542
2001-11-01,0.022409830035446592,,0.053110858868609466,0.010053985792920297,0.014907134787411435,0.010817542920751055
2001-11-02,0.024580094516714238,,0.05068151328573706,0.00985223671798441,0.014617972499469356,0.010729291637111695
2001-11-05,0.023606880266586857,,0.04853826736624013,0.009657216827450573,0.015232454362213578,0.010790076990064169
2001-11-06,0.022610225116417665,,0.05628583170143462,0.00952522209155136,0.014915372569220202,0.010643582685815863
2001-11-07,0.02159602391714702,,0.05387980170506124,0.009377846309813276,0.014637114052682993,0.010473373588200446
2001-11-08,0.020737731406485098,,0.05142378320439691,0.009242773676159709,0.014334312653905102,0.010819861786791493
2001-11-09,0.025701545816087527,,0.04993418317451907,0.009613043005286492,0.014296940423973671,0.01102163920368371
2001-11-12,0.028716972218910772,,0.047808649961679224,0.009434114408774676,0.013996159249081432,0.013845546245553177
2001-11-13,0.030872458019606964,,0.05005897211742666,0.009273485989421156,0.013858554494190815,0.014679029637523185
2001-11-14,0.02989169705728312,,0.04829167495022988,0.009109718363929133,0.01364891935869864,0.015546939520905577
2001-11-15,0.04101749030236106,,0.048050529313273485,0.008941472653670615,0.01337054922858202,0.015224487362858313
2001-11-16,0.05507875855637837,,0.048117407244104474,0.009024654360721127,0.013216892773600419,0.014980196055236934
2001-11-19,0.05286378825849437,,0.04699401042324958,0.008866959530275057,0.012972745007272886,0.01495571481055896
2001-11-20,0.05011879091189176,,0.04798541136415214,0.008849808141183572,0.012879610747791799,0.014652704165238496
2001-11-21,0.0531509461811966,,0.04626409754151891,0.008692279002206111,0.012635268478348137,0.014659767340700274
2001-11-23,0.050177858113702255,,0.04438902273402812,0.008540348690650276,0.012419962010107359,0.014412660621339682
2001-11-26,0.04728078118536828,,0.04240779832982959,0.008393160786192046,0.012183595938716645,0.014123228895414498
2001-11-27,0.04481371326833203,,0.04253034970166825,0.008267885322896448,0.011962461322116162,0.013958843696946808
2001-11-28,0.044188501733324365,,0.04193623336255275,0.00815396109785586,0.011760330813789887,0.014993769508072994
2001-11-29,0.041902880834379125,,0.05362242122657293,0.008044553382737893,0.012249669275882587,0.014692789038552556
2001-11-30,0.040825163610739935,,0.059401361545755586,0.007933226487825585,0.012328410993702424,0.01465579430891746
2001-12-03,0.04080606358610559,,0.058848572493899416,0.007812545227127208,0.012597831197376943,0.014587502212957975
2001-12-04,0.03983956062267582,,0.056648869825670294,0.007997992428099555,0.012937935280144332,0.015244127642855331
2001-12-05,0.03827645584509404,,0.05467743204958766,0.007961196934024948,0.013261002641584625,0.01499377851988565
2001-12-06,0.03623982528915355,,0.05288511635470981,0.007951453647811526,0.013245229263378788,0.014783746917431275
2001-12-07,0.037778103322342375,,0.05121358829323986,0.007832665708560551,0.013158812800267945,0.014621076240765316
2001-12-10,0.03661031548768167,,0.048881286819251774,0.007718070575586643,0.013010959798789095,0.014723769050266391
2001-12-11,0.036440906188235866,,0.050846646007506366,0.007722644704762567,0.012823104838615571,0.01442647484530205
2001-12-12,0.03480951035534861,,0.04889894995995992,0.007607071399713318,0.012682443137319444,0.014199952194515465
2001-12-13,0.03322587543261426,,0.04759421241909942,0.007582778661973243,0.012453517042826726,0.014263393464453787
2001-12-14,0.03171080584929021,,0.045619952003183355,0.0074724969106363635,0.012259459455028978,0.013979693803362494
2001-12-17,0.03585008620840099,,0.04461417899050663,0.007957215673724326,0.012929883641099725,0.013705647053767818
2001-12-18,0.03389130779948402,,0.04608180590662528,0.007837526873810589,0.012676288976234639,0.013466407384601455
2001-12-19,0.03210527180462248,,0.04414136669150683,0.007956018935542639,0.012737679560582405,0.013452578733691527
2001-12-20,0.0311497002049901,,0.042443191056314424,0.008669165564771984,0.013748042066979155,0.013629389231563309
2001-12-21,0.03070151067656663,,0.041315988362904496,0.008522409616894773,0.014229300450378122,0.013367811498790665
2001-12-24,0.029546698545595974,,0.0454347165544198,0.008496254364859278,0.01439028982567649,0.013234344882010238
2001-12-26,0.02797942950372099,,0.04339919236199134,0.008350727074463372,0.014086076892116878,0.012980100972581454
2001-12-27,0.036707663581236546,,0.04149871105920587,0.008296789363443252,0.014229607994542523,0.012905910857653408
2001-12-28,0.035136783891611956,,0.05589132136345451,0.008350092514382419,0.014422370126917867,0.012876034799783997
2001-12-31,0.034075124495931766,,0.05874647018402184,0.008243221707668679,0.014184270613205669,0.012732087834893118
2002-01-02,0.03347682709541884,,0.06060522070572369,0.00825815028266598,0.014570352854496633,0.013734434717309736
2002-01-03,0.036389331690177155,,0.05916652461033295,0.008121778242205916,0.014497323622240826,0.01346657359407097
2002-01-04,0.03578389482254732,,0.06179213230597238,0.008011918596285863,0.014627210903474203,0.013315058230204768
2002-01-07,0.03861957716446069,,0.05892945394893819,0.00789759521156451,0.014462395547315501,0.013578559820578342
2002-01-08,0.03652366157696322,,0.05620723198141861,0.007780254767995729,0.01418106998887833,0.017850194395315076
2002-01-09,0.03468035284447381,,0.05363142137834604,0.00766364240600368,0.01394568817003515,0.017556195654251282
2002-01-10,0.03670060331052473,,0.051676222110238326,0.008218295408842157,0.014055978546935452,0.017295178044085393
2002-01-11,0.03478610984699677,,0.04967937499114128,0.008496311367204433,0.013771736951465195,0.01718590966406441
2002-01-14,0.03473673682031922,,0.04749113893387885,0.008351809697705983,0.013488844129622573,0.016846317635819532
2002-01-15,0.03535567502523865,,0.04576013061298616,0.008349960685298068,0.015926104357655794,0.016487887806203014
2002-01-16,0.033403346516486236,,0.04403221013405917,0.008248118508597295,0.01569345385987304,0.016258942338125176
2002-01-17,0.03159012819268819,,0.04407378256528632,0.00836245712530441,0.015349754967620867,0.016065678657586218
2002-01-18,0.033103826773405155,,0.04583765055606463,0.008503062191002126,0.016101601596512267,0.015729444189369942
2002-01-22,0.03131131522770394,,0.043861123864300564,0.008418666992541733,0.01654599353863559,0.015667141617665196
2002-01-23,0.03133397196482677,,0.04465755777894402,0.00836847792321898,0.01644091914960762,0.015396445710868643
2002-01-24,0.03298398872179731,,0.04327707610050103,0.008519858900159712,0.016137552626308914,0.015178161183152534
2002-01-25,0.031406406721442987,,0.041416725962471215,0.008384736032274402,0.01578998900236778,0.015002393881172957
2002-01-28,0.030022340533158772,,0.04010562515067566,0.008255534275367656,0.01552761228424045,0.014734422757765313
2002-01-29,0.02842931242235921,,0.04560181685899063,0.008130788541339988,0.015457937075835933,0.014775588411798147
2002-01-30,0.028054507090368865,,0.04540219064774946,0.008302711763305676,0.015297866236651367,0.01448957168227258
2002-01-31,0.027503082275591645,,0.04437778282652226,0.008169721505963045,0.014964077387163406,0.01421229010198884
2002-02-01,0.02659454098718063,,0.04322528133443771,0.008036731327401396,0.01509803745175867,0.01752451424940115
2002-02-04,0.029064456752461398,,0.041331944708213636,0.00838112495302014,0.015498120166365693,0.017165162442632886
2002-02-05,0.028071185737452157,,0.0395726297654082,0.008556584492152984,0.015187045390451712,0.016937887210564287
2002-02-06,0.02660535580377653,,0.03867928728415961,0.010450633086063388,0.01579982055757472,0.016612416127707495
2002-02-07,0.025717190603491643,,0.037428724519351746,0.010249911156591128,0.015536637524915195,0.016292916761064053
2002-02-08,0.0244456412869593,,0.0364824058130669,0.01014623862618317,0.015226751976303526,0.01612581901587247
2002-02-11,0.024862870418702852,,0.03502081599754823,0.010260470372182315,0.015899457215678994,0.015820689477034775
2002-02-12,0.02859585692577127,,0.03636491301512507,0.010334097178585275,0.015677364770733518,0.015589692439546578
2002-02-13,0.02846920339980359,,0.03485753733559575,0.010128217118356053,0.01572374922536249,0.015328988812937268
2002-02-14,0.027605895528494743,,0.03381255658451748,0.009970434952642947,0.015406573753705091,0.015923030700954643
2002-02-15,0.02618440879021376,,0.03377824532803,0.009772263865552381,0.015117944337570875,0.01569984232402418
2002-02-19,0.02516248522214212,,0.03242842445322002,0.009628895717632197,0.014794401164521423,0.015664165498403857
2002-02-20,0.025745031533656627,,0.039671642512628336,0.010144020844700759,0.014867100918724188,0.017170275310443347
2002-02-21,0.02641442949401383,,0.03796206143562801,0.009963798804908582,0.014970988899486882,0.01680640310921905
2002-02-22,0.027961626978062582,,0.03664897987366622,0.009781387475786284,0.01468127975401413,0.016537398741805442
2002-02-25,0.026502711649563023,,0.03509463504823452,0.009589100512751659,0.014411669762056182,0.016752796294177395
2002-02-26,0.027146642667469467,,0.0369310784290809,0.00941282623185937,0.014190889806477303,0.016487817921544884
2002-02-27,0.02933685465818842,,0.03676569355802599,0.009927716907453032,0.014167939515314382,0.016185013161915847
2002-02-28,0.02780952657920527,,0.03552429331810272,0.00981041045948925,0.013872422790833576,0.01625690667823273
2002-03-01,0.02755997775752298,,0.03549650816511722,0.009619171225048838,0.01406303415608317,0.01591441836147075
2002-03-04,0.027082594439606134,,0.03412497510389934,0.009469422920658147,0.014003448586393703,0.01598582893563222
2002-03-05,0.025745661828958842,,0.03527609828161926,0.009338855408407034,0.013834973268689457,0.01590023211996759
2002-03-06,0.026082357234977413,,0.0338545886339115,0.009369665547572709,0.01373719851046708,0.015570971109049743
2002-03-07,0.024756427346893997,,0.03494807793471881,0.009201398434922096,0.013512679910650138,0.015449984951820627
2002-03-08,0.024645739553920017,,0.03881365895468565,0.009364263386679901,0.013471868841431747,0.015142247740098497
2002-03-11,0.023427210378665183,,0.03758345010348532,0.009186813572443032,0.01326051790350227,0.014881257277673705
2002-03-12,0.02301133675945084,,0.04246937880911315,0.009038488738377719,0.013033960786400522,0.014696502670270532
2002-03-13,0.022000132626521708,,0.04058831510625823,0.009034406623574392,0.012791574152465264,0.014458285152349799
2002-03-14,0.020959471148514496,,0.043006897623253125,0.008868907664227545,0.012639850625289844,0.014168636000319455
2002-03-15,0.02061711753848983,,0.04181644123596576,0.00891626813960482,0.012474774054882167,0.013940598118542013
2002-03-18,0.019707133562127447,,0.042182734368883874,0.008796257209054564,0.012241863416143306,0.013763162667250289
2002-03-19,0.020134705415079578,,0.04623498178512753,0.008767999023067373,0.012021460727421655,0.014026243349953928
2002-03-20,0.019232364327527337,,0.04451468095379872,0.00862262518041221,0.011839527572634906,0.013840518615750117
2002-03-21,0.018969955054255944,,0.04430594098869069,0.008490830942765606,0.011633820639944671,0.013627210091987897
2002-03-22,0.02130864901355332,,0.050068185821635,0.008356154327082418,0.011483844970300616,0.01338896713532197
2002-03-25,0.02078938420543718,,0.0483434419772572,0.008777455666568276,0.011389290591660006,0.01366397515792894
2002-03-26,0.020092392969527677,,0.04726083454760644,0.00862114286442042,0.0113662982518188,0.013792942456956152
2002-03-27,0.019826263174538408,,0.04518931216699462,0.008493761701809176,0.011172898489044365,0.013702471110223845
2002-03-28,0.019662487829548842,,0.04451790522667532,0.009174203031593026,0.011837808738757607,0.013550959888633142
2002-04-01,0.019259247550951174,,0.04274135214839116,0.009005698181225461,0.011712790681206446,0.013717750051240976
2002-04-02,0.019831107615460208,,0.04757406397114712,0.008847586879464601,0.011744183509232961,0.013449217248941799
2002-04-03,0.021232121155309293,,0.04634299155325945,0.008866607607212928,0.011741383456606693,0.01318847900026045
2002-04-04,0.02032473876538883,,0.04584298760615596,0.009009347766207284,0.012143557239525024,0.014205396877896572
2002-04-05,0.02203725335131815,,0.045640195464378516,0.008912327182779534,0.012089652619851352,0.014187790452063271
2002-04-08,0.021746581588227353,,0.04414090549178686,0.008783743195952345,0.012067382326672392,0.014177859483482687
2002-04-09,0.021066962070725212,,0.04240854223693719,0.008629689516225333,0.011854356933489194,0.013896547508524162
2002-04-10,0.02211636612322714,,0.042020329188303424,0.008569533716557269,0.011653938252167081,0.013680032001383213
2002-04-11,0.0213942144163365,,0.040276812954585225,0.008639669181858019,0.011936351938893865,0.013442829945218414
2002-04-12,0.024619419878301872,,0.03902890173394079,0.008492917195376523,0.01188745623770735,0.013186361815613485
2002-04-15,0.031220436123109936,,0.03740068341616865,0.008348358973057636,0.01167968098178183,0.013055764494807972
2002-04-16,0.03283534207801001,,0.044576710650163685,0.00834640957632193,0.013477034733767436,0.012811217452681432
2002-04-17,0.03126484298549804,,0.04373096036391597,0.008255304441637886,0.013399973683777433,0.012890004552100013
2002-04-18,0.03238119739882911,,0.044535248522911644,0.008413007962695958,0.013321194239581115,0.012987361009759777
2002-04-19,0.030682988950947326,,0.042735148916105484,0.008418067239424858,0.013268249440351458,0.01300514080655978
2002-04-22,0.029257227803104732,,0.041555035632513455,0.008422820116228044,0.013004227707348638,0.012867116499001137
2002-04-23,0.02774289028731816,,0.0401446781878654,0.008289955950944922,0.012896788900742527,0.012958823781879753
2002-04-24,0.026503609309737382,,0.038395213246202854,0.008175051450864555,0.012710938803577891,0.013169587852570476
2002-04-25,0.025229196546384905,,0.04010795371438159,0.008042619988814198,0.012470919517337817,0.012990741972930417
2002-04-26,0.02410793192219786,,0.03962997564899822,0.008300056746856242,0.012549949197841873,0.012883540842952457
2002-04-29,0.02355983391340359,,0.03810702928485652,0.008471649883408204,0.012403026561689921,0.01276862295761717
2002-04-30,0.02278029092503669,,0.04077269382442977,0.00833348271701445,0.012179426365700886,0.012532745679953286
2002-05-01,0.021865822819468788,,0.042770869784444374,0.008349464663939347,0.01298440432104256,0.01230881229767953
2002-05-02,0.02185883126535189,,0.04108156215879211,0.008209476016488224,0.012729214979860758,0.012394369569798837
2002-05-03,0.021378297487395934,,0.03936070987093949,0.008097213873195213,0.012499990045790076,0.012323518902016195
2002-05-06,0.020819245160159115,,0.03785930561409802,0.00836011555560321,0.012537279902451575,0.012514411324580248
2002-05-07,0.02135702796982151,,0.03803450118265235,0.008252058051870435,0.012296911189756501,0.012568087350183301
2002-05-08,0.0213194652574461,,0.03704257314851592,0.00811792821718885,0.012110408323101896,0.012697555275742504
2002-05-09,0.023999358138946977,,0.035716505042351646,0.008322377135315553,0.012095850459096396,0.012614737502733911
2002-05-10,0.02281998582259527,,0.03425968854263082,0.00822247656995303,0.012050384999702336,0.012402610877005782
2002-05-13,0.021800296079977233,,0.0329573475451074,0.008140685397154106,0.012003891922792614,0.012378898001345456
2002-05-14,0.021688709125131465,,0.03167448310514756,0.008015432233937504,0.01215926054184092,0.012155214891561824
2002-05-15,0.02260292036794615,,0.03092463516779159,0.00821100674177197,0.011932207393198384,0.012139271912301151
2002-05-16,0.02477528055762821,,0.03438021105664905,0.00812307403092633,0.01180085461783075,0.01194556550501962
2002-05-17,0.023696887136218096,,0.03303854018136363,0.008019378059574474,0.011602777098350303,0.012011511100996972
2002-05-20,0.02266290939435043,,0.031888174755646675,0.00790554686477289,0.011417624295710874,0.012146033350502121
2002-05-21,0.021574111423874612,,0.031258499237181964,0.008454757707771644,0.012461145437010965,0.011941245104867947
2002-05-22,0.02483891137767251,,0.031137190201041328,0.008310516134072455,0.012586632963098268,0.011729479032156606
2002-05-23,0.024522858753146276,,0.03037191067839231,0.008285647437123296,0.012351890681645921,0.011524458666451456
2002-05-24,0.023605391703556685,,0.029207228282171805,0.008629017161894171,0.012555693371543719,0.0115441761606405
2002-05-28,0.022712623860880528,,0.02921189319763332,0.008596522330854946,0.012451909367962795,0.011371332927194909
2002-05-29,0.023360092303040002,,0.02872312695328713,0.008724049116749389,0.012228157547870197,0.012298910697279048
2002-05-30,0.02316406696252645,,0.030653562189870552,0.008615634216376854,0.012332408529816376,0.012193433881707755
2002-05-31,0.0255749883698012,,0.03497729313784285,0.008465346225893617,0.012205163133126206,0.011977049823838282
2002-06-03,0.025578551984619825,,0.03349949736008331,0.008339983566916754,0.012240153649760445,0.012244716741081064
2002-06-04,0.024489846180221462,,0.03217481880912561,0.008200301350101963,0.012150230232189136,0.012376442642351253
2002-06-05,0.023375146311849223,,0.031812172221705924,0.008090131348693715,0.012082695078593624,0.01249055241727993
2002-06-06,0.022866989548897643,,0.03115002880462346,0.009037631736846402,0.01430838680738785,0.012287836977132071
2002-06-07,0.021765408058815945,,0.03071152424449895,0.00916585106414391,0.014205446220770074,0.012113768418398006
2002-06-10,0.02091877079062189,,0.029512181415290356,0.008999053486711471,0.013924423383258723,0.011896136613843115
2002-06-11,0.020690765565823013,,0.029102950545446076,0.009643761841647351,0.01398097185445292,0.011683568850280567
2002-06-12,0.01984677686407278,,0.027948551180056055,0.009473878771407193,0.013760346525450693,0.012186731968272748
2002-06-13,0.019986385996469642,,0.02785760024391964,0.009297751140139953,0.013580514490965883,0.01196881059628335
2002-06-14,0.022501838214254916,,0.030540550151702223,0.009289938107511102,0.013840508715810183,0.011771019412391132
2002-06-17,0.02158793148904757,,0.031744013093513795,0.009153718743644092,0.01358505637326511,0.011566329840633247
2002-06-18,0.020729143205269054,,0.030564125393119704,0.009060070897024491,0.01336773327600266,0.011420526371866193
2002-06-19,0.021848476042323386,,0.02992246709546663,0.008961457500634257,0.013136276942632953,0.011227219378925145
2002-06-20,0.020833394207187595,,0.028719103698827738,0.008804196057714308,0.01287567794402715,0.011059788650159039
2002-06-21,0.02019416950731707,,0.029057973006106973,0.008903334306272803,0.012686995102185317,0.01100605517317583
2002-06-24,0.01935944899679359,,0.027965307875353503,0.008781364679991303,0.01246108888805325,0.011058420705917322
2002-06-25,0.02039661263419687,,0.03399874051113836,0.008628822391088841,0.01223494068460687,0.01089788175342751
2002-06-26,0.0195731296986131,,0.03262637387717399,0.008898511288970118,0.012114805698025593,0.010999842923182483
2002-06-27,0.019388765013934314,,0.034862878437383074,0.008738630121348923,0.011923769817649525,0.010822238736216502
2002-06-28,0.01856977476081469,,0.03362318832718421,0.008631863971116562,0.011768814236834114,0.010663877841193808
2002-07-01,0.017787389736947167,,0.03222274280942405,0.00929319005315413,0.011726138562161663,0.011252460597191333
2002-07-02,0.017082701747160107,,0.031302283354654376,0.009121792041864814,0.011618213311014473,0.011060521274684619
2002-07-03,0.016430242222618317,,0.03036678406082456,0.00899418154070982,0.011761685495847735,0.011370586590353416
2002-07-05,0.015819665378584254,,0.029140887720007363,0.008929500137115224,0.011550916647012443,0.011373498604575465
2002-07-08,0.015259980489330732,,0.0281620048629454,0.008767846080392949,0.011345974066638585,0.011177327953200098
2002-07-09,0.017229825950550972,,0.032023392574745964,0.008642712683770861,0.011203781595149415,0.011174271047536787
2002-07-10,0.016553022700302594,,0.031136497827998127,0.008871402795276463,0.011543383570264621,0.010985940923664785
2002-07-11,0.01781429157327381,,0.032637204906448794,0.008767418026983241,0.011344754166094767,0.010837317544483367
2002-07-12,0.01709898694174493,,0.031500050710496226,0.008753433192525875,0.011297924529191136,0.010842469337815979
2002-07-15,0.01797674261153598,,0.030573239924752325,0.008670080749972161,0.01116297266238948,0.010802171037111596
2002-07-16,0.017899243554800895,,0.029336257970759685,0.008888277514432491,0.011232057055787488,0.010765908509632416
2002-07-17,0.018808326497966116,,0.029370220090218727,0.008878642025784958,0.01163419147153443,0.010678165002795876
2002-07-18,0.018054036498882427,,0.02830183531201907,0.008718812402634373,0.011495840403946895,0.01072607347944613
2002-07-19,0.017704201183565603,,0.029154442060450703,0.008571013783013642,0.01129292785504251,0.010602273476039021
2002-07-22,0.017218314445807934,,0.028017012722935934,0.009498029906782064,0.011555830250076872,0.011101098097549809
2002-07-23,0.021981559095851262,,0.026954974378640566,0.00931917497344984,0.011429648147372183,0.01162884080610576
2002-07-24,0.0212555184137209,,0.026625944170772128,0.011615146485330647,0.013324872574495255,0.011650169917757098
2002-07-25,0.02128376829474797,,0.02990376535812944,0.01139313009193601,0.01309010777561529,0.011450170737583944
2002-07-26,0.020339878549938236,,0.032059860664514155,0.011210190383806686,0.012831110719314576,0.011379578362595323
2002-07-29,0.019636875803507047,,0.0309252345797796,0.011815009317376413,0.015424281422341521,0.011183211671295884
2002-07-30,0.018771555793891167,,0.029930463894809578,0.011573771545616778,0.015134733079108969,0.011245629932800965
2002-07-31,0.020254394672073267,,0.030051404564066256,0.011345174713859431,0.01483289690902581,0.011206916188863714
2002-08-01,0.01977787088370125,,0.029540108188836043,0.011106797314974725,0.014802512475527885,0.011573279469359665
2002-08-02,0.02004701279152415,,0.030691246589723335,0.010879286641112831,0.014503713184601898,0.011448957104701372
2002-08-05,0.01961040421473509,,0.02948748234480863,0.010828731907513852,0.014203487233886815,0.011291175395638882
2002-08-06,0.019026867733714273,,0.03500238584884635,0.010610538958415565,0.014037262822534924,0.011531182771128945
2002-08-07,0.01942841696318764,,0.033895602936263335,0.01051509655536427,0.013779891504911887,0.011377958254287356
2002-08-08,0.020256791277786252,,0.03309129933015856,0.011824126869667495,0.013817601675932847,0.011255104284088921
2002-08-09,0.01943302736988022,,0.03306692101839963,0.01186305944609696,0.013650406354892841,0.01112765797806093
2002-08-12,0.018698750118832215,,0.03173147023323601,0.011856194099620274,0.013457081918054331,0.010975135906701855
2002-08-13,0.021224830711399027,,0.03717659982767203,0.011594179386969675,0.013700685747384575,0.010792421273123125
2002-08-14,0.020242376128460388,,0.03558720136254564,0.011340000021860148,0.013435411978971069,0.010635576296057169
2002-08-15,0.019512256247345885,,0.03473399790500571,0.011217183027958795,0.014483029190785448,0.010608598264086827
2002-08-16,0.021119083461326037,,0.04006021468132575,0.011089400675174528,0.014229112858673638,0.011061855744469697
2002-08-19,0.02033011702438563,,0.03832582252699096,0.010861921282882785,0.01393860096869908,0.011038134636314291
2002-08-20,0.020118748849588423,,0.03892918121691138,0.011842077883438355,0.01435025464053174,0.010852854235975443
2002-08-21,0.019402785401768777,,0.03901965468091001,0.011711333407466908,0.014138076698686908,0.010879884374871685
2002-08-22,0.020822675093593843,,0.03863647536377794,0.01148173360619569,0.013869795797176374,0.01092203088878645
2002-08-23,0.02037788493645695,,0.04264809649591785,0.011255800904132546,0.013767225129880932,0.011079318575982811
2002-08-26,0.019505386226357044,,0.040834656917183375,0.01101284185382897,0.013650394751026316,0.01089577822012206
2002-08-27,0.0195400307708053,,0.04053778655187374,0.010918598322870015,0.013391605306501141,0.010763572001637656
2002-08-28,0.01935830710599228,,0.040418524012374404,0.010848173708340125,0.013512499517067322,0.010587325697105656
2002-08-29,0.019341278580041477,,0.04240067984631816,0.010805640083586587,0.013240634376888332,0.010533192289821317
2002-08-30,0.019522657309923783,,0.04068268735465897,0.010816705567075043,0.013069610114754835,0.01036786341946133
2002-09-03,0.018672273326869805,,0.03911411925281168,0.010596021735686568,0.013575591448096079,0.010241749682287698
2002-09-04,0.02236863243441508,,0.040480761819932404,0.01039224296099745,0.013325222911595087,0.01079892353704867
2002-09-05,0.021937543661712616,,0.03912257948227856,0.010220000398029783,0.013068078670931025,0.010633452843559545
2002-09-06,0.022266670926867082,,0.039823296950892845,0.010228043806933627,0.013044305352276844,0.010582361298275047
2002-09-09,0.022219645112015886,,0.03874086435404428,0.010073239286904213,0.012787032192698094,0.01057004807196368
2002-09-10,0.0211913408957018,,0.03895370309643579,0.009905821399939315,0.012957221936895762,0.011349087879871269
2002-09-11,0.020210102083709727,,0.03746486048892468,0.009971063541962111,0.01274859749103801,0.011662108130021904
2002-09-12,0.01930300421877733,,0.03715398114411188,0.009814809050270901,0.012523156791684451,0.011474326162381572
2002-09-13,0.02104734648761442,,0.036262058886163406,0.009726855299688612,0.012475439032310322,0.011285459940753244
2002-09-16,0.022513148894284973,,0.03676804774624521,0.009664181414577424,0.012344631549903819,0.011198657067134252
2002-09-17,0.02149872729111043,,0.035348257415660986,0.009479307896883454,0.012113748045088947,0.011515153124929645
2002-09-18,0.021508373168147833,,0.03674836017242574,0.009298446779303374,0.011964967739133183,0.01131602770089102
2002-09-19,0.020919294625319988,,0.03620893854620214,0.009401254657022183,0.011917450268593786,0.011595472175257679
2002-09-20,0.019957542476535767,,0.03506811701433334,0.009302480570325612,0.011737397707836758,0.011393807424676548
2002-09-23,0.019378413532786232,,0.034486108080475766,0.009141698949312488,0.011536324714971031,0.01131962705824763
2002-09-24,0.020569239381155263,,0.03716125414152665,0.008994682208960974,0.011332465654621681,0.011217305631159427
2002-09-25,0.019638609050395547,,0.040091495496406074,0.009008465614001215,0.011184199899736385,0.011141732941788489
2002-09-26,0.018833766533505082,,0.043588746664217505,0.0091721632710456,0.011506271223679577,0.011037332502192238
2002-09-27,0.018210209187024,,0.044618615239857336,0.009093802083676952,0.01187728998424173,0.010867431337768492
2002-09-30,0.01749493768156236,,0.05077164222574159,0.008937548545869112,0.011695758573597384,0.011289661413006087
2002-10-01,0.01682059042500168,,0.04899128320087628,0.009162172938328527,0.01167778624374876,0.011097915078195394
2002-10-02,0.016560982727971806,,0.04708935227540147,0.009210478720571368,0.011851278003259979,0.010978233242202635
2002-10-03,0.016357891235699674,,0.0454655310937577,0.00904392176470155,0.011635349202219319,0.010924223585231412
2002-10-04,0.017595231892014732,,0.05480728160174943,0.008883803043788602,0.011427304070529998,0.011004912182973415
2002-10-07,0.016970603288451635,,0.052303133743823116,0.008742520992163647,0.011229335425672934,0.010992880980007976
2002-10-08,0.01631470446272199,,0.049914577801948655,0.0085897642995455,0.011193140718528257,0.010847115333714219
2002-10-09,0.015825142003945702,,0.048598473238767835,0.0087922784150635,0.011678456901092838,0.010668108348141685
2002-10-10,0.015344503863459789,,0.046592316885452206,0.008676235569376543,0.011530917178039717,0.010496850905557941
2002-10-11,0.015433889309564186,,0.04505914255984842,0.008775404094837728,0.011820878885575656,0.010586106774388492
2002-10-14,0.015477982808850004,,0.049245681989287256,0.00862147192628943,0.011745229931521977,0.011045927166045693
2002-10-15,0.01644620224709146,,0.048303831657887916,0.008519835441521087,0.01154551827954541,0.01149328212637979
2002-10-16,0.016205721141676708,,0.046297015704719995,0.009069299934994484,0.011359797169616914,0.011416170708482734
2002-10-17,0.01586963293074246,,0.04424289436766258,0.00894340697805047,0.01141735431112439,0.011230028655019644
2002-10-18,0.015371985000794086,,0.04256206659812566,0.008935988790316816,0.011292265927048697,0.012906334946816565
2002-10-21,0.014854407468673853,,0.0409060358307218,0.008798713912328516,0.011138294324406923,0.012723499399047666
2002-10-22,0.01971485989858066,,0.039561684980727506,0.008733545932166803,0.010956968848916747,0.012903917962375368
2002-10-23,0.01958613628026662,,0.03793643691242588,0.008680664213511192,0.011195518940635368,0.012792330073161022
2002-10-24,0.018927290280287293,,0.03763660369064236,0.008559225264749051,0.011007048508405488,0.012576628912967307
2002-10-25,0.018116410860982594,,0.03717055936093486,0.008462640721658608,0.011065861568906286,0.012594394104245343
2002-10-28,0.02190429974133583,,0.036425222483338356,0.008494724104515712,0.011114603510283925,0.012807481210093783
2002-10-29,0.021034321380528298,,0.03648812147470006,0.00842342684273032,0.010928446518752587,0.012570655642589497
2002-10-30,0.020726067589988125,,0.03512222335715464,0.008427422670564034,0.011807399792536599,0.012568673531198709
2002-10-31,0.019793258770213998,,0.03838603532701594,0.008327917708430077,0.011650750094987639,0.012339387442792346
2002-11-01,0.019474855829888605,,0.040266576829694437,0.00823896574065935,0.011483792962825088,0.012735461952203375
2002-11-04,0.018661666645284732,,0.039156963638318894,0.008115521156010023,0.011306928192626487,0.012787128758628532
2002-11-05,0.018015824829810467,,0.04037059860780213,0.00799392752332408,0.011112234519860195,0.012564689386607155
2002-11-06,0.019875892704578985,,0.038627104153114274,0.007868496586643368,0.010930256898880442,0.012363989693275613
2002-11-07,0.01956095489113119,,0.037023685482983654,0.007764578804744038,0.01076593723410627,0.012216149963743157
2002-11-08,0.019357334459121828,,0.035481789383192686,0.007874487752316597,0.011091447833523798,0.012718095215600403
2002-11-11,0.019119855639041738,,0.034415098556382445,0.007765521567740412,0.010940750199537047,0.012479978135717456
2002-11-12,0.018381127845075694,,0.03441769837224818,0.0076490916015765804,0.010933120628251101,0.012329861813142077
2002-11-13,0.017624992780961694,,0.03376387206682199,0.007809504915188928,0.010835294614982116,0.01210339826827599
2002-11-14,0.01914593150429765,,0.032348612638845683,0.008579147331310339,0.010836927818250937,0.011930970546297269
2002-11-15,0.018350096120963957,,0.03101822445597976,0.008450767519477004,0.010659011539703032,0.011812892401563673
2002-11-18,0.01777089881182935,,0.03094126937834875,0.008488484855066453,0.010519156918405484,0.011749958531405121
2002-11-19,0.02230212861825434,,0.03607490690162784,0.008407446305858553,0.010521816987125631,0.011886695204715636
2002-11-20,0.021545993075029454,,0.03453381051649858,0.008277676526574754,0.01036657805528268,0.011678686524849057
2002-11-21,0.02153189844617955,,0.033080643422863425,0.00818440497086707,0.010224430123945716,0.011958187543585339
2002-11-22,0.021903376311433007,,0.03239926528728604,0.008050757944824984,0.010608153118988708,0.011745754340564263
2002-11-25,0.021395139737462213,,0.031723176913678076,0.008188815094578205,0.011074088116972448,0.011583541071625564
2002-11-26,0.0218934642339961,,0.030419017834104084,0.008287259799977333,0.011429480912375776,0.011380984566890372
2002-11-27,0.021123170147576475,,0.030477725588984234,0.008150474794615843,0.011391830161373448,0.01139407876993329
2002-11-29,0.02092323551156215,,0.02954763405436476,0.00804462550138672,0.011235028385277396,0.012646071222622578
2002-12-02,0.019961873272334694,,0.02836549934843267,0.007916385457922908,0.011041797846066936,0.012409809074871835
2002-12-03,0.01947082986718471,,0.028510222693873075,0.007806056496941407,0.010862725860841058,0.012327234979690389
2002-12-04,0.01862551534909776,,0.02820018521100508,0.00785568459568737,0.01199898841724951,0.01214267511235278
2002-12-05,0.019107289203483556,,0.027549577094857072,0.007830308259818928,0.011850143572464106,0.011922059771013113
2002-12-06,0.019367141427090118,,0.027470100285052174,0.007873574779219676,0.01202586097038634,0.0122698320566862
2002-12-09,0.019031591519636137,,0.026455491138141073,0.007802154574036317,0.011812786656929692,0.012045572539377058
2002-12-10,0.018581329278385576,,0.025470470214848395,0.007692809011287743,0.01170291797019014,0.012172081058890465
2002-12-11,0.018617965682210205,,0.030390993128945984,0.007732102887746402,0.01149838600026259,0.012085771200124766
2002-12-12,0.01831611034773973,,0.029482930485053526,0.00765387262956386,0.011363059885875137,0.011871308177640278
2002-12-13,0.018479476261318593,,0.03705461113123252,0.00858189689266589,0.01232281223665821,0.011693284307320225
2002-12-16,0.01858878721561716,,0.0370020328931536,0.0084983890911257,0.012238898681755863,0.011780736887326887
2002-12-17,0.02516257517827839,,0.03554833867861842,0.008658030755116904,0.012009491766493517,0.011576159610630268
2002-12-18,0.02389605765281016,,0.034533594409596705,0.008508003070790299,0.012157577734840273,0.011380081594134733
2002-12-19,0.022968854439329674,,0.033140122463297686,0.008816886276621066,0.011988988272456914,0.011347080355001355
2002-12-20,0.021883708531354604,,0.034537107843985095,0.00893891332095971,0.012104342495043467,0.011233274773077824
2002-12-23,0.021048082613164126,,0.03417845924400671,0.009385937504875638,0.012718868365043387,0.011068584241140609
2002-12-24,0.024836923496552407,,0.03307688629831652,0.009598062204108847,0.01251935911793096,0.010904033910555838
2002-12-26,0.023678475363853937,,0.031754517868175416,0.009459744016835832,0.012280710489479697,0.011257222203191588
2002-12-27,0.02305062037391648,,0.03247655997278875,0.00935356282823421,0.012219635428319166,0.011215017186369471
2002-12-30,0.02202988099699216,,0.031133080284144344,0.009176896224447223,0.012003129317468924,0.011069427585788955
2002-12-31,0.02495588435639828,,0.03168014076355242,0.009675484882273449,0.012022567411860524,0.010884716699960504
2003-01-02,0.023778505663768046,,0.030388652175583997,0.009797652590260539,0.013488888255744774,0.01072342655955094
2003-01-03,0.02348500906862473,,0.04016866968759301,0.009652799965717461,0.013224440223716338,0.011663848192689072
2003-01-06,0.025271195214967176,,0.038756885005921414,0.009917049899559072,0.013466838330873775,0.01200251368080276
2003-01-07,0.025878135369493384,,0.04420131356159798,0.009722387747822492,0.013197382730876998,0.011997066389351886
2003-01-08,0.02666815195358597,,0.043739073607552845,0.009900277082907109,0.013655948949663498,0.011814851716060299
2003-01-09,0.025889607323923966,,0.04183427245217805,0.010431988015988703,0.013587398247958333,0.011967883181373403
2003-01-10,0.028430483197209044,,0.04080415659098345,0.010225484066432833,0.013322438619713701,0.011802024286851818
2003-01-13,0.027133810124821234,,0.04012241985688313,0.010037490170504239,0.013071831549587127,0.011719563181800936
2003-01-14,0.026326134414420842,,0.03885548872563904,0.009836111851957516,0.012893558233651445,0.011720164512601999
2003-01-15,0.02499447926699535,,0.038118203130005295,0.009781941442283166,0.013117916813984241,0.01171628845188178
2003-01-16,0.025000591027120714,,0.040829460415847715,0.0096256408865004,0.012875346952626241,0.011585794018011287
2003-01-17,0.024110566825825703,,0.04071887485708776,0.010260604107983597,0.012876157376239712,0.011439633132000259
2003-01-21,0.023020122887834928,,0.039384801212191275,0.010076151694447888,0.012678240446451206,0.011264992561173151
2003-01-22,0.022791545900670798,,0.03810309585302952,0.00987908058285351,0.012440801078165267,0.011429905926734131
2003-01-23,0.027368356267603308,,0.0386723987991107,0.009772381649046664,0.012270485891187457,0.011280295231456428
2003-01-24,0.026634105785855428,,0.03949425938194506,0.009947030262268458,0.01237131953749201,0.011110419967369547
2003-01-27,0.027090898733488914,,0.03818583464177931,0.00995636299544644,0.012980981579087779,0.010931960547042594
2003-01-28,0.027470026268799134,,0.03722559764625383,0.009776452926885903,0.012933663479443035,0.011008061717545717
2003-01-29,0.026281573571931918,,0.03571415616928165,0.009587831474333352,0.012809822789139638,0.010870501747997323
2003-01-30,0.026508987937540796,,0.03611044939443747,0.00964473835547635,0.012916507138495438,0.010995118226276468
2003-01-31,0.02521936946794885,,0.03482374308415615,0.00953638988559898,0.012988529652764445,0.012777308382641921
2003-02-03,0.024183581311840598,,0.03336707288444012,0.00935553538381643,0.012741000869231044,0.01256787233270781
2003-02-04,0.024127039623445406,,0.033063896408245655,0.00927435262869063,0.012547719453963355,0.0124089125468888
2003-02-05,0.024176004493814723,,0.03168721532653379,0.010134472900500437,0.012875533971673372,0.012421753784331713
2003-02-06,0.023187904174257548,,0.031037363742476204,0.010041350473047148,0.014401359519801364,0.012193628787321715
2003-02-07,0.0221481686030043,,0.03126813552513179,0.01046515091611411,0.014702234998505427,0.012344395094903895
2003-02-10,0.02278155223899343,,0.031876918701924446,0.010250476845868798,0.014446948286083354,0.012183688869375693
2003-02-11,0.02249587550493864,,0.03208768947473903,0.010656858989847947,0.014347854358212899,0.012421840027996775
2003-02-12,0.023050680461466907,,0.031394373686760325,0.0104611776806526,0.014122416923972182,0.012192516077090767
2003-02-13,0.022106520778122463,,0.031703815995006594,0.011774011403341732,0.01417346607683354,0.012022654547624469
2003-02-14,0.021644336804487296,,0.030499388839732064,0.011833465215465657,0.013934300470996914,0.013154226658954238
2003-02-18,0.02094693890027623,,0.02980701050701119,0.012027252315717621,0.013645680016820491,0.013003659878973749
2003-02-19,0.020019209593404277,,0.028763934146987382,0.012644785882014748,0.013401484976259677,0.013527994344314231
2003-02-20,0.019186487286445876,,0.029753732227214974,0.012797939223685077,0.0135850890734894,0.013349654546763118
2003-02-21,0.018656500272484874,,0.028588038352258375,0.012635942471807451,0.013424155709241539,0.013210803505199029
2003-02-24,0.020853213642808975,,0.03458773320468025,0.012375873303885461,0.013153310574297061,0.014686172504415425
2003-02-25,0.021346749748103307,,0.10285172173976821,0.012364821702971717,0.01310579801303149,0.014559798958646352
2003-02-26,0.020711517370497652,,0.09895574408910937,0.012322697013747629,0.013312716566833409,0.014375831721580152
2003-02-27,0.02416560055554592,,0.0953394815828135,0.012080440897882145,0.013064052051347707,0.014736902659635419
2003-02-28,0.02338553977707314,,0.10884621244074351,0.012726697963328275,0.013594249288245925,0.014560304486620664
2003-03-03,0.022870645091856868,,0.10632999510412841,0.012659558059367037,0.013366872111677747,0.014691171052074768
2003-03-04,0.022704061990646368,,0.10787373620823681,0.012388341326113723,0.013546191196265116,0.01476493350884455
2003-03-05,0.023265088217126518,,0.10286089395825078,0.012322890023688509,0.01327055065628497,0.014740849093076483
2003-03-06,0.02221294298240872,,0.09796522331016705,0.012045572683299857,0.013114773886481397,0.015130391648589698
2003-03-07,0.02130231603047702,,0.09362945107583305,0.01196062467953583,0.012987498921615133,0.015032918769480583
2003-03-10,0.021305911118954288,,0.08935839319085759,0.012230168455363283,0.012750398681388745,0.015278670727596675
2003-03-11,0.0208018186284166,,0.08758814745599797,0.012159735847620345,0.012508672969555757,0.015459134019280682
2003-03-12,0.020438788694300408,,0.08792110230869675,0.012154337591740902,0.01227780868307063,0.01533366539527477
2003-03-13,0.021595772024455933,,0.08385651381635077,0.012130804805668947,0.012335168508468976,0.015204731644982407
2003-03-14,0.02593288871548803,,0.08439673430550024,0.013524528026185709,0.012962825626802336,0.014947909167316212
2003-03-17,0.025276206034765124,,0.08049167882959184,0.013211598307211952,0.012707503838497669,0.014651760860248
2003-03-18,0.024369574017773996,,0.07680672311393984,0.012908633896775165,0.013212597676850697,0.01512364725021313
2003-03-19,0.038835910422077624,,0.07379430360605918,0.012614071259122865,0.012964039889182386,0.01495952738974084
2003-03-20,0.04109887487655741,,0.07041665468766257,0.012366425265132694,0.012894132960699101,0.015063571585306476
2003-03-21,0.04119718627580088,,0.06713353013621069,0.012259540480659374,0.012641217803934394,0.014939991788838597
2003-03-24,0.04351049417688647,,0.06490969218811928,0.012767733771603338,0.012796960957644675,0.01490006016054568
2003-03-25,0.04554686788152213,,0.06235233368836851,0.012658122450645449,0.012564093216040873,0.014852215521190926
2003-03-26,0.04365864881018387,,0.06035162675735359,0.012392707655087674,0.012397510438133984,0.014558483436068283
2003-03-27,0.04179906034876352,,0.05756576039150565,0.012164700362191251,0.012164260239074333,0.015157146178938138
2003-03-28,0.04355553272452012,,0.05498050623823819,0.011940236133004802,0.011940071133822743,0.015895195075789913
2003-03-31,0.041144134852240895,,0.05245588435624273,0.011674893739495549,0.011918134212046854,0.015597688450502476
2003-04-01,0.03983230207505852,,0.0503262383815402,0.012243116118862685,0.011807193233774873,0.015741290121777003
2003-04-02,0.03986881604867282,,0.04818424605204302,0.012014312335771134,0.011679487870597414,0.015676525682249986
2003-04-03,0.039942322676218465,,0.04615083990147561,0.012123480508717512,0.011607634140221226,0.015436968247865017
2003-04-04,0.037942444385011445,,0.044968888515072025,0.012236242384393338,0.011413420705609365,0.015303674417728598
2003-04-07,0.0360468201180056,,0.042979099864695246,0.01196251356144088,0.011213866570330057,0.01512164015934128
2003-04-08,0.03487734283624224,,0.04260115363298296,0.011960766679301973,0.01102824220346229,0.015139334804339464
2003-04-09,0.0329574495234883,,0.04074563915741396,0.01170078810508542,0.01118406636078246,0.014951439949702851
2003-04-10,0.03251851421609568,,0.03927257429729775,0.011635135597367197,0.010995198781180724,0.014674475578056036
2003-04-11,0.03457259764067967,,0.03961985052713139,0.011397028479810965,0.010816065765832248,0.014427814800047815
2003-04-14,0.03353699670946345,,0.03789256414565317,0.011170749429404443,0.01063946134087621,0.014483439400149034
2003-04-15,0.03214244280866354,,0.037050398279520176,0.011194941415751036,0.010699088391714864,0.01419568925332554
2003-04-16,0.03120611165526653,,0.0358540493828944,0.010960538538911775,0.010553159883306008,0.014167501176153898
2003-04-17,0.029558543343998874,,0.03434413166559376,0.010739316798070742,0.010557974260135572,0.013885309099110368
2003-04-21,0.031453380098217104,,0.032934434285244917,0.01054560406561466,0.010418468984115904,0.013635451164595606
2003-04-22,0.029921789066974628,,0.031563553573603326,0.011031681574049016,0.010745652547485662,0.013593757525563325
2003-04-23,0.030098360946487906,,0.030494191013364143,0.01080731525452528,0.010992239425296,0.01346494747399113
2003-04-24,0.04645521620749489,,0.02955581300036075,0.010743763712407935,0.010903037148869756,0.013209457854907816
2003-04-25,0.043793024126558194,,0.028860218224885062,0.010703255492130793,0.010763984090613733,0.013169295112004249
2003-04-28,0.04156696225985803,,0.0277170043647439,0.010520609532577547,0.010607932462433552,0.01291702474532151
2003-04-29,0.04036939401541728,,0.03344213364803936,0.010320710347133532,0.010741720612466863,0.012674827899205805
2003-04-30,0.03823492137678829,,0.03268955265782791,0.010125142822831643,0.01067053401478321,0.01264381167498979
2003-05-01,0.03672591682270667,,0.03242491144815584,0.01044112988490656,0.011365352384779488,0.012413661834413838
2003-05-02,0.034784626101872836,,0.031810841022537326,0.010375277202348633,0.012592811855415139,0.012185933107268308
2003-05-05,0.03318686236746965,,0.03051195492888366,0.010188668160384655,0.012395584695581677,0.012285178839276606
2003-05-06,0.0328655249897448,,0.038604002625190745,0.010007818778939487,0.012187778981043097,0.01206955595832409
2003-05-07,0.03249784724203041,,0.03777187914657438,0.009807495993853997,0.011980961578368915,0.011953081984769878
2003-05-08,0.03132159192157394,,0.03646074918865809,0.009623725101874014,0.012073932739815819,0.012183530319522722
2003-05-09,0.030899920228391036,,0.035376597494152395,0.010184866018384016,0.012175108132289775,0.012057819869209644
2003-05-12,0.030421757228524103,,0.03391340622053432,0.009978380059094176,0.011947974183815855,0.011855428355041995
2003-05-13,0.02913294084663698,,0.03369653225433438,0.009926632627045514,0.012212589668075693,0.012234097345941074
2003-05-14,0.030444003735430877,,0.0359538414509164,0.009781588590548071,0.01218069951381702,0.012485940395516724
2003-05-15,0.029697614682931587,,0.03441892881026847,0.009675146425848644,0.012169837249864474,0.012295562225969036
2003-05-16,0.02853833526299559,,0.034161324069313534,0.009486977149305515,0.012684040642208804,0.012070474805215146
2003-05-19,0.027363459675157187,,0.03272758019154322,0.009377052761111927,0.012446484620249285,0.011852437152220422
2003-05-20,0.02618642965349904,,0.031830809654941665,0.010669084165943145,0.012286722528550233,0.01166708839007467
2003-05-21,0.025294286379965166,,0.030582578336034113,0.010505962697836733,0.012263502283534632,0.011462823621947721
2003-05-22,0.024190518122060748,,0.030137286973809827,0.010753594259842571,0.012236986796468254,0.011440514738723874
2003-05-23,0.023091113246831142,,0.03004105905573449,0.010765432108959909,0.012379639484347685,0.011274774564218423
2003-05-27,0.02220425988695848,,0.029115560715693448,0.010543954782461786,0.012166967068363219,0.011083146826133585
2003-05-28,0.02123182576102696,,0.030165689070120818,0.010344242817833513,0.011979726433766404,0.011284876722625263
2003-05-29,0.021991321103399374,,0.029051383916565577,0.01024810806415386,0.01178035549239902,0.011308191835595298
2003-05-30,0.021669473574827767,,0.02852801734038576,0.01032487037154483,0.012005330653636659,0.011140779034842778
2003-06-02,0.021201060955107334,,0.028811588710539814,0.010533668512947321,0.011965197223526292,0.011267137926843312
2003-06-03,0.02346402311633494,,0.028696875252863373,0.010344661107992127,0.011811564660462893,0.011244943320734365
2003-06-04,0.02232461587614152,,0.02768077234271776,0.01014594793858209,0.011597826637731137,0.011173121738984281
2003-06-05,0.02227051906474585,,0.02661206685503678,0.010060479851546969,0.011402631811393114,0.011026712568590754
2003-06-06,0.022338955503068508,,0.026700853109403497,0.010405400891447187,0.011203166182073343,0.010852923674953297
2003-06-09,0.02193293003949743,,0.025724923668576705,0.010579395615376942,0.011220269866915489,0.0106740362005632
2003-06-10,0.02095347171268885,,0.026453632714235457,0.010423203634287446,0.011109489469509366,0.01103888519471348
2003-06-11,0.02016194404723391,,0.02545789764092811,0.011661358815068064,0.011181819157559876,0.010887291638788049
2003-06-12,0.02018506053039371,,0.02517017611520874,0.011556076529079721,0.011089460948466412,0.010707293557694017
2003-06-13,0.021107064052372344,,0.03838853731343001,0.011383948557942218,0.01090669953842956,0.010744790063343945
2003-06-16,0.022022180910361643,,0.03679444356945276,0.011290446191919143,0.011259561483937428,0.011201125123545297
2003-06-17,0.021627244872799534,,0.035247462299291016,0.01112498358285562,0.011207949593023877,0.011011907260551637
2003-06-18,0.020653450339586987,,0.033750906259288636,0.011135055466274375,0.01101629730744997,0.012086921473598373
2003-06-19,0.02108515771633308,,0.03310227578980929,0.011449906973784212,0.011104937283195086,0.011898030772792525
2003-06-20,0.020579913953505762,,0.03683349619795961,0.011433165440081858,0.010931469667391912,0.011730206159881922
2003-06-23,0.021518370825715602,,0.03595323971080632,0.011567861396129104,0.010948268129919794,0.011704021715662316
2003-06-24,0.02701698433076861,,0.034539225189782044,0.011489124148470094,0.010863990901437652,0.011659166753728443
2003-06-25,0.026001461297474653,,0.03421742610341285,0.01194131405842615,0.010895131949964982,0.011456065765987188
2003-06-26,0.027633994488940578,,0.03291810373604074,0.01180141008110822,0.010989252044998888,0.011562106787891465
2003-06-27,0.028134313384566824,,0.04057347386330745,0.012001491257983738,0.011003288316486795,0.011507363621712048
2003-06-30,0.02679379858099178,,0.03898873784287285,0.011755581885158241,0.010845213225163053,0.011403007563732678
2003-07-01,0.027174218260834514,,0.03738421988907277,0.011503429366246603,0.010965570005109728,0.011458998810470135
2003-07-02,0.025846960798320294,,0.03617375282132428,0.011681706325694954,0.010813150789249399,0.011275949267636658
2003-07-03,0.024689553746710467,,0.03529892716162409,0.011425352335701133,0.011021390841663948,0.011448297256091144
2003-07-07,0.023604909156589558,,0.033830379952628054,0.011179449160874561,0.011073762197669718,0.011596164891313326
2003-07-08,0.022675058105207726,,0.033557450076805856,0.011083938841051084,0.011099529221538314,0.01263584508296831
2003-07-09,0.021598545402114856,,0.03283260284340079,0.01112255065905125,0.010917330525412404,0.012407986659061636
2003-07-10,0.021638952305208466,,0.031478031933842375,0.010890313609578161,0.01136185897784401,0.012592443792370728
2003-07-11,0.020691400995307103,,0.03359412357935885,0.010665449665337839,0.01117058995740841,0.012358108934610125
2003-07-14,0.019854012101887933,,0.03276257788042361,0.010444934114522998,0.010990256528839046,0.012138820349825006
2003-07-15,0.01897407705747799,,0.03155888122919384,0.010364127393001047,0.010813176334703762,0.012824228883144715
2003-07-16,0.018466194625207388,,0.03067057354183923,0.010715353075975247,0.012507694254043182,0.012629878327454403
2003-07-17,0.01865766726730607,,0.029899054895208985,0.010504247516884106,0.01227024018340255,0.012397814757401855
2003-07-18,0.018202805820987225,,0.029513868964400433,0.010303807011335939,0.012056917023669875,0.012525475845024529
2003-07-21,0.018242061894695426,,0.02850211650787597,0.010240032466918212,0.012104601420537122,0.012360630372214637
2003-07-22,0.01759380825333085,,0.028089073867965032,0.010254438473428018,0.011915531873384259,0.012434116835319023
2003-07-23,0.0235496407060662,,0.030652613975307913,0.010048420945322595,0.011843595140824366,0.012255855321409801
2003-07-24,0.02310282179168175,,0.029410755322610456,0.010869488251280188,0.017194090252234933,0.012152728568281715
2003-07-25,0.022694093725004808,,0.029693823781723746,0.010825830163592332,0.01689305240408844,0.01252733682465497
2003-07-28,0.021613538188299745,,0.02855362554781006,0.010599526647795643,0.016579928916842943,0.012347526100170914
2003-07-29,0.0206160316887025,,0.027432105290620245,0.010439687638746866,0.017018001212339026,0.012388566470058386
2003-07-30,0.019712924217248996,,0.02637651454312184,0.010387765239707027,0.016673158127168398,0.012167825980047625
2003-07-31,0.019348797069022716,,0.025434134563514118,0.010678001297112074,0.016942794462251654,0.011984201203377764
2003-08-01,0.018576016405728896,,0.024686291781073847,0.010541456048549608,0.016760628067226377,0.012680889012473972
2003-08-04,0.025067362873628804,,0.02568610728967852,0.011359615717241754,0.01641088656771232,0.012455711412634638
2003-08-05,0.024287547900746352,,0.0292167685277329,0.01125453947009175,0.01639957054180474,0.012425732352171738
2003-08-06,0.023358518119631997,,0.028206902242274554,0.01101291336807778,0.016429036162439695,0.01219990427771622
2003-08-07,0.022846990594662865,,0.027431493947585747,0.010797130959368044,0.016113516319557267,0.012025795482539549
2003-08-08,0.022736456054183465,,0.033436369921671615,0.01061063815232243,0.01603891760190528,0.01210594319792027
2003-08-11,0.021756177286799173,,0.0321579632600298,0.010609916792629896,0.01581565002945785,0.01239941715434266
2003-08-12,0.02081476341612948,,0.031290320745455014,0.010826152998752493,0.015468269111288941,0.01223543060858041
2003-08-13,0.019889097329753015,,0.030427428016342222,0.010768102907080676,0.016372974277230543,0.012823787839551438
2003-08-14,0.02230656768822741,,0.02928610360606865,0.01072968081248581,0.017701413369232234,0.012612855962873063
2003-08-15,0.02145375006066341,,0.03302801066615746,0.010722154097479578,0.01729136984286169,0.012472016832644721
2003-08-18,0.020460603947070742,,0.03177179871386551,0.01062737122562744,0.01757669253264247,0.01238449827672866
2003-08-19,0.01961630214384706,,0.030534868310748576,0.010781790539473484,0.01716935305921049,0.01220971657018392
2003-08-20,0.018872298613072134,,0.029696196488175945,0.010702499479097937,0.01704856120096136,0.012100684575257491
2003-08-21,0.018223755458765246,,0.029940118498416074,0.010708588581021822,0.016700123765493725,0.011904137110481126
2003-08-22,0.01974139331165766,,0.03009354556852251,0.01088304857404354,0.01668407747426048,0.011711331558016649
2003-08-25,0.018876604569448,,0.0288810230744357,0.010739330676676609,0.016468978632085393,0.011504598794298528
2003-08-26,0.018311373091742453,,0.030044625209560548,0.010570857826164858,0.016098563076619332,0.011314190550532774
2003-08-27,0.01793746252734297,,0.028967728889492575,0.010647367598552561,0.015744157420635948,0.011462114144970923
2003-08-28,0.018802389732246474,,0.02945885022973817,0.011256078958377188,0.016404757942952274,0.011263090823746758
2003-08-29,0.018210865080782453,,0.02853872277131802,0.011149463429878112,0.016034643239857004,0.011208683827155968
2003-09-02,0.017463854887771517,,0.030495470275789742,0.011268019758044508,0.01569909800688044,0.011773570094285132
2003-09-03,0.028140144262574208,,0.029871155346471067,0.011119721731568208,0.01626060190251388,0.011679869526313167
2003-09-04,0.026676484112373465,,0.028877188837491363,0.010885999857850236,0.016209940195174955,0.012081214574399077
2003-09-05,0.025936354273985142,,0.028664805552332764,0.010673635422077242,0.015967224863799444,0.012197576764691903
2003-09-08,0.02464774096211002,,0.027650614614472796,0.010751020815511167,0.016377492932286325,0.012444784593014117
2003-09-09,0.02342209179248544,,0.027514671496563625,0.010623611973136873,0.016104873826739516,0.012240772149294928
2003-09-10,0.022540317588400784,,0.026799731217970423,0.010988892617164561,0.017150511071777536,0.012319499129382815
2003-09-11,0.02152439412125318,,0.02966245240012192,0.010800588256260613,0.016756621541843996,0.012373468038984639
2003-09-12,0.021359719252481167,,0.03189504667128568,0.01057545669567137,0.016715950036754502,0.013069355028750567
2003-09-15,0.021308186693689248,,0.030627110855611282,0.010587857858008476,0.01721750089383487,0.013221125108453271
2003-09-16,0.020382826350874697,,0.029851301424129156,0.010397156530013205,0.01682370701592259,0.013039144412871661
2003-09-17,0.02060219658633368,,0.02869910617859714,0.010202210932651163,0.01646168233092806,0.012858995160759256
2003-09-18,0.020653372461606465,,0.02759706942705348,0.010095798160451988,0.016329670247505576,0.012794866203723219
2003-09-19,0.019765665472843186,,0.028872304198486222,0.009893434935380035,0.015995267560913927,0.012591604791672529
2003-09-22,0.018976579898088552,,0.027737330976350925,0.010085168275590228,0.015678836686202065,0.0123656496307359
2003-09-23,0.018188851522647115,,0.026666017793979792,0.010281948525326212,0.015349730248756204,0.012139824225636276
2003-09-24,0.017530042954451607,,0.025670191904190235,0.010100980028952964,0.01506908718931773,0.012020935225977967
2003-09-25,0.020974579707894393,,0.02521184765155003,0.009928621822023842,0.015009515398314943,0.011834297034704701
2003-09-26,0.020012455911255996,,0.02448230193187024,0.00983236130774206,0.015155409610959427,0.011663515583829321
2003-09-29,0.019187800668833063,,0.024794154397374365,0.009917987098544565,0.015195908740778266,0.011802125166437239
2003-09-30,0.018528219859024243,,0.03831072875475201,0.009753508137335271,0.015153549245435445,0.011607427516776275
2003-10-01,0.019730878316761125,,0.036880434314941854,0.009686729825060018,0.015107149692625497,0.011511711538675053
2003-10-02,0.018951976984459648,,0.036628203570871695,0.009520463581115184,0.014868513408720292,0.011392786404701018
2003-10-03,0.018722622263333884,,0.035059761308772024,0.00936458704741522,0.014550272582426438,0.011526046859023269
2003-10-06,0.018815790868293717,,0.03395178067874154,0.01192884659756263,0.018574382720511647,0.011376757032240501
2003-10-07,0.01802207338276613,,0.03359975657482594,0.011797694625756742,0.018160277912597125,0.011180710804419701
2003-10-08,0.0173001067116902,,0.03512489859278287,0.011787238435754443,0.01798274547453742,0.01123206666895903
2003-10-09,0.017835124836319077,,0.03363630182158017,0.011575246645356784,0.017569055014494475,0.011186311674431381
2003-10-10,0.021082759910045643,,0.039955932592281314,0.01185534940888314,0.01721133996135303,0.0109998561515751
2003-10-13,0.0222302571381188,,0.03844812623650246,0.011835333761562879,0.017098266273642117,0.011077300759603266
2003-10-14,0.021175350883833016,,0.03722525671690973,0.01160198969660821,0.016999180544096548,0.01228663910642972
2003-10-15,0.020247355721664986,,0.03584918540339422,0.011349446225921258,0.016752225254449127,0.012490493809876956
2003-10-16,0.019347325408527415,,0.03441251120445227,0.01124579604132986,0.016384347978789147,0.013534687748253827
2003-10-17,0.018668184244260786,,0.032982827751990615,0.011003177980582042,0.016055872315638386,0.013307031190055068
2003-10-20,0.01997882289089839,,0.03835432656544938,0.010783699092277874,0.01571726270018671,0.013050734114138419
2003-10-21,0.019422730988251504,,0.04015291660719271,0.010619398757552382,0.015640789108106748,0.013347246630521725
2003-10-22,0.018675588423590364,,0.03891168280939241,0.01119601116503937,0.015545148913791275,0.013154581714161551
2003-10-23,0.01811916329173587,,0.037331678100364085,0.011240993024307169,0.015479760794807111,0.013011734886555836
2003-10-24,0.017786981649488165,,0.03573062553711361,0.011047123246359026,0.01522241854924878,0.012870324853309838
2003-10-27,0.017143664423205134,,0.03512691688736611,0.011028747319918583,0.014894023869008097,0.01299275525899702
2003-10-28,0.016693314717005844,,0.03807894326177454,0.010810134342135186,0.014618160060812964,0.01317171683294196
2003-10-29,0.016551006024567466,,0.03647604480976724,0.010895128505046321,0.014892604822364576,0.012947171005191159
2003-10-30,0.01748389103887366,,0.03496514631275996,0.010826594472872361,0.01471274028033926,0.013118714405603691
2003-10-31,0.01752222793049534,,0.037278310003009164,0.010691573421115643,0.014404809303923223,0.01329468276315212
2003-11-03,0.01816836482832425,,0.03744174541039633,0.010467665999320974,0.014432570079885505,0.013102817573791068
2003-11-04,0.01758975544715278,,0.03774985940547734,0.01105851635977515,0.01542057006811621,0.012926370191497411
2003-11-05,0.01698143639132252,,0.036141617522971035,0.010928141772386348,0.015768921962839234,0.013813902345676756
2003-11-06,0.023172574951743102,,0.03616519454891063,0.010787139250551638,0.015551318741998743,0.013544652830859573
2003-11-07,0.022054274653655816,,0.0377942353290273,0.010622755395184202,0.015261984196709993,0.013779299512480936
2003-11-10,0.021832533278201137,,0.03628319079871687,0.010494291072519925,0.015588500418118807,0.013542270855872212
2003-11-11,0.020803870106929075,,0.03473072695158443,0.010417785322085022,0.015316357095244015,0.01375968953815658
2003-11-12,0.020018140628522394,,0.034684118024749466,0.01022947447072945,0.015016613242926495,0.01399934351443901
2003-11-13,0.01919510593041324,,0.03422610387827942,0.010624291660485275,0.018647558615922023,0.013741426668791442
2003-11-14,0.01917948163805691,,0.03297728790195978,0.010414054103327406,0.018285535461042383,0.013520333027873166
2003-11-17,0.018882782424045407,,0.03690021539107917,0.010368932493734051,0.018538601291435607,0.013398250739318385
2003-11-18,0.01920515478584638,,0.041254080893060416,0.01070178217191725,0.0197501950351187,0.015021468142500362
2003-11-19,0.023669155035023356,,0.03992352126937617,0.010935869045517384,0.020152850006800196,0.015038695760642309
2003-11-20,0.02279557468336893,,0.03901864656835299,0.010805381495042144,0.02008574265974542,0.015096976624383529
2003-11-21,0.021709417967865317,,0.0381305868102472,0.010600589253306567,0.019603971966672042,0.01676480366430658
2003-11-24,0.024143183785013445,,0.03649062609423466,0.010441872173362576,0.019183339234611435,0.01653725086403688
2003-11-25,0.030093507113436092,,0.03505511416995278,0.010512305835123041,0.018847099259889463,0.01636220228017876
2003-11-26,0.028489341300144907,,0.035366481220673374,0.010298241715743419,0.01855545248222753,0.01650740386842615
2003-11-28,0.02777879758609839,,0.03408660497892398,0.01050396429970058,0.018271879239773917,0.016800225983864683
2003-12-01,0.026331432332508828,,0.032652592618986655,0.01028660287279402,0.017842779786842292,0.016442056468213256
2003-12-02,0.025477267448935314,,0.037703993357989914,0.010510114946121822,0.017815549421923434,0.01938673319349584
2003-12-03,0.02563146040440452,,0.0395915146098379,0.010301936886138608,0.01752251907071362,0.019190737860544448
2003-12-04,0.02452854730886394,,0.03898802254673405,0.010091338751079369,0.017155790413497178,0.018814571158393256
2003-12-05,0.023351220852786517,,0.04714849009382825,0.009895125389367768,0.01677508743489245,0.018617355646457896
2003-12-08,0.02290294407936742,,0.046089834073732086,0.009816546309686897,0.016412640648306803,0.01825144718933018
2003-12-09,0.025707961387763253,,0.05646730954358696,0.009622836486622604,0.016274160867469304,0.017862084667293793
2003-12-10,0.024658263153567676,,0.054466351189604245,0.009465256276205685,0.016349965755823485,0.017641156421143854
2003-12-11,0.02344885070848413,,0.051971116478335834,0.009347177358717474,0.016043246054884844,0.017259977938063113
2003-12-12,0.022307832422287323,,0.049797654518112314,0.009212759029402077,0.01570795423239363,0.016892696914565228
2003-12-15,0.024127175872534486,,0.0543224997733362,0.009346942368119499,0.015453636016786208,0.016675905644632446
2003-12-16,0.022962652567561043,,0.05307943003097295,0.00917142817729729,0.015128548216028144,0.01649269757468839
2003-12-17,0.022049642879460936,,0.05147975766099611,0.009038766023674148,0.014805563373606064,0.016258316948125226
2003-12-18,0.021425272322792708,,0.05028090556495472,0.009118911716121399,0.014695805787144214,0.01607010143986374
2003-12-19,0.020679370349789727,,0.04829882253025755,0.00899265866788987,0.014401782806672998,0.01625686029234946
2003-12-22,0.020846671579296584,,0.04651404144733233,0.008854172234359428,0.014102135584166082,0.016014762355158547
2003-12-23,0.022919896384455622,,0.05354857533262613,0.008718457789035391,0.013817501827939876,0.016069572368975608
2003-12-24,0.021820773327143116,,0.05185614309845787,0.008565369886632713,0.01356927776100788,0.01588748064542708
2003-12-26,0.022545631232134447,,0.05075284305847904,0.008437302629489652,0.013404504878735745,0.015607876457173571
2003-12-29,0.021465316520165634,,0.0484435517271587,0.008294002707750252,0.013133727628151381,0.015283670438092443
2003-12-30,0.020980856557195615,,0.047567537869068845,0.008241266306703675,0.013885576523590832,0.015282323490676698
2003-12-31,0.02033844338753974,,0.0501088927254922,0.008163848110683693,0.013818578846281937,0.014973978346770365
2004-01-02,0.01961903071578245,,0.051638698975733366,0.008058213816769999,0.0135812982725266,0.014678668199729898
2004-01-05,0.018755776286301228,,0.049284139051481414,0.007929445803480104,0.01330445586998778,0.014381424892289704
2004-01-06,0.02152028903735991,,0.05550063662810727,0.008873391723806837,0.01657279194714633,0.0161060037947996
2004-01-07,0.02053474555818029,,0.05406796618269997,0.008754950868415858,0.016460755763740936,0.01607750822569404
2004-01-08,0.01962332559182505,,0.05235165938652247,0.008614563471261471,0.01625559227121771,0.01576678496590936
2004-01-09,0.01902990249351471,,0.05080231986052702,0.008518546869301105,0.015893888234997294,0.017403048458069722
2004-01-12,0.018438540814785524,,0.049142848256428714,0.008443902272024316,0.017397535828260754,0.017056465532795308
2004-01-13,0.018026344634812883,,0.04965641309225055,0.008300895142458038,0.017476828350724522,0.017111319646512833
2004-01-14,0.017515123318058084,,0.05492879508258122,0.008270980312912565,0.01708404283127673,0.01675626275095356
2004-01-15,0.016821846428875617,,0.05255420044948858,0.008200984417575911,0.017629680579703974,0.016485228090978493
2004-01-16,0.01904350371694167,,0.05681928872634808,0.010488883135066185,0.018855683897840102,0.016266054437527114
2004-01-20,0.02353335007944903,,0.05440949760024031,0.010314020884541475,0.01887022010067537,0.016011719895054243
2004-01-21,0.02445899211395953,,0.05468406144095408,0.010528803384541494,0.01842442508736985,0.016231420645011044
2004-01-22,0.027478183017462396,,0.052631937493250715,0.010347241395569187,0.018454909148918612,0.015889401450382777
2004-01-23,0.026224827540033194,,0.05270789025809128,0.01015417138828072,0.018709748652599733,0.01556286652031411
2004-01-26,0.02488387290549949,,0.051550831211426146,0.010012790156713686,0.01827235239636463,0.015265797189565531
2004-01-27,0.02405274079420911,,0.05207656744232827,0.009839228734017411,0.017924647565124695,0.01502979277273093
2004-01-28,0.0231152905813403,,0.04970420052677259,0.009785781527262187,0.019422997039255832,0.014731077814023332
2004-01-29,0.022520038748803848,,0.0475427102393395,0.009840322721680908,0.019125366351439074,0.01482688145093758
2004-01-30,0.022845974604232017,,0.04582078285603942,0.012673050115493958,0.02325550799020916,0.014625350692351057
2004-02-02,0.0218479147205362,,0.046064604019492625,0.012520506750842663,0.022686000941429058,0.014904442171170297
2004-02-03,0.0273832340660659,,0.04503477158698784,0.012379459209262708,0.023357357258742963,0.014601148470901467
2004-02-04,0.027236728523884056,,0.043208258173371955,0.01210115062362878,0.02296485440983238,0.014987260958730923
2004-02-05,0.027548882337559477,,0.04128848622378855,0.01186180539532579,0.022409586328145867,0.014716747281246566
2004-02-06,0.026119186154604707,,0.04185821707118168,0.011704789412304503,0.02187406469542871,0.01441999822538083
2004-02-09,0.02549270627418291,,0.04009844313207993,0.01177800530355057,0.0220477335287022,0.014188710922403041
2004-02-10,0.024415904369987133,,0.03834382378675427,0.011623865286542223,0.02213532718042509,0.013931107729571138
2004-02-11,0.025146722791418524,,0.036801189056778455,0.011371963344939652,0.021634337999453704,0.013723860316303713
2004-02-12,0.023903405073652934,,0.036169354606456094,0.011279350817229162,0.021896375593850645,0.014863853176660528
2004-02-13,0.022727875972343173,,0.036219892691242504,0.011164394846323901,0.02145798468416836,0.015329257276366968
2004-02-17,0.022246416705090654,,0.034968506918530734,0.011068115455615727,0.020971772300399035,0.015015889742720556
2004-02-18,0.021834161395083276,,0.03559950331064196,0.011184603605991723,0.02149659461244871,0.017267904980512915
2004-02-19,0.02094619884729003,,0.03413782616023725,0.011110890822442526,0.021137386859399955,0.016896579664025344
2004-02-20,0.02052797346654865,,0.03343748462353821,0.01095355380935691,0.02066924657518253,0.017110229564243074
2004-02-23,0.01994283653727254,,0.03213818255780035,0.012474870742378711,0.02060820016728133,0.017061981913630783
2004-02-24,0.02224634219087689,,0.03106333439363373,0.012212715791088123,0.020162389697715263,0.01671336448799952
2004-02-25,0.021275784840368094,,0.02995165204200345,0.012254636047195521,0.02017763710622481,0.01648075997404608
2004-02-26,0.02250403749763257,,0.029051424795399874,0.012821253518882712,0.019912003103334908,0.016374526506090677
2004-02-27,0.021491988238431826,,0.03106602657265162,0.012527416610128959,0.02031174744467181,0.017197486505941783
2004-03-01,0.02123136140056352,,0.02982644617669616,0.012245281197716172,0.019824227899546777,0.016847853095417756
2004-03-02,0.02108766239392498,,0.029534114819549085,0.012056227310754558,0.020778477569190573,0.01823859207892401
2004-03-03,0.020202215629520123,,0.02836151559445517,0.01218730124396073,0.021494600625516235,0.01819621171663943
2004-03-04,0.020767437224715298,,0.029221141339686865,0.011931324612084708,0.020994629509859943,0.020901753613833868
2004-03-05,0.021073669173092342,,0.028409309769445456,0.011667706677024277,0.020488460728860534,0.020593212630237046
2004-03-08,0.020747008805573057,,0.027305746419731006,0.012198619985434983,0.02124471160186917,0.020379073726537567
2004-03-09,0.020712339435449728,,0.026409121615570342,0.011932408886389285,0.020725970722884787,0.02122737020862759
2004-03-10,0.019948184561406835,,0.02552063815383832,0.011802743107877512,0.021104112009512628,0.02106069664679848
2004-03-11,0.01913886487048187,,0.024686180850763444,0.011755415905133149,0.02058870019994636,0.020706905434680834
2004-03-12,0.019188550272141683,,0.027261857732587477,0.011499677604585534,0.020090577623992866,0.021819966549334834
2004-03-15,0.019103981391067587,,0.026340872465089912,0.011610956265608765,0.020027395874695497,0.021736945230611964
2004-03-16,0.02111789841278214,,0.026137043234241864,0.011543020512292201,0.01969168066659523,0.0220524004886166
2004-03-17,0.020142064288734392,,0.025207603182932893,0.011387263580419683,0.019236518719050598,0.021703016416582847
2004-03-18,0.020060791166121247,,0.024335915474407218,0.011361798224973548,0.01899460360141831,0.021348120804298664
2004-03-19,0.01929487195347918,,0.02396930350922388,0.011304223712270174,0.019552971479111614,0.021105353961217776
2004-03-22,0.01848707979655068,,0.023273948135579706,0.011077897553170875,0.019302849308231836,0.020675972975726115
2004-03-23,0.01957415546843917,,0.022553447927454822,0.011098379364222198,0.018942843151200723,0.020546568036245695
2004-03-24,0.01890951299503547,,0.021805953989845705,0.010918152044700955,0.018637036337118214,0.020100968145193042
2004-03-25,0.018517617399652554,,0.02182770515867278,0.010772054417168705,0.01827603401338749,0.019668094230760238
2004-03-26,0.022149019400764657,,0.02176010470966825,0.010550100241732006,0.017903301209688766,0.019295520837973673
2004-03-29,0.021172083616883983,,0.02128439846801965,0.010652534719113997,0.01780108189109698,0.018896572216377857
2004-03-30,0.02036606585209731,,0.02067217438143631,0.0107337505465342,0.01759410163080984,0.018508860675618542
2004-03-31,0.020630531035901133,,0.02869563490434579,0.010736725978639828,0.01773109654590603,0.018265373545216408
2004-04-01,0.02019292040615783,,0.029166702827526304,0.010843365731966087,0.017974978189307256,0.018000336679933164
2004-04-02,0.023620927168109814,,0.029340598276754636,0.01061566530598455,0.01843141940868759,0.0177071140369746
2004-04-05,0.022482165623994993,,0.028267391457600276,0.01084424117231758,0.017998205316581736,0.017572629235232243
2004-04-06,0.021407379675244274,,0.027162859515196543,0.011068692430167877,0.0176094852750098,0.018052613054106045
2004-04-07,0.0210649169496351,,0.02611764672273098,0.010959806752164923,0.017427275732431528,0.017725825588077195
2004-04-08,0.02259278032228066,,0.025329341402615686,0.010885204617963662,0.0170399865142532,0.017402948730764055
2004-04-12,0.02308284538244982,,0.02462954054160239,0.010758853800903861,0.016876291785512705,0.017052242665811644
2004-04-13,0.022700316812320147,,0.023965370601488307,0.010532633858809622,0.016576131101336624,0.016875589452470568
2004-04-14,0.022293137072325258,,0.025760244927037716,0.012260302361202258,0.023297346599753622,0.01654595589553171
2004-04-15,0.02167466640975009,,0.02491236958948818,0.012561653732726679,0.02655721352693609,0.0163042918125712
2004-04-16,0.021833815633348387,,0.02400741530150063,0.01233054639677714,0.025981614739466474,0.016021849491603613
2004-04-19,0.02084260232210088,,0.02409411325103437,0.012163741242131765,0.025406851545602724,0.017975610738752545
2004-04-20,0.020091891452188038,,0.023888760874597383,0.01189409639595673,0.024844125404917216,0.017781543388122725
2004-04-21,0.019239286272792113,,0.023151466679978507,0.011735943069386901,0.025622964399646207,0.019128734121378485
2004-04-22,0.024594096000467424,,0.02239347858743148,0.01205649443866776,0.036353122334623234,0.02317752361672696
2004-04-23,0.024828143916008183,,0.021736366282609457,0.01185346360911046,0.035776731049252886,0.02265674819183791
2004-04-26,0.023699610029822297,,0.021217413996136997,0.01162389886353784,0.0351816330336898,0.02225075694252708
2004-04-27,0.022928419034193345,,0.02290602652422527,0.011375869368488842,0.0342585394224908,0.02174528057975961
2004-04-28,0.02229666701784909,,0.022810898222061234,0.011203049124008385,0.033433291737283766,0.02127334279452048
2004-04-29,0.021247376230370447,,0.02223054785732127,0.013028827940961475,0.035208270944570325,0.023133566830012463
2004-04-30,0.02031241680349974,,0.02149176168497822,0.01274117284172374,0.0343303909813573,0.022741228931055648
2004-05-03,0.019400543837040717,,0.02104485152311073,0.012450566056814326,0.034796064739146135,0.02242146493650488
2004-05-04,0.019752851480821232,,0.02736987602465595,0.012168644784684324,0.03396028384770983,0.022130487696644063
2004-05-05,0.019852918117849942,,0.026369004869348553,0.012110791759325007,0.033078882647413946,0.021633266975165183
2004-05-06,0.019516875621045256,,0.025437895964877322,0.01188075348691706,0.032306458635607035,0.021287304448370126
2004-05-07,0.018744796776735642,,0.02489868957113387,0.0119810680967763,0.033225743171006766,0.020851617362188223
2004-05-10,0.018455595227344145,,0.02424171922287685,0.01277311611055944,0.03358691544710279,0.02186853670567364
2004-05-11,0.019488926123889534,,0.023986713898801013,0.012483939227851135,0.03335649768046655,0.021830735486416442
2004-05-12,0.02064414670453875,,0.025033794072978722,0.012229368971694047,0.03387037113258887,0.02181347878978002
2004-05-13,0.020426449865698817,,0.024126520188978366,0.011956187976972909,0.03302532104950266,0.0213503345120898
2004-05-14,0.01962808957204327,,0.023508621681808995,0.011785957821453093,0.03222523496647687,0.020937444909660936
2004-05-17,0.01888408124029286,,0.022995537872294473,0.011582052838388972,0.03170149270933889,0.020467582556272245
2004-05-18,0.01811153717209472,,0.022220613209313247,0.011402641944321295,0.03094648843657737,0.020803470725525866
2004-05-19,0.019101052538047524,,0.025115463696027976,0.0113502373392163,0.030142903877312607,0.020437055009266195
2004-05-20,0.019656819482708594,,0.028089018498542652,0.011738699530868058,0.030856232866041503,0.021271986251821626
2004-05-21,0.019350682907543038,,0.027709271001341716,0.011752333200143617,0.03057606138963699,0.02084669727981225
2004-05-24,0.02013100905046123,,0.026662562310437146,0.011986601861922687,0.029979777015955524,0.02105982783382857
2004-05-25,0.023613399325495152,,0.03029966107308809,0.011725122470200933,0.029589116248304265,0.02068932241535753
2004-05-26,0.02292223489540788,,0.029093718151491168,0.011548946257369616,0.029005030559572736,0.020224251960833103
2004-05-27,0.02210482986708652,,0.02793855121145502,0.01129646736286055,0.028278887172316195,0.01977143754166556
2004-05-28,0.023362653688967977,,0.027302674157865348,0.01156967958396171,0.028030291061016524,0.02045668773367017
2004-06-01,0.022472478648517095,,0.026962256553346692,0.011329228144346757,0.027485418836259747,0.02001252004965658
2004-06-02,0.028414463077780335,,0.0281135680994965,0.011086568880338208,0.026858196860537743,0.01970108914352779
2004-06-03,0.032612377340665,,0.028032291595538925,0.01105544883438912,0.027414710080024697,0.020554650613931854
2004-06-04,0.03134483113722261,,0.02793236826267939,0.010916059797745242,0.02702012862236912,0.020096341981607417
2004-06-07,0.030382218566522817,,0.02729762231232175,0.010778451019128837,0.026486830195658815,0.019782194430658897
2004-06-08,0.028784339368401933,,0.026383470831101152,0.010652342665035319,0.026041510450195395,0.020188307229044907
2004-06-09,0.029661670485727886,,0.025795996180977544,0.010543654836801208,0.025864895630991674,0.020286287310123625
2004-06-10,0.028159303039348656,,0.024890505395380864,0.010914635139201663,0.025767132197348833,0.02329930847242718
2004-06-14,0.027694818691563504,,0.024400533971257875,0.010704993170667929,0.025525575360924035,0.022786904418501987
2004-06-15,0.027256519560205708,,0.0237344490876822,0.010561649275772194,0.02512848102805368,0.022542402583247953
2004-06-16,0.02608787258556922,,0.023060600348856253,0.01060496120785407,0.02467588669623612,0.02304682681230429
2004-06-17,0.024773871031525094,,0.023866440366645057,0.010564390037469631,0.024057041604159602,0.02262850109553086
2004-06-18,0.025323754093534663,,0.023393697739096147,0.010583179828762628,0.024667296232322937,0.022392263332327123
2004-06-21,0.02414636967466697,,0.02276454653376262,0.010847699006341138,0.02414520491769483,0.021927811155416456
2004-06-22,0.02482098904419889,,0.023596127691032823,0.010638047846922339,0.023993315576330727,0.021431192820987106
2004-06-23,0.0238885199419288,,0.023007435305615793,0.01042588287552224,0.023392521019094236,0.02177566302082598
2004-06-24,0.023189812229043833,,0.022210208012119707,0.010211196480537733,0.022809991936923613,0.02207587601337978
2004-06-25,0.02224535557662509,,0.02169503627469452,0.010824539501984613,0.024855130978581302,0.02207689038704007
2004-06-28,0.021450480840098717,,0.021903035777636855,0.010597436681835805,0.02429118986067483,0.0217312990594371
2004-06-29,0.023416251515805005,,0.023555080764200143,0.010429369539283877,0.025150861597574257,0.021245119546944767
2004-06-30,0.022889107112274844,,0.02275739453205938,0.011163636115009524,0.024572543648939394,0.021663037220883374
2004-07-01,0.024836207823279048,,0.022042447188466638,0.010923764473523456,0.024136593421128574,0.02195963421086975
2004-07-02,0.027404881319340536,,0.021504190712852558,0.01082893650872477,0.024292734316285217,0.021651858472439934
2004-07-06,0.026160101993471626,,0.021087093842627157,0.010660442080747035,0.023796916513479597,0.021163919199806355
2004-07-07,0.026780281487299,,0.024264459318494067,0.010874913352376097,0.02323606664888111,0.0206856819336904
2004-07-08,0.025841716133409198,,0.023539062530508272,0.01175437262953488,0.023285541555089287,0.021144052327786256
2004-07-09,0.026409854663116485,,0.024417770124573204,0.01181774244431985,0.025236872828457487,0.02068837409169484
2004-07-12,0.025245476076401163,,0.02364168970435067,0.011558318951640579,0.02463812797968805,0.020787337283194672
2004-07-13,0.024277325925725006,,0.026947769785039183,0.011307790988596689,0.024125352747919174,0.020328428838358486
2004-07-14,0.023081693281638217,,0.026021553558337625,0.011512987318511025,0.024087101466366275,0.01987377294399577
2004-07-15,0.024966117670944414,,0.025292766186548764,0.011385455076068666,0.02466458745670096,0.019431524302736994
2004-07-16,0.02377501346480548,,0.02528094594949989,0.011159060143987076,0.024110044657525812,0.01908762682736343
2004-07-19,0.02288024952660834,,0.02442818627853887,0.010980502630784383,0.023588220347449642,0.019048528557046758
2004-07-20,0.021955284003699293,,0.02382541961540614,0.010762309383542633,0.023379787326101242,0.018646531843201867
2004-07-21,0.021803922916214392,,0.022994862112765767,0.010717799730499243,0.022799151254275028,0.018538554355536863
2004-07-22,0.02090902275081092,,0.022692480628327374,0.010799852616213312,0.023292755328286185,0.018232158148393744
2004-07-23,0.02078924628685378,,0.024482174872722192,0.010625365672393203,0.0227226128868781,0.01787833069291532
2004-07-26,0.019993509834178004,,0.023615371575993672,0.01071059777969948,0.022354154998515025,0.018560818383872645
2004-07-27,0.01923033111977974,,0.02446324314738067,0.010487423005546746,0.022090159622160807,0.018157363786247067
2004-07-28,0.018618420550734437,,0.023625616741377274,0.010431577296781307,0.021544819096764343,0.01845660925319601
2004-07-29,0.01944142243317211,,0.022968015081069926,0.010265187179039055,0.021480249368586994,0.019743880794475806
2004-07-30,0.018634901389807022,,0.02307837235657126,0.010119740688597731,0.02096303328008995,0.019671309235312198
2004-08-02,0.019361540672070875,,0.022539446902858272,0.010127286287975322,0.021640191856609037,0.019408767628021847
2004-08-03,0.01851719015802065,,0.026552988624434167,0.009927261474378996,0.02120431290877356,0.01897818040873644
2004-08-04,0.017874418570574358,,0.025542894979547714,0.009796622614403575,0.020798474281143627,0.018562855914369413
2004-08-05,0.019737294347452118,,0.025933719308104352,0.009657212850478766,0.020364106294630625,0.018203513780720472
2004-08-06,0.02198618015480461,,0.02509499433565416,0.009469078320374802,0.019874965331881603,0.0179540831598255
2004-08-09,0.02123062625293758,,0.025084560244831952,0.01005511537738173,0.019416156969921047,0.017567378214585525
2004-08-10,0.021166064749306573,,0.02478027066922049,0.009861007311536451,0.01899427581968483,0.018224108333207364
2004-08-11,0.020332578991719315,,0.02440092737392147,0.009675260313775734,0.0185498826424042,0.018005339542451496
2004-08-12,0.0194990834118901,,0.025344613471298908,0.009788105034506804,0.019272937903090197,0.01777902790653168
2004-08-13,0.01923620539469111,,0.026178130798972153,0.009620668062643138,0.018839812770858354,0.017423463846343128
2004-08-16,0.019779216045273915,,0.025660702251327962,0.009718089542213853,0.01853473200718511,0.01889967487220914
2004-08-17,0.019279627464320742,,0.026175300082031155,0.009734954731953386,0.018483798644723028,0.01848646192920061
2004-08-18,0.019007401741844957,,0.025190168841996638,0.009569773357918343,0.01804980462256857,0.018122945989441305
2004-08-19,0.018492488507394704,,0.024263843813576318,0.009385490380672427,0.01797262580007197,0.018742833299918923
2004-08-20,0.01998973708780234,,0.024361644264111935,0.00930703066971626,0.0175601586209406,0.01862218009492675
2004-08-23,0.019923432463642473,,0.02359896134416501,0.009615098630546139,0.017232152219208458,0.01860046977425953
2004-08-24,0.022702812780936613,,0.026476286357807462,0.009535664783265086,0.01733071016334802,0.018743376884052233
2004-08-25,0.02242700054178228,,0.025513768520946587,0.010127344975274608,0.017836095895657232,0.01833909735538702
2004-08-26,0.024790019389366442,,0.024678402953891992,0.010216915507079595,0.017461996504425294,0.017937939671176115
2004-08-27,0.023723984709248847,,0.024614921214488758,0.01001438519329393,0.017195198094856184,0.017615769737987196
2004-08-30,0.022562250207670644,,0.024561019658965257,0.010049217982159362,0.017055402630228603,0.017302734913110483
2004-08-31,0.022541705193536214,,0.025242458740410343,0.010096491067422745,0.017116832627483525,0.016930829937005076
2004-09-01,0.021504718678763527,,0.026080897401916228,0.009971298101852627,0.016863932210011954,0.01685107949998608
2004-09-02,0.024627161652190428,,0.025961503021178122,0.009811410911329477,0.016494299295015846,0.01652292316392102
2004-09-03,0.023399080507814345,,0.027872799779468393,0.009732800397488138,0.016143063710715097,0.016809564163197534
2004-09-07,0.022266897390226054,,0.027442741663684038,0.009970829442697296,0.017351960386302667,0.016495807002305136
2004-09-08,0.02181094070311513,,0.027349965628204118,0.009914593938051214,0.021001832811529644,0.017007915688941496
2004-09-09,0.021191976494443553,,0.02822563830584777,0.009765787296926181,0.020503601200567694,0.016844714164729775
2004-09-10,0.024116196711924956,,0.027168768312742255,0.00958877391686264,0.02002541666054218,0.0165286186309201
2004-09-13,0.026453885961035647,,0.026768120512031274,0.009553857261649135,0.019557758812880226,0.01638190778576557
2004-09-14,0.026213580495132296,,0.031301367297647216,0.009429371416217221,0.019173064957691097,0.016047030644495947
2004-09-15,0.025126482577698145,,0.03038682511563931,0.009279676924855443,0.018724428647456305,0.01575441092161088
2004-09-16,0.024604310636741802,,0.02987776102800106,0.009114977029910536,0.018459459737078885,0.01552604862845608
2004-09-17,0.0234618037647277,,0.029454966642678965,0.008949029035540377,0.018035281716988392,0.015977611465383294
2004-09-20,0.025302426149812082,,0.03692699566876371,0.008800245863883864,0.017646769960395374,0.01565421395351576
2004-09-21,0.024552797387201432,,0.03625517269627216,0.00864914990592835,0.017239264879512734,0.015557740097553521
2004-09-22,0.023839373177325283,,0.03996337144581671,0.008621889520768119,0.01716498076298542,0.01562762631441509
2004-09-23,0.024075570949939663,,0.0382277383547127,0.008494541265263274,0.016771384396814023,0.01638353412864675
2004-09-24,0.022891586591899396,,0.036746938615891,0.008541603472957373,0.016717349557084052,0.016144730704819827
2004-09-27,0.02193552329460932,,0.036443515981768516,0.008524311872115825,0.016400443874313785,0.015834071817426635
2004-09-28,0.02142341680786032,,0.03566801361932563,0.008388908115499088,0.01658662494041245,0.01589821473415052
2004-09-29,0.020478056127293497,,0.04243037490852915,0.00840969484350758,0.016349361215873322,0.015609717275638889
2004-09-30,0.019728470191655915,,0.06969898615716963,0.008269169725185217,0.01620863650942593,0.015444804116267833
2004-10-01,0.01886762624824145,,0.06663793854527846,0.008590779345012739,0.01773137561385241,0.015158405789399565
2004-10-04,0.018288591466129604,,0.06353658733118038,0.008447744820796407,0.017319236101152397,0.014891209132244764
2004-10-05,0.017591406553557166,,0.06062038536567647,0.00876353968318093,0.017895580338420546,0.014627620671037527
2004-10-06,0.018365771838287654,,0.06083382453831979,0.008841974575700396,0.020611932192906756,0.014345481600793861
2004-10-07,0.018449264079938594,,0.058241048921361754,0.008683329724576767,0.02059589261146428,0.014384456117943858
2004-10-08,0.018070720658700454,,0.05623516435314764,0.008534675039238524,0.020114744392237996,0.014120350395333141
2004-10-11,0.01770720448086316,,0.05379153412658546,0.008735892159217808,0.019777374229165413,0.015019715897324992
2004-10-12,0.017085156535942735,,0.05184819925876963,0.008602597598101171,0.019348137787387705,0.014712520205441918
2004-10-13,0.01781407500748865,,0.05196742553156479,0.009141951407791324,0.019869779760949793,0.014715037526066883
2004-10-14,0.018308585363473257,,0.05049754468288623,0.009029886035568277,0.020021858188046946,0.028291588008450098
2004-10-15,0.018665889410907334,,0.04825217135562252,0.009176344275983867,0.02018035022554459,0.027758402246910497
2004-10-18,0.01789354764253585,,0.04627028066639863,0.009008316530316241,0.01976746045740671,0.02782964100168602
2004-10-19,0.01873632344622605,,0.044392557297267585,0.00893979147741452,0.01968592033076566,0.027473389363613886
2004-10-20,0.018102557253580707,,0.04454003268620692,0.008993974809158747,0.02029643202092451,0.02689436991475489
2004-10-21,0.019720714400084428,,0.04715579001228537,0.008956555706442267,0.02038062770143978,0.02626793594652681
2004-10-22,0.01905203637507044,,0.04511862813397188,0.008801470629276513,0.019928896997936603,0.02572767142460091
2004-10-25,0.01863767492748716,,0.04578499955060703,0.008644317777481265,0.019460800403613053,0.025171028170407558
2004-10-26,0.018250290489469263,,0.0444923476685404,0.008740710886138295,0.019047354055809436,0.025048009935476876
2004-10-27,0.017831709798932657,,0.046489442924148895,0.008660204720957994,0.018634910386926645,0.02448732763238829
2004-10-28,0.02349825372078013,,0.05183991029028024,0.008571705010207925,0.0186584481194668,0.02394168190937739
2004-10-29,0.0243232480922553,,0.0614809522674508,0.008423419872759514,0.018217337300255893,0.024107478544973204
2004-11-01,0.023651225305995265,,0.05864290732328062,0.008429972803671226,0.01807860503804256,0.027581653653823618
2004-11-02,0.02473578813086612,,0.055933600033024895,0.0083120550512253,0.01767132511444622,0.02740264250002376
2004-11-03,0.023744278080309274,,0.05363610450114166,0.008945753187367633,0.019784273708742882,0.02684659553481349
2004-11-04,0.02387512229049017,,0.05156988770273868,0.009051456701606946,0.01978858322738173,0.02626635014189437
2004-11-05,0.02628292850358374,,0.05303387715970771,0.009256718718569881,0.020517422539980436,0.025851171172928667
2004-11-08,0.02541640307224245,,0.05144359881072516,0.009224440232360676,0.020348264774007422,0.025383918540219354
2004-11-09,0.024384786241031017,,0.05100329027979829,0.009065499190955171,0.0198613953671309,0.024793450682936348
2004-11-10,0.025850193179174273,,0.04896383281427744,0.00900227220772011,0.019434528522507807,0.02425825616912376
2004-11-11,0.02635722535924177,,0.047447509825386786,0.008881186462470282,0.01926992451659809,0.023713350454198492
2004-11-12,0.02679982818503156,,0.048734315182792726,0.008728491010958695,0.018888571657223095,0.023208262685156203
2004-11-15,0.025432873853883983,,0.04660138078443228,0.008680413457542056,0.01892834569154113,0.023264286142587423
2004-11-16,0.02435725266533816,,0.04575378352374318,0.00854202866059091,0.018533808427311477,0.022761166299352695
2004-11-17,0.023755687839841676,,0.045595694567236736,0.008517510603331913,0.018107563542085606,0.022390963712144128
2004-11-18,0.023092226209555543,,0.044040827623614935,0.008626458029209754,0.01781001910394617,0.022500400562201074
2004-11-19,0.02240561635074258,,0.045588923357123834,0.008546222920693482,0.01771098664371766,0.022155145766092878
2004-11-22,0.025894586536018224,,0.044751056751666976,0.008607970674485418,0.017355749134436535,0.021670832081673846
2004-11-23,0.02460251487191618,,0.04544707622278723,0.00850121440021453,0.016976125719899413,0.021434453022666947
2004-11-24,0.023442018101018886,,0.043429569813306285,0.008372034204136864,0.01659493016379926,0.020981431969343708
2004-11-26,0.022503645390554758,,0.0636295390201956,0.008254547373618845,0.016309532698426273,0.02071459163509863
2004-11-29,0.02142637122931568,,0.060668933499006886,0.008118206737452307,0.01594245847392999,0.02024848608404076
2004-11-30,0.020512561490926604,,0.05810774165520995,0.008221318103399313,0.016241802659939342,0.02074915101951358
2004-12-01,0.02002706523305934,,0.05608101822673163,0.008169702218041787,0.015935793363914513,0.020284758328052224
2004-12-02,0.031109229051230623,,0.0541547101464574,0.008120581583226774,0.017779412808196927,0.02013070567835341
2004-12-03,0.03357605791265877,,0.05766575492355162,0.008171518055629346,0.017679915209311444,0.020169887317882787
2004-12-06,0.03219783858648772,,0.05501041314140667,0.008414997328628646,0.01744244188893382,0.019721298206621073
2004-12-07,0.030608929165698087,,0.05276887913764638,0.00831972410919889,0.017188284549530815,0.01928387552334603
2004-12-08,0.031192956832311505,,0.05214226166947914,0.008250787286126018,0.01693980443169756,0.019292291881960546
2004-12-09,0.029718389893476523,,0.04983542162419198,0.010691718568029356,0.02753299623192335,0.019419983707953566
2004-12-10,0.028458176092193567,,0.048399973072310025,0.01049333661581485,0.029002484338443605,0.018995299373967135
2004-12-13,0.03038701543640783,,0.046253907174970965,0.010322090925447329,0.028311805183370106,0.01887199319142607
2004-12-14,0.028843228983312055,,0.046276860946111824,0.010369949710814492,0.027731190488187965,0.019127552415265675
2004-12-15,0.027977978302687775,,0.04472308550973183,0.010265470177003695,0.0271343455948722,0.01873784737198473
2004-12-16,0.03164633679867007,,0.042921546895918594,0.010303899711922722,0.026755352945250287,0.01855280581854192
2004-12-17,0.02993908485032678,,0.042237933335421786,0.010272057626068391,0.026558282188184013,0.01814650221528861
2004-12-20,0.03184958768299142,,0.04459130424102317,0.010288987091731667,0.026001620180861586,0.017772412237481886
2004-12-21,0.030473619787823224,,0.0475886727375083,0.01008343221254796,0.025425961506848938,0.01756417815949628
2004-12-22,0.028851146964930095,,0.04564345097880744,0.00988651521087604,0.024870140543532315,0.01728233843173045
2004-12-23,0.02940927722749204,,0.04362955393649186,0.00972104850086974,0.024428448982340038,0.017399883751275384
2004-12-27,0.02785721612526425,,0.04225268472580488,0.009555062885747968,0.023953972572840126,0.017059337047625425
2004-12-28,0.03395548582693245,,0.04695491817707859,0.00948548044339222,0.023529976122068547,0.016855951114391966
2004-12-29,0.032259604055911766,,0.04490911634638437,0.00931619955865287,0.023002419301107007,0.017478735542471598
2004-12-30,0.033440658935838634,,0.04381864010473259,0.009966491014215258,0.023620151826644536,0.019011807523956998
2004-12-31,0.03165183403410523,,0.04361943676359217,0.009788594301078223,0.023031168636227548,0.018601397718283813
2005-01-03,0.029943722540242218,,0.04167828922771569,0.009596053488951106,0.022457560804024633,0.018192992211482083
2005-01-04,0.030064168472347993,,0.0438039140530206,0.0103360243546071,0.02455149226564283,0.018487404662340966
2005-01-05,0.03128988411615154,,0.042235081998889056,0.010125540547350154,0.023996346382297692,0.025794938008155455
2005-01-06,0.029866485628817926,,0.04053001895426676,0.00997012111983974,0.02357483878668019,0.025501603736225616
2005-01-07,0.03213795537368281,,0.040240265387925384,0.01016553290813556,0.023147523368978136,0.02491027335077816
2005-01-10,0.030416104279606414,,0.03855731396205019,0.010020581218580269,0.022570981410140994,0.024344638288679186
2005-01-11,0.028803014566465068,,0.037682620211900233,0.009819720062345471,0.022011139959886523,0.02378298879166322
2005-01-12,0.027379150439570354,,0.036200174867745745,0.009714624850711269,0.022442968586377912,0.023547826750699045
2005-01-13,0.026358376702557015,,0.03549749978891647,0.00972863981834602,0.022163553627075255,0.023012063480236246
2005-01-14,0.027330745871656834,,0.04178826185039165,0.009575541818750321,0.021615881031860594,0.022987517463295838
2005-01-18,0.025995307451157898,,0.04001753827550078,0.009438056295683598,0.021678981764409033,0.022694651014555988
2005-01-19,0.024670726361523704,,0.04025474526980186,0.009259386892986755,0.021240892567319546,0.022190788106108507
2005-01-20,0.024108793358591268,,0.039205715533009326,0.009086979341313178,0.02074625016159366,0.021734801872937387
2005-01-21,0.023345680418121743,,0.03750152192816225,0.008926657118756976,0.02037004311932414,0.021266241978607523
2005-01-24,0.024595699227407723,,0.036040294845540055,0.008996598250538381,0.021608037122551087,0.02094527300101527
2005-01-25,0.023426549353460245,,0.03623467180749672,0.008832263584801025,0.02113410443444403,0.020473708835452138
2005-01-26,0.022873022567165387,,0.03486161043145878,0.009015731489637312,0.021415017451162234,0.02001671007810741
2005-01-27,0.022502622340277997,,0.03339501528017368,0.009150196480449806,0.021280280096023726,0.01963872559570303
2005-01-28,0.021425852650710557,,0.03236421435723297,0.008987418299578427,0.02076453115072112,0.0192496009250366
2005-01-31,0.023254209342469835,,0.0310604121830055,0.0088288684100864,0.020273566523661826,0.019398722143060876
2005-02-01,0.0230851152829547,,0.029930787592464054,0.008903495719521513,0.019847373407937963,0.01896838628583702
2005-02-02,0.023159837228580265,,0.028728833681091245,0.008760443483888276,0.01937832879534756,0.01863289363999997
2005-02-03,0.02224768929917057,,0.027729368812239735,0.008605125137293723,0.018926043474867073,0.018403802994998723
2005-02-04,0.021264762731682138,,0.028837287747053266,0.008760678888938243,0.01863759624247903,0.018007158481699894
2005-02-07,0.02027740500151208,,0.027827235971575437,0.008712550662228103,0.018252840152735303,0.017714135196290816
2005-02-08,0.021126272344357933,,0.02750732272622254,0.008562860517084879,0.018031394125415073,0.017472232502701662
2005-02-09,0.02016015420569804,,0.028122995249478814,0.008433811520970443,0.017609867812646653,0.01709551816879227
2005-02-10,0.019256722768051498,,0.02702191515266307,0.008290767456451513,0.01723913633851448,0.01673581883001714
2005-02-11,0.02147763167915274,,0.025986692495805937,0.008413135328702304,0.02087930101732578,0.017344389659413567
2005-02-14,0.020475871400174154,,0.025238878413862187,0.008416867666542083,0.021777619541364163,0.016975498652372255
2005-02-15,0.019621142247502454,,0.024306499649433135,0.008650812532537966,0.02162112225078071,0.016614095715246194
2005-02-16,0.01880719183890207,,0.02375627218280314,0.008499231860565958,0.02109794736105778,0.016440815888076107
2005-02-17,0.019287384304633316,,0.023154534993450483,0.008357451228529244,0.0208330479974892,0.016170968522059428
2005-02-18,0.019218910772066916,,0.024248258432950594,0.008256301932618601,0.020633799461109322,0.016281046417227617
2005-02-22,0.01910006729295828,,0.023391084547084794,0.008121289536974129,0.020183039002112137,0.01598985328364411
2005-02-23,0.02540330104066936,,0.02455702976764066,0.008718187616396318,0.01993605263207986,0.015659511898486973
2005-02-24,0.024119387341867783,,0.025687357676774488,0.008564944583212308,0.01958898136639982,0.015371192041813433
2005-02-25,0.022956429413743804,,0.024731955640741595,0.008420537465872702,0.019205724211138146,0.015246397900597432
2005-02-28,0.021850314137062732,,0.030424353733280937,0.008278490129700791,0.018948528356094698,0.01495393460417411
2005-03-01,0.020868480985729302,,0.02919824324472815,0.00817030182542754,0.01861209993919683,0.014724305618113831
2005-03-02,0.01991946964459152,,0.028133664059427868,0.008232380979091389,0.01860528863714392,0.015277732543914896
2005-03-03,0.020688036460451968,,0.027077058803126143,0.008097435876573989,0.018320650437299028,0.015062495809698342
2005-03-04,0.019957626584348513,,0.02618664903549019,0.008099633904135855,0.018051475425694984,0.014757556647457572
2005-03-07,0.019097743829912955,,0.025484236854110144,0.008214277765954922,0.018004087871741306,0.014646899031630826
2005-03-08,0.01827982559699192,,0.024579425108421673,0.00808524241476323,0.017585682695122368,0.014353805867142022
2005-03-09,0.017951037466964092,,0.024387402598921554,0.008320698279913106,0.017702009212808078,0.014071066019873927
2005-03-10,0.017238447882120807,,0.023544453017258656,0.008218296856225433,0.017548200044347997,0.013803991350632726
2005-03-11,0.018122048073840165,,0.023266969900102817,0.008087210612479849,0.01746115361141765,0.013570547900909016
2005-03-14,0.018091977157478255,,0.022453835463197184,0.008100054811594619,0.017103916308384162,0.013455809125700026
2005-03-15,0.017576881150272016,,0.0268042196675912,0.00833713144595181,0.01734646497248845,0.013224615891287319
2005-03-16,0.01687689105102789,,0.025830502304837414,0.008198957560467944,0.016946708673122302,0.01327641606154178
2005-03-17,0.018019828570763296,,0.024866793595783806,0.008159607494612878,0.01662090741140021,0.013097543279683911
2005-03-18,0.017287227509064987,,0.024025416047757774,0.008382098815077734,0.016289633962672443,0.012847453921619083
2005-03-21,0.016684433750866673,,0.02320522277779832,0.008243401010322534,0.015925276258359794,0.012606018134697807
2005-03-22,0.016068410362690147,,0.02246455663256337,0.009027112693742232,0.01780881411987822,0.012644057515715068
2005-03-23,0.015874282495903235,,0.021906579169329348,0.008861659075123889,0.01741571711874486,0.012473929801607126
2005-03-24,0.02006093091292348,,0.02169432899315974,0.009210708915678009,0.01727045052551343,0.01426764929501509
2005-03-28,0.02003039360139531,,0.021240821956389485,0.009043923979565287,0.016932961329879318,0.014091491101528051
2005-03-29,0.019718958117295165,,0.020744272744677716,0.008892785632042467,0.016563269936147835,0.013811856199293775
2005-03-30,0.018867917915754005,,0.024218061928968946,0.008732236801464413,0.016511296505758763,0.01372219849876091
2005-03-31,0.01813004072788129,,0.023981331665755275,0.008577874314288272,0.016137753500720088,0.01345326205539977
2005-04-01,0.01912880985116083,,0.024338090767311492,0.008519697577818789,0.01674203991738882,0.013936553018540392
2005-04-04,0.021018525849172118,,0.023742238257348783,0.00849345831030528,0.017545466024647037,0.013858766060875143
2005-04-05,0.020113960186953425,,0.023720010211014057,0.008412676344081492,0.017164796126970944,0.013708884344713942
2005-04-06,0.0200123299271573,,0.022899693156053634,0.008273071544138711,0.01678070290434568,0.01350891320045678
2005-04-07,0.019158995623411657,,0.022118867001113155,0.008223169979933817,0.016574655624227382,0.013712719206577106
2005-04-08,0.020970553070406083,,0.022771839317006194,0.008095730938970095,0.01626211599062341,0.013445189352020548
2005-04-11,0.0205786062355563,,0.02259833766365432,0.00796620525116329,0.01614194870714963,0.013186542648583066
2005-04-12,0.019757926189250832,,0.02198944478072294,0.007876944926790726,0.01602130774143533,0.013167848131105437
2005-04-13,0.021987132104043017,,0.023117576130838615,0.007774591598385379,0.015969729157317702,0.013582274386573629
2005-04-14,0.02335974541101024,,0.02288092518252866,0.0076936025785548316,0.01576173409508275,0.014272651450832159
2005-04-15,0.022893650219922793,,0.02241603692065971,0.008025774734808902,0.016256305291314346,0.014618717417483584
2005-04-18,0.02218053880433685,,0.021888127539142457,0.007906663129656858,0.01593770017564453,0.014533689799991655
2005-04-19,0.021146226345823603,,0.02126767734304842,0.00787468002702277,0.015598927077528621,0.014241829444285543
2005-04-20,0.023299435394480685,,0.020962525809703772,0.00815540770820731,0.016536335529257203,0.01443943780668027
2005-04-21,0.022176386743277824,,0.020298472726737127,0.008094473876600115,0.01637699722944526,0.014679101551862847
2005-04-22,0.023489093019305157,,0.01970809237051392,0.00804882700990494,0.016428638825387528,0.014666505083784911
2005-04-25,0.02332390141074589,,0.020294737065902697,0.007939362807299215,0.01615495280352399,0.014387697114727219
2005-04-26,0.02271952177060537,,0.019757934452826923,0.00781528636194158,0.01580002867735699,0.01410090194357458
2005-04-27,0.021750446494298768,,0.019226560761712586,0.007840162078828263,0.015450321589723372,0.014182092315755703
2005-04-28,0.0259817085313377,,0.024757525814472832,0.008083672479399735,0.015544002118384102,0.01415151615915887
2005-04-29,0.02467073941727684,,0.02385393040667216,0.007953916652662632,0.01520169554805608,0.013869797517288436
2005-05-02,0.026780983725023123,,0.024184689242651346,0.007878868636046775,0.016604439571270155,0.014446512723538205
2005-05-03,0.026450762933508468,,0.02384078980939158,0.00821436076286395,0.016354130523301,0.014159642312545614
2005-05-04,0.026700289131824987,,0.024477228322064497,0.008203594120697115,0.015989279261516817,0.014099741172741917
2005-05-05,0.025614522668835234,,0.024149686591401275,0.008136269190286441,0.01618872291763346,0.014101765871224319
2005-05-06,0.024678874170564316,,0.023433663014162828,0.008010474089125846,0.01597022701491078,0.013821521819300811
2005-05-09,0.023454367427461573,,0.02284490522067833,0.008099433123718717,0.01592610885180209,0.01366936519177115
2005-05-10,0.023209293875594467,,0.022177310878243643,0.007968797509979838,0.01599163619059283,0.01341510002298425
2005-05-11,0.02208061703062469,,0.02144671784217435,0.007854284127641912,0.015668205873424722,0.013327184652190143
2005-05-12,0.023364229854337594,,0.02075596191033778,0.00773349496354863,0.01533541681302645,0.013141918778571253
2005-05-13,0.025441876755507208,,0.02161622965810268,0.008115782646188558,0.015580121525163257,0.013016255882635537
2005-05-16,0.02416466921004829,,0.020932667982921028,0.008020313270891123,0.015255340098001103,0.014369350551983637
2005-05-17,0.02297465690171572,,0.020712283152889435,0.007924598513255053,0.014925594353190552,0.014085105659119149
2005-05-18,0.021969565535287214,,0.02010216430750327,0.007802788258317872,0.014880777595706007,0.01389345258521482
2005-05-19,0.023874754908451416,,0.019902479975719943,0.007744190088250323,0.01539649219798709,0.014384129038947617
2005-05-20,0.022823802586180907,,0.01938296824826737,0.007648003415790114,0.015196847738902864,0.014144920152629848
2005-05-23,0.021744865960621623,,0.018834140132537758,0.007703235765990765,0.0159887008518287,0.014064925954674878
2005-05-24,0.025816666611491082,,0.018538737626625005,0.007602403764501871,0.015638889092417993,0.013910075114548894
2005-05-25,0.024698621501979986,,0.018253798278765578,0.007500881439844966,0.015340468640432226,0.013820570185386905
2005-05-26,0.02481213310863603,,0.01784934094083852,0.007416252268239519,0.015595155703129897,0.013933816840465525
2005-05-27,0.02356959293719169,,0.019766410211427242,0.007327442769939024,0.01527711251503543,0.017680692300442818
2005-05-31,0.022965464595756657,,0.022519445293493562,0.00727406093209439,0.015638984805174394,0.02443104832825895
2005-06-01,0.0218613727256381,,0.021754909853610588,0.00739916650387388,0.015880702095358173,0.024007364027470886
2005-06-02,0.025935453261337883,,0.028115692641459866,0.007318280570794217,0.015642377227979648,0.023876493787754884
2005-06-03,0.025298510750294736,,0.027042843614222472,0.008061619121843265,0.01530562201979301,0.02349120858366917
2005-06-06,0.02531396929799801,,0.026131898966042056,0.007943580422950385,0.01501037170363828,0.02344291719802061
2005-06-07,0.024260561224805213,,0.02717708951426398,0.0079255755870277,0.014713402533750508,0.022945793752339468
2005-06-08,0.02348032397576583,,0.02613080239165433,0.007852904718972783,0.014660595220678726,0.02249190504849374
2005-06-09,0.02353725950857906,,0.02574279357308532,0.007732754909709636,0.014372669384540817,0.02198840048059495
2005-06-10,0.02457436083872331,,0.02484770530337983,0.007622874266031286,0.015325329915729116,0.021491949610491962
2005-06-13,0.023781025319536755,,0.024448665288217368,0.007656905879846967,0.014999747716077282,0.021349862196031813
2005-06-14,0.025547163206883782,,0.02731652798231438,0.007591389673380164,0.014693026096328738,0.020984653294839357
2005-06-15,0.024536514397196528,,0.026300832553421714,0.007539395172538495,0.014386562346900637,0.020900143667946392
2005-06-16,0.023517510879834547,,0.026740982266350345,0.007464238557847747,0.014166726717172713,0.02063310799264998
2005-06-17,0.023039956674491102,,0.02659843638611952,0.008077038648735447,0.013921737970440518,0.020695170843392088
2005-06-20,0.024191514544003197,,0.025752799937731923,0.008001018697367846,0.013664754584500317,0.021019430338866676
2005-06-21,0.023460836208254322,,0.024805478016268784,0.00787420760258764,0.013424017672579065,0.020657069991664147
2005-06-22,0.02247510940777272,,0.025168738006940913,0.007754142931790054,0.013156495626320314,0.020258376679224276
2005-06-23,0.021878202190636974,,0.024280270799879357,0.007650034457870804,0.012937669651553556,0.019854387392814275
2005-06-24,0.021987388328289056,,0.023433509639320636,0.007710485072476465,0.012693145571485074,0.019411632744632167
2005-06-27,0.021047828732314353,,0.02309081091897589,0.007621318561377364,0.012449215227323623,0.01898093181264599
2005-06-28,0.020380932713405936,,0.024159018422801916,0.007511242641447674,0.012268988119608073,0.01857777130419307
2005-06-29,0.02320695553441675,,0.024323887527099908,0.0076464297266876724,0.01284995477982928,0.02096193933809601
2005-06-30,0.0227110931628128,,0.023903360245530584,0.00753390092130848,0.012598419993917753,0.02049240467034314
2005-07-01,0.022061195727294078,,0.023512998614586,0.007431881228300309,0.012543614780486392,0.020871636470366023
2005-07-05,0.02429333587392465,,0.024048766018565367,0.008325703863275752,0.013560511403891851,0.02053430108732386
2005-07-06,0.02348838157979111,,0.02629504054032801,0.00854623112595037,0.013302828150486829,0.020886782261326172
2005-07-07,0.023966314892218038,,0.026645081095147294,0.008401560485019716,0.013327405963267201,0.020630652799286223
2005-07-08,0.022983302205172373,,0.028164155105141985,0.00826100470678292,0.013101042095049687,0.020182677727962058
2005-07-11,0.022667024878596568,,0.02721522165357532,0.008128423251464133,0.012919367138209818,0.019833931820061476
2005-07-12,0.021937873143363918,,0.02617949027950549,0.008086289719802842,0.012883789364509773,0.019393103300247252
2005-07-13,0.02268990824551388,,0.02940725045204254,0.007962591503038755,0.012649317963714523,0.01916168198841544
2005-07-14,0.021860014346149242,,0.028236830452367113,0.007934350263098147,0.012414537974246463,0.01886138838932402
2005-07-15,0.02406080721364182,,0.02722165495879619,0.00810856383561886,0.012395569207081823,0.01844819824817257
2005-07-18,0.022914906135921023,,0.026172705895625058,0.007991602068818483,0.012161337328204697,0.018095866054141693
2005-07-19,0.02224544309216454,,0.02635126170963463,0.007866900209087467,0.011947338732240815,0.017702032710666334
2005-07-20,0.021194748110179285,,0.025497171489735068,0.007759123348764813,0.011746267346201367,0.017497688201787362
2005-07-21,0.02065920350883244,,0.024597007510087546,0.0076964934311830645,0.01183714536652199,0.017129979555273848
2005-07-22,0.01982918348740458,,0.025819509801332182,0.007778863333887576,0.011814909271491132,0.017055421156335723
2005-07-25,0.020623042653014085,,0.025076489527867257,0.007671684344081017,0.011618179882100198,0.016968888562008958
2005-07-26,0.019757623399538907,,0.02451696608826183,0.00756941608973575,0.011441038540801871,0.016608146516400735
2005-07-27,0.018904492365950723,,0.02429890711630407,0.007554029506161412,0.011868190715796569,0.01628371967240468
2005-07-28,0.018107048249256904,,0.025010565701306917,0.007466415758240255,0.011671713314462779,0.016000706522341267
2005-07-29,0.017870830024068612,,0.02415468569217598,0.007457264866766241,0.012497867608215975,0.015833725007622413
2005-08-01,0.01742741307531133,,0.02439937136262346,0.007447375408040678,0.01241509186132239,0.015545560190437218
2005-08-02,0.017468729221413525,,0.025554785519181177,0.00739663348553774,0.012248567620015442,0.015344166211256975
2005-08-03,0.016836813163627107,,0.025889679919084873,0.007294217637129402,0.012092411908988578,0.015034862341098855
2005-08-04,0.017094497075599176,,0.024941556470106097,0.0075589099888416274,0.011949630770816726,0.014765118278585999
2005-08-05,0.01662086981656173,,0.02439022966684181,0.0074605857344381245,0.011849128877105524,0.014578919181058752
2005-08-08,0.016638569871309104,,0.02481020939574174,0.007366094532894688,0.011989918468087833,0.014302624896628901
2005-08-09,0.01789773096843549,,0.02391220028500329,0.0073723690402172195,0.012587486899545823,0.014019347297194382
2005-08-10,0.017748904011722244,,0.023096990713023416,0.0072770929962418,0.012360754945576926,0.014431435992807067
2005-08-11,0.019206678643684486,,0.026455206153829226,0.007252145407593238,0.01220812115068752,0.014788015699982815
2005-08-12,0.018845308924209592,,0.026515500055038797,0.008275569909912213,0.01244387642196934,0.014667534899328798
2005-08-15,0.018690744993063026,,0.027065240912582965,0.008138983466199986,0.012552755808565805,0.014856612174735138
2005-08-16,0.01814380836995783,,0.026075046082921993,0.008205278942779302,0.012922432525913454,0.015076937663072259
2005-08-17,0.01742743945779311,,0.025925407313472884,0.008258055241047923,0.012919434156848646,0.0147988955426401
2005-08-18,0.021832789833853717,,0.02745664474608448,0.008646141511129938,0.012759098617408,0.01610150291803167
2005-08-19,0.02080377862187257,,0.030518984474325245,0.008498593072041934,0.012511562563933576,0.0157631126504221
2005-08-22,0.022256552590136324,,0.029892072636662655,0.008432164353560952,0.012275668180958458,0.015439707827741154
2005-08-23,0.021198834470616195,,0.03215026240429402,0.008296477699808505,0.012163446085705631,0.015333464296337043
2005-08-24,0.020245351914717092,,0.031034595612748968,0.008176436386435053,0.012293717257191767,0.015025306550658925
2005-08-25,0.020733810931674555,,0.031133306851597924,0.008112414721874435,0.012146266762517996,0.015094679260779184
2005-08-26,0.019795753503120534,,0.0305877178185646,0.007994029062990295,0.012275869156480714,0.014790822729397463
2005-08-29,0.02004073589263035,,0.029352523639701183,0.007886061764933373,0.012390772584844912,0.015920856876383716
2005-08-30,0.019763956804180294,,0.04167799597740425,0.007768001580896887,0.012160388334594452,0.017130719694158993
2005-08-31,0.02231814892917388,,0.04533345458946099,0.00815876139815785,0.012005175105475172,0.01721963711226732
2005-09-01,0.021652977939408413,,0.043587148111352024,0.008111565318887686,0.012150479238914942,0.01785876981129338
2005-09-02,0.020759609329811433,,0.04228040984691459,0.00890436390430707,0.013341656780979478,0.017890907707999323
2005-09-06,0.02173616652336084,,0.04044897063856978,0.008781658784387436,0.013116713107850932,0.01766006203791503
2005-09-07,0.022134808367308034,,0.0386862888047239,0.008625225767650289,0.0128923507832289,0.01733097012262268
2005-09-08,0.02251247008494128,,0.03893703348286412,0.008476172434720694,0.012654387210620748,0.017058383491691566
2005-09-09,0.021437962658393706,,0.03743526679958366,0.008366414624131494,0.012704346421624445,0.016965381806099154
2005-09-12,0.0205547082193025,,0.035896473163391375,0.008285481420936096,0.012512274195180022,0.016677733443987763
2005-09-13,0.020003246904591862,,0.034948936847202815,0.00815163225132879,0.012273873167967958,0.016865408702757555
2005-09-14,0.019152357528705137,,0.03429905776470532,0.008204034670176304,0.012172858324863286,0.01667278595275012
2005-09-15,0.020688783896384608,,0.034635428272138336,0.00823469773750409,0.012022542453406672,0.01647379957526175
2005-09-16,0.019828594820022492,,0.03346839994707457,0.008487536871906646,0.011845675716772062,0.016133777264846792
2005-09-19,0.020909794156792453,,0.032493838251964,0.008522006481976312,0.013350967074421826,0.015808384344478517
2005-09-20,0.029070748209161463,,0.049421806714076276,0.008948382356910527,0.013496908729825507,0.01745920781600585
2005-09-21,0.028111863798953786,,0.047366595842479056,0.00879056614243893,0.013242317339822403,0.017121283958688418
2005-09-22,0.02676214380468823,,0.04529964783366793,0.008707057955691684,0.013032472950372277,0.01762750639620253
2005-09-23,0.025434023093771546,,0.04349473220721241,0.00862210578199287,0.012774786957886117,0.017312709125940857
2005-09-26,0.026686052712309602,,0.04306210756037709,0.008594562087964467,0.01276422347625086,0.016995345689027865
2005-09-27,0.026477219643033845,,0.04123974478761615,0.008504179828772938,0.012557493419130195,0.017316844350125888
2005-09-28,0.025404100351918046,,0.039749345174011165,0.008498826678457526,0.012366811139448621,0.01694839122167714
2005-09-29,0.024853642641430262,,0.04737677585266296,0.00890460209512592,0.01234885850880739,0.017128362368673666
2005-09-30,0.02368619487817332,,0.04564908157957657,0.008804146101726076,0.012879488993507287,0.016789968201538424
2005-10-03,0.02269515490837369,,0.04401181861499284,0.008771998680499635,0.012671319469123444,0.01810125937450385
2005-10-04,0.021947409658818515,,0.042096172702449204,0.008721444868883101,0.012537287964500942,0.01808550151343462
2005-10-05,0.02233556268825814,,0.04046508607692052,0.00856748369736979,0.012326851129444523,0.01778507441694694
2005-10-06,0.0220245080660134,,0.03870135351648831,0.008419276137314928,0.012196633136091331,0.017574468075231584
2005-10-07,0.02226851614370145,,0.04105871109202295,0.008643515453214122,0.012485665265075711,0.01719545984308514
2005-10-10,0.021331441530933158,,0.03940491227918069,0.008570582526844134,0.0132865204186346,0.017052901317556584
2005-10-11,0.020342602490810054,,0.03813933374523001,0.008422647288319464,0.013189603743246632,0.016688836508929692
2005-10-12,0.02122886956934822,,0.03864456602741138,0.008318316303847465,0.012946606553699341,0.016608235473601796
2005-10-13,0.020430675872240404,,0.036967919608904415,0.008308883649540357,0.01273694256950411,0.017062420599225046
2005-10-14,0.02022458319202155,,0.036662994108997496,0.008272254125481366,0.012841005754021076,0.016850368051612222
2005-10-17,0.019467776781684525,,0.0351821977737469,0.00818516170500982,0.013120954112009682,0.016503881298115836
2005-10-18,0.020444149834882238,,0.03677280738690802,0.008316249271756582,0.012864850866324225,0.017725487234098107
2005-10-19,0.02039772888508136,,0.036691195451288176,0.00823155042427005,0.012663283324623171,0.01736633143298495
2005-10-20,0.019912411954161765,,0.035224209215349835,0.008975527898636225,0.013627108058135207,0.016998806802392633
2005-10-21,0.020359451621738356,,0.03617808948736736,0.008891685438445786,0.013358495780137319,0.016639026541529746
2005-10-24,0.019569423810789348,,0.03472406811643488,0.009112693996675483,0.013145160411598203,0.01629300176194566
2005-10-25,0.018794889725662088,,0.033387695850063265,0.00899514733081846,0.012888422531882241,0.01595790432463724
2005-10-26,0.02096600757188345,,0.04338244807940004,0.009454207843140591,0.013089549902991776,0.016218245271172195
2005-10-27,0.022066952688841224,,0.041948290649407645,0.009305224396931235,0.01287413694927344,0.015879923978314673
2005-10-28,0.021121861587803496,,0.040356728677127404,0.009192246369322971,0.01263964072358575,0.015975572825203763
2005-10-31,0.020151292166708645,,0.0423720567556428,0.009030439747634839,0.012400690505613963,0.016188475990315625
2005-11-01,0.02077084704399252,,0.045330569325002124,0.009551492810453418,0.01403185708626231,0.015847650999113422
2005-11-02,0.019822441587618148,,0.04417225618369369,0.00980351863365103,0.014113896813337095,0.015516562000407741
2005-11-03,0.01895587901339965,,0.04272604128122936,0.009764516069519547,0.014073434306213151,0.015207418297018232
2005-11-04,0.020913172158312062,,0.04088524202348629,0.009657781255284499,0.013910210632055506,0.014897468365681017
2005-11-07,0.020946457302453602,,0.039752387608388624,0.009636519795942268,0.013703222780499706,0.014909347470778772
2005-11-08,0.020870589369114692,,0.03978676304187675,0.009519218842374555,0.013454203683519884,0.014610473813255243
2005-11-09,0.019942973574881236,,0.03810661884019667,0.009369080278978708,0.013196765569742998,0.014329200313957074
2005-11-10,0.019540567781336567,,0.036603296706110976,0.009485272624841824,0.013023712622719421,0.014061854007141859
2005-11-11,0.019715452440455146,,0.03585857488806452,0.009303461926420665,0.012794778852520878,0.014404940320686194
2005-11-14,0.0189164031793188,,0.03537885165886209,0.009153581521157542,0.012643546420508977,0.014550707490256885
2005-11-15,0.01812012609077744,,0.03399096971468901,0.008984186681556898,0.012419170363659592,0.014276251856491104
2005-11-16,0.01784704482092506,,0.03258576530809231,0.008820979662478308,0.012183823191866125,0.01415151246157159
2005-11-17,0.017777734026841293,,0.03666937469914153,0.00971423951806055,0.01342100267461028,0.013888783681356577
2005-11-18,0.01917521965946044,,0.03641185719334991,0.010087397451781673,0.013441565091466713,0.013657656340990382
2005-11-21,0.018387006936812954,,0.03745326327997584,0.009889477561114666,0.013204113700052872,0.01443258216130403
2005-11-22,0.019562555371451004,,0.0359109033804688,0.009790377239329252,0.013073057264286748,0.014142563871594273
2005-11-23,0.019647960933723462,,0.03514991263032654,0.009706509188658487,0.012868749423952115,0.014009656415738328
2005-11-25,0.018801899922139896,,0.03365799295641818,0.009520699256281918,0.0126653694879212,0.014938679296137791
2005-11-28,0.01800145906807524,,0.0322473942308211,0.00933765076115968,0.012420318163642238,0.014633842227004222
2005-11-29,0.01883464268157496,,0.033061934323551326,0.009502288510575572,0.013602291934228999,0.014836866536904298
2005-11-30,0.01869832469663792,,0.034849218367063645,0.009323376787797759,0.013401870980840579,0.020053951208210834
2005-12-01,0.018435186107440812,,0.03997383509935118,0.00935141395789239,0.01313876227989588,0.01990703789687326
2005-12-02,0.018691186360533952,,0.039319617316393336,0.009720488333222982,0.014124925449198779,0.021481173722598886
2005-12-05,0.018430581813650183,,0.04263881219018803,0.009533676268703202,0.013878294676443864,0.02105049928000821
2005-12-06,0.01790479900712073,,0.04119026375630801,0.009610508478401468,0.01377936441784383,0.020613848567110085
2005-12-07,0.017173861660635857,,0.03956816016928359,0.009435229598411981,0.01358202470631097,0.020671358809637174
2005-12-08,0.016990801396425007,,0.0381149884484216,0.009390389061477324,0.013482417427071703,0.020598126695579068
2005-12-09,0.017966807826664388,,0.04646217295553045,0.009412778694565816,0.013525933581793515,0.02015400372869252
2005-12-12,0.01854872131377708,,0.04711497751527618,0.009702128170373792,0.013508586949568045,0.01972432406735774
2005-12-13,0.0203130432606043,,0.04627686216609923,0.009524542320490603,0.01422995893068582,0.01943335134270453
2005-12-14,0.019397459242946617,,0.04545122077486174,0.009807631058206262,0.01588158991254812,0.019072894308567824
2005-12-15,0.018770065363156063,,0.04564887548661071,0.011287062855275172,0.015852041712273283,0.019209522892594262
2005-12-16,0.01856944238700865,,0.047604458418897,0.011101147044349596,0.01614408396229175,0.018841874635224454
2005-12-19,0.020664054354830964,,0.04558003167180668,0.010866810007998627,0.015800015317019266,0.018618362995764758
2005-12-20,0.020158309141276618,,0.044421427204497356,0.010636905387151977,0.015494708562314831,0.01823711109320617
2005-12-21,0.019550794598973388,,0.04244404002708242,0.011087241737478326,0.016590718939243715,0.01784540055464364
2005-12-22,0.018927877312279733,,0.04075666875609046,0.010875079557085781,0.0162506244025725,0.017506283097764655
2005-12-23,0.01819529839044159,,0.04915964258209538,0.011359775075991785,0.016363412836275532,0.017313098030660223
2005-12-27,0.01745325370793991,,0.04939157074162519,0.011113492717132068,0.01608833431405397,0.01709037213250757
2005-12-28,0.016838029570613613,,0.057388600121292564,0.011054017932243747,0.016343188677922085,0.01732668068212705
2005-12-29,0.01839858147247568,,0.05581063837603768,0.011090341078945208,0.016272873253599586,0.018768053819064188
2005-12-30,0.017800011514766168,,0.05354056398980452,0.010866076779075922,0.0159644082580243,0.018576729534201343
2006-01-03,0.01744944504967384,,0.05108901212371105,0.010647604321979198,0.015609557902973288,0.018171967145070096
2006-01-04,0.01979073648855296,,0.05151402845813937,0.011698293878753072,0.016644071204334594,0.017784965879917406
2006-01-05,0.018953566509775113,,0.05073170998867128,0.011501008122306927,0.016270077889747363,0.017988425561650236
2006-01-06,0.018443697641527562,,0.052960879341851015,0.01165269623576089,0.017504362277425436,0.019130158821493992
2006-01-09,0.01897194545625692,,0.05070370975312895,0.012501148137782588,0.018681520807164946,0.01877609160233258
2006-01-10,0.018528578933668608,,0.049015187014503046,0.012710801690365045,0.01843254820289438,0.01839376702583268
2006-01-11,0.017767488176825753,,0.04683087057102414,0.012562769943478444,0.019141933005253877,0.01802816197255942
2006-01-12,0.017254175184493944,,0.0448429160478391,0.012385628724531203,0.01872599410999109,0.017797676292243967
2006-01-13,0.016576130939007547,,0.04396061107291813,0.012108343527581196,0.018282790622227492,0.017430634036830053
2006-01-17,0.015954733286395954,,0.04232981761910095,0.012177108457216413,0.018037108566583884,0.017169896041259257
2006-01-18,0.019173735077486063,,0.04235543873382834,0.011952401129859947,0.01776209259989685,0.016801355853977077
2006-01-19,0.018579611264709726,,0.04355809762263935,0.012267333801995486,0.01805933598696953,0.016443190324805856
2006-01-20,0.018506861563538826,,0.04222454387338707,0.013173957747686088,0.018604116144153467,0.01615498718097377
2006-01-23,0.019040737857899854,,0.04219440053394226,0.013007253585755494,0.018699712312267806,0.016022363624745812
2006-01-24,0.018269524005749226,,0.046889577390930116,0.012823107703109538,0.018612732564406126,0.015730311761400793
2006-01-25,0.018220968887661792,,0.04492868607361254,0.01253240541529662,0.018572002811914186,0.015664811034422563
2006-01-26,0.018445264010693123,,0.0436400904693188,0.012351162647444663,0.019341424405015007,0.01593631858851443
2006-01-27,0.017762550333901214,,0.042542403943551486,0.012112891145485463,0.019019288936247852,0.015646827070304403
2006-01-30,0.018391658482552614,,0.041111256566225746,0.011849842825710397,0.01856703725458478,0.016432159202584635
2006-01-31,0.017809169908798324,,0.05158390008997584,0.011863764951258732,0.018565460918397232,0.017078781998438444
2006-02-01,0.017222808559102618,,0.049292970984350266,0.011732487823286834,0.01829716103768508,0.016712792831974087
2006-02-02,0.017803656655317305,,0.05109372934529332,0.011488249100650716,0.017985929681601794,0.01649596040552773
2006-02-03,0.019418742368436423,,0.050565339258623485,0.0112870640900529,0.01766763468553927,0.017017004694852268
2006-02-06,0.01884152702541457,,0.04916179228588732,0.011208960606905261,0.01745415420762271,0.01665290007675441
2006-02-07,0.018093957622728755,,0.05205577252626619,0.011008708408368388,0.01705077768440868,0.01637855140478619
2006-02-08,0.02009622320819027,,0.049962164516764426,0.012936800737957116,0.018541517772365634,0.016640163728053197
2006-02-09,0.019412510915269278,,0.047939225325493634,0.012645634187409044,0.018122333337661986,0.016302633160814484
2006-02-10,0.018565144231433364,,0.04690411742217343,0.013438918676909172,0.018446965225008424,0.016167441291757935
2006-02-13,0.018257262623679396,,0.04529588793758535,0.014185684369424119,0.019163554972314076,0.01758651713911547
2006-02-14,0.017798890700596492,,0.04337975235267751,0.014508875185761246,0.019738253559864458,0.01723439134014772
2006-02-15,0.0192658531658104,,0.04181569670193458,0.014392250601178025,0.01984306907448995,0.017076684514043913
2006-02-16,0.02109436338701141,,0.040025937741049095,0.014257968201586358,0.01951104354331322,0.018046409102482633
2006-02-17,0.02050755151445648,,0.0383743194153124,0.014113082263177026,0.019420007878082596,0.018101040615763037
2006-02-21,0.020936895384653185,,0.036759346062510904,0.0139403404276398,0.01899159800309567,0.017905937447872042
2006-02-22,0.020917434030816754,,0.0415338087009558,0.013629845634152395,0.01878084815174379,0.018732669348538705
2006-02-23,0.019965945090465273,,0.04362165614471735,0.013310341350950558,0.018349588038569873,0.018375248382842883
2006-02-24,0.019254410373509657,,0.04227205769318473,0.013174863188723473,0.018088413712700677,0.018725301603141224
2006-02-27,0.021972320172370087,,0.04289151908968365,0.013425026132949363,0.018748133117216688,0.018323526995584427
2006-02-28,0.023167751683356958,,0.04334370564305618,0.013208261596774866,0.018554529051658594,0.018942486386994563
2006-03-01,0.022127940731560977,,0.04155982867373833,0.013140261843283619,0.018317799196720944,0.019015296485302244
2006-03-02,0.021249737154999834,,0.03973342185369291,0.012851563399578039,0.017888947859190242,0.019367538435462083
2006-03-03,0.021389599555645535,,0.03801225948805989,0.012664714352993975,0.019831103617432618,0.019160024675426112
2006-03-06,0.020439221657525083,,0.036387364550595415,0.01240637297873187,0.01936688500201301,0.01874555013358863
2006-03-07,0.02056611781757748,,0.03654629022994436,0.012822584622510685,0.019462059972754672,0.019426602741918535
2006-03-08,0.020119361666508188,,0.03546718559422718,0.012560164087504906,0.019082510482379484,0.019051988800772208
2006-03-09,0.020929555671553614,,0.033989239946357205,0.012886976390987197,0.01951729138133583,0.018678705559325725
2006-03-10,0.020087058016541537,,0.03263709248985438,0.012636531862873961,0.019260080021325666,0.018513440752575595
2006-03-13,0.019398216080923122,,0.03134280692102344,0.01254378229802132,0.018801407546524117,0.018143007047358817
2006-03-14,0.020725088127919816,,0.0339707707558968,0.012471810840653335,0.01887617955189028,0.018028926076129968
2006-03-15,0.020840621901170163,,0.033224905567013824,0.012359234193283532,0.01853030443288349,0.017651961909221504
2006-03-16,0.020472244492798938,,0.03185722464469461,0.012088687434623909,0.018235183678394506,0.017287472348329464
2006-03-17,0.02073477208689713,,0.03096539036889731,0.011825681585863494,0.01780781980518081,0.016965043507272525
2006-03-20,0.020233435503742982,,0.03106591851423327,0.011565297447334245,0.017401150263811102,0.018966951466371684
2006-03-21,0.02287647294067417,,0.031292115271851106,0.011317247335021161,0.01699933348345412,0.018684604465697086
2006-03-22,0.021780246114135256,,0.030042246402099643,0.01112828002162593,0.017198544478289918,0.01829762848693688
2006-03-23,0.021615242988441127,,0.02905627474114421,0.010907874082050345,0.01687040463940003,0.017950781639584433
2006-03-24,0.02317223754695243,,0.032022937876252974,0.010682963123179236,0.01699963737818317,0.018292406663043492
2006-03-27,0.022101049241263923,,0.030747292469662627,0.011069655572740825,0.016636241480098093,0.017893339884240453
2006-03-28,0.021062791683832755,,0.030975405594473385,0.011118527870978258,0.01658961476115897,0.01831028035656893
2006-03-29,0.022060274419966,,0.030332168734669606,0.010882269552985388,0.016220331015783986,0.017976910179533595
2006-03-30,0.021078742615714754,,0.02911385552412514,0.01088841167371037,0.016629926523932626,0.017650334824042598
2006-03-31,0.020349669391730902,,0.02979011304475436,0.011698764149261498,0.019456606841792182,0.01740996895235208
2006-04-03,0.019607709909102777,,0.03080152394368257,0.011582664356226603,0.019179078503172013,0.0170868847941157
2006-04-04,0.018747829877242227,,0.029577989800720735,0.011627655653769754,0.019291716338379037,0.01823631050475724
2006-04-05,0.018137841352754237,,0.029402085373263224,0.0114426670771714,0.018843418116642606,0.01784090907257861
2006-04-06,0.017802613393635605,,0.02822810073850574,0.011209667416781463,0.018402205159593676,0.017980992813188983
2006-04-07,0.017521102435860903,,0.027453484177443217,0.011246657865686982,0.019083800248046203,0.01798860884886688
2006-04-10,0.017042920880304978,,0.028277365913483253,0.011272963331852646,0.018636330828308484,0.017604489053121463
2006-04-11,0.01748206172775011,,0.027831341672660978,0.01146883675547013,0.0202792517636882,0.018001312332272982
2006-04-12,0.01681067743079134,,0.02676700589968546,0.011254979154950296,0.019803175918036375,0.017632789669348264
2006-04-13,0.01627062461679069,,0.026133025704798633,0.011036229736352718,0.019358005684455972,0.018015305252423293
2006-04-17,0.015964524914051897,,0.028896963723874434,0.010808595157899479,0.019189325971507683,0.017941083658719322
2006-04-18,0.016099589296072456,,0.03296131790720196,0.01236091062892546,0.020657799620219276,0.018853607402172658
2006-04-19,0.016040618556497275,,0.03566449045945676,0.012171230180364423,0.02130233236856571,0.01953688231670621
2006-04-20,0.01584062209477019,,0.03480340124899484,0.012583972134920882,0.023822330335819306,0.019102896713627984
2006-04-21,0.015320458372102575,,0.03368004581129803,0.013028078647198989,0.040283679009190526,0.018686512945643916
2006-04-24,0.020158243411279492,,0.032427863657422173,0.013351275493616577,0.040012410570036946,0.021846619231946803
2006-04-25,0.02085436938012586,,0.03519042734058967,0.01361200481254386,0.04450957024443732,0.021469923578413
2006-04-26,0.020009884851571524,,0.035926271046513344,0.013714127734701953,0.04563438489614469,0.024271598809101663
2006-04-27,0.01959890131352656,,0.034478328536687475,0.013618682094009653,0.04463964701519802,0.024132262973080895
2006-04-28,0.019251317988048286,,0.03714356982274546,0.013428653106214694,0.043862860522017044,0.027329071247974023
2006-05-01,0.0188158084168326,,0.03731822090292442,0.014378773987195415,0.046272669118080687,0.027103077829844537
2006-05-02,0.019606746055617488,,0.03625445435371424,0.014142444472298264,0.045377683700795715,0.027421408707396414
2006-05-03,0.01910780390474722,,0.03477153164846692,0.013978807218177786,0.04435580594058685,0.026872395984767837
2006-05-04,0.020941076552145815,,0.033912194013097224,0.013651585656110592,0.043663138259766886,0.026247209360775414
2006-05-05,0.02260869308731637,,0.035093599935466145,0.013562982673194694,0.04250225855562675,0.02749113139192511
2006-05-08,0.021544462338321076,,0.03411284708608301,0.01345650756293488,0.04138105240328342,0.02684615819395792
2006-05-09,0.020640542679700374,,0.032878420223164506,0.013217534375132527,0.04032533678253051,0.026221203763820346
2006-05-10,0.020096494103011932,,0.031955682717067675,0.014422332889564394,0.040785336490031424,0.02611593422931061
2006-05-11,0.02017598665672264,,0.03374866723085441,0.014128995473298635,0.039806172157005444,0.025965013414182364
2006-05-12,0.019909769248231075,,0.034236335441430905,0.01454546774261945,0.04003140131157697,0.02860410626446262
2006-05-15,0.019871962233055655,,0.03707293764623973,0.014474471163845221,0.04043444021752405,0.028148586841672523
2006-05-16,0.022430604334889543,,0.03630817706999134,0.01623722716714926,0.04200719712431634,0.02797822712128522
2006-05-17,0.02136124721972578,,0.03529832064149821,0.016004842476988062,0.04103309558118506,0.02796129518576816
2006-05-18,0.020750280977449777,,0.03434126568506878,0.015616143194242031,0.040249943888188706,0.028485682899343404
2006-05-19,0.020068466296703686,,0.033559739850076244,0.015601764093102466,0.04114709211990875,0.027890942639428467
2006-05-22,0.01966678283933904,,0.032208259665668225,0.016823597800448908,0.04015902625258349,0.030010772160409913
2006-05-23,0.01904416499006972,,0.03448349028846945,0.016405818889330924,0.039118579544119673,0.02930049763004916
2006-05-24,0.021384197834280857,,0.03304179851808939,0.01673818960557447,0.04025276897511881,0.03702091327556072
2006-05-25,0.022151970587093204,,0.034863409285677036,0.01993975845518018,0.04079906038213585,0.03838270901018877
2006-05-26,0.02204146360995004,,0.033390073610807015,0.019760956748751748,0.03974751823987925,0.037647748114727514
2006-05-30,0.020997153386884574,,0.032101923394849324,0.01926963611138187,0.03876633131134287,0.037216560639591216
2006-05-31,0.020216410771039816,,0.032298280759203005,0.01879978855351181,0.03819113934457102,0.03908267973141819
2006-06-01,0.01961099049110244,,0.033378055559648935,0.018694920916793024,0.03872089376139837,0.03817917324209518
2006-06-02,0.01926068790277589,,0.03211410808925628,0.018875674126240746,0.03902447767155763,0.03821747809502625
2006-06-05,0.020356873243704054,,0.03180111689661854,0.018568718085833037,0.038146279146038874,0.037697668960553696
2006-06-06,0.019463198027923165,,0.031392589670561355,0.01826060177123206,0.037335690600560766,0.036818448951347
2006-06-07,0.01862094852274231,,0.030340155906048532,0.018374530768576237,0.037257872216460375,0.0364536010437186
2006-06-08,0.019381753571883112,,0.035395938358565804,0.017925146345998014,0.03628707441105902,0.035981414977281946
2006-06-09,0.01867528783085159,,0.03552221285606145,0.018541034192617156,0.03874124531266149,0.03755397065595735
2006-06-12,0.01872088300209841,,0.03402556192194157,0.01807582472735768,0.03781183953887664,0.03697087327175719
2006-06-13,0.018850702191118184,,0.032684862114102126,0.017628996176630822,0.036924057205612065,0.036190366901235234
2006-06-14,0.0198930918924909,,0.031477150740344004,0.023323023338980193,0.04759611344914244,0.03843600456747639
2006-06-15,0.01917130050294707,,0.03624879379837518,0.02271473702416792,0.04639385681627621,0.03770358168466794
2006-06-16,0.018400552917493825,,0.0438701878466666,0.022172525518323133,0.04548717463599014,0.038125782063289045
2006-06-19,0.01769898384048616,,0.041928276678329636,0.021981493917000817,0.044413839598622176,0.03751258185384038
2006-06-20,0.017513641789640964,,0.042006958148558204,0.02167841537012641,0.04337839666478415,0.03757202031348227
2006-06-21,0.01681759628215208,,0.043871032122828967,0.021310031944037706,0.04273998131444143,0.036728561314340345
2006-06-22,0.017302537436759614,,0.04209362339414227,0.02108708894811841,0.04172683581836876,0.03585504071213545
2006-06-23,0.01675383367310556,,0.04083443754224109,0.02063504991236125,0.04086100227826857,0.03552593514805416
2006-06-26,0.016115608949141907,,0.04035670550102759,0.02012248137680763,0.039809698611944916,0.03574206055057991
2006-06-27,0.016025782157471226,,0.0406515898444311,0.01960689623744299,0.038765308324228,0.03542859656975649
2006-06-28,0.015451946737467264,,0.03945301442240159,0.019144270285532578,0.0377518244069771,0.035929531850195935
2006-06-29,0.014957022890728734,,0.03934260602737856,0.01869894303932578,0.03676358781001974,0.03620562859582438
2006-06-30,0.015518428058059952,,0.03959266954179725,0.018446217199551543,0.03601809841902807,0.03534149284364926
2006-07-03,0.015091442178003187,,0.037949618337858856,0.020220411131741525,0.03709800863623516,0.03457328237739865
2006-07-05,0.014594074138296515,,0.03630731005715823,0.01970195517671284,0.036154132227161156,0.03374492105764984
2006-07-06,0.014985037223952578,,0.03841302502053811,0.01972758115929381,0.03661755101929701,0.032991037265486245
2006-07-07,0.014500926880518832,,0.03714368879773924,0.019344903669339407,0.03580832721046548,0.03460798679326352
2006-07-10,0.014795512115827808,,0.03636667976681094,0.01885850901873061,0.035048093171719745,0.034028925182298296
2006-07-11,0.01449514208002769,,0.035098442747129865,0.018612892502575855,0.03463344393851356,0.03327002469828787
2006-07-12,0.014217965934086987,,0.03363209426081184,0.018965457280536575,0.03482962961139203,0.03257264670435867
2006-07-13,0.014158947492435923,,0.033143979098223364,0.01866064044593984,0.03391487523716729,0.03192530580720599
2006-07-14,0.015483865255626752,,0.036237774984632085,0.0182179770592018,0.03305484591559992,0.031176913990477787
2006-07-17,0.01499884150456249,,0.036219035907771986,0.018255684261452347,0.03220200554918422,0.030503733389901214
2006-07-18,0.016268111205432378,,0.04463826678759521,0.01851125479812594,0.032560518347738404,0.03045839255431762
2006-07-19,0.01743982104730271,,0.04435770614642575,0.019460286173620476,0.03374768847411714,0.029800116958867622
2006-07-20,0.017212517333044394,,0.04533152307249569,0.01943862631743572,0.035134263246167675,0.029094927392129516
2006-07-21,0.01661937879890306,,0.04478624100252302,0.019226332197591223,0.034226172769245666,0.03057166672242893
2006-07-24,0.016951452825708913,,0.042844061341755495,0.01917462068622133,0.03363335281891673,0.03013696922219282
2006-07-25,0.016480831781014,,0.04644538614274952,0.018838672792600195,0.032798384821944,0.029693770874073495
2006-07-26,0.01685802194069532,,0.04529528924201959,0.01842870915191992,0.03194517089181831,0.029169323225689204
2006-07-27,0.016224003129814063,,0.048339489479835976,0.018007673141701427,0.03123197932153063,0.028664342921364043
2006-07-28,0.015810660345576905,,0.04662346417148755,0.017899635747984515,0.03103788993593279,0.02805817924851071
2006-07-31,0.016294700790707196,,0.044916860280530345,0.01746428762048922,0.030233920199772526,0.02766005195707276
2006-08-01,0.016412504536301952,,0.05874856611241158,0.017029309507579873,0.02945035745601514,0.027049638128313392
2006-08-02,0.01592726785029549,,0.061120456611676144,0.017044686393481782,0.02956723308026375,0.02644655419714245
2006-08-03,0.01577580850540512,,0.05893342154703334,0.016699267314905963,0.03031786065947823,0.025829934214538927
2006-08-04,0.01530646546843112,,0.05977494699268785,0.016434299152998738,0.029675950433162766,0.025886768021374577
2006-08-07,0.015115061425554547,,0.05704318137735306,0.01603223405310421,0.029786238447944095,0.026418832253196137
2006-08-08,0.017210649562426815,,0.05631946660361101,0.015680576836874578,0.02928166892616009,0.025891190081790257
2006-08-09,0.01679407612910283,,0.05477160438824638,0.015315336355907984,0.028525477512880447,0.025289164587825073
2006-08-10,0.01615251770054167,,0.05593711128043376,0.015014996237132941,0.028343623535554238,0.025651128685193994
2006-08-11,0.018534339196852573,,0.05359203930168968,0.015512729708707606,0.028850824140516783,0.025456749179964475
2006-08-14,0.017803079186553616,,0.05224137820677366,0.01514381093189489,0.02839883538232435,0.026387851963217693
2006-08-15,0.01747221789269763,,0.0521269718472856,0.014875601689393576,0.028133753138932148,0.025961080353604574
2006-08-16,0.016925089862228137,,0.049803982686211105,0.014661813920840185,0.027443539098277604,0.02536247160744475
2006-08-17,0.017094557866049534,,0.0477370602671186,0.014446785286378676,0.02699614016889524,0.02505235861292881
2006-08-18,0.018419989613683213,,0.04572018353728306,0.014800946670342733,0.026830545422478768,0.025404855263828532
2006-08-21,0.018255957390875002,,0.04370618603110549,0.014493036738930551,0.026153873733195113,0.02514104468367252
2006-08-22,0.01837266540679336,,0.042049770359174066,0.014839437195327881,0.02613025386617891,0.024928851948022343
2006-08-23,0.01761558184324065,,0.04358604560657135,0.014488538873523638,0.025507640769354883,0.02439442240003855
2006-08-24,0.017370761654027293,,0.04205802327534329,0.014146792087616702,0.025272774570631686,0.023881384112100078
2006-08-25,0.01686345057744276,,0.04112978356609026,0.01388866863321909,0.024899153110560405,0.023418732937064042
2006-08-28,0.01622346173829427,,0.03944881286536315,0.013582449973939831,0.024295481749993776,0.022896478069444566
2006-08-29,0.017826101299803873,,0.04844415244782833,0.013464084895267039,0.02451535419194492,0.022436225510387528
2006-08-30,0.017616844443919862,,0.048778487209515456,0.013249327430964684,0.02401278285972413,0.022237367517976215
2006-08-31,0.016957079806397605,,0.05251952546964629,0.013142984827874855,0.024276325745278663,0.02202670432795173
2006-09-01,0.0163252550445802,,0.051516121328116046,0.013111842570546475,0.02469151391868258,0.02242778109508936
2006-09-05,0.016506473432271705,,0.049937664888916225,0.012821017884782418,0.024098222063687523,0.02191790194244609
2006-09-06,0.016147598244054217,,0.0483510139147937,0.013329619668947882,0.023500268229364102,0.023745280208601317
2006-09-07,0.01643290767318358,,0.0463219404138032,0.013129465120381878,0.02293498790584304,0.023372163984349843
2006-09-08,0.01585362168907951,,0.046063909984689067,0.013968285449591729,0.024015725765793246,0.022931711381353276
2006-09-11,0.01616340412610715,,0.04405962414343573,0.01387746056314248,0.024503997522713948,0.02297352366788138
2006-09-12,0.015907933004718534,,0.04209700964222882,0.015176558868153825,0.03131268454994292,0.024037246505692805
2006-09-13,0.01789852584131118,,0.0405752857627157,0.014854125450302801,0.030544762646414227,0.023636679331142343
2006-09-14,0.017190099323342554,,0.039407504621077755,0.014513504426068134,0.029776111511847395,0.023092459631862367
2006-09-15,0.016971223297219565,,0.04980792574846217,0.01460234896300971,0.029450905254725664,0.022573027210221433
2006-09-18,0.016319627231519883,,0.04785125777880892,0.01429528874045966,0.02873238961221225,0.022437636478394408
2006-09-19,0.015866113174752217,,0.04576060658123075,0.014368374566439248,0.029231388653308668,0.02279513759814513
2006-09-20,0.018826134663496582,,0.04387068379467742,0.014435556903051552,0.029326195278164154,0.02243001541645963
2006-09-21,0.019122327650881222,,0.04217290753554926,0.01413180683306373,0.02884775394932685,0.021921089233623448
2006-09-22,0.01916042154630896,,0.04138903469178499,0.013814938556801291,0.028189741006937132,0.021652471957976017
2006-09-25,0.019156128809435038,,0.04079834622329842,0.013714918585117072,0.027494873344080788,0.02118564912862273
2006-09-26,0.018871475926826017,,0.04030560228017141,0.0133929911133922,0.026791749920703795,0.020711501634932787
2006-09-27,0.018229526067957417,,0.0386801638558866,0.013086518605714779,0.026340383854342717,0.02026644762475225
2006-09-28,0.020026438974805688,,0.043321246131678724,0.012948489481763699,0.025972939895127157,0.01982405862639705
2006-09-29,0.019167720019856442,,0.08570518512648356,0.012911595923387953,0.02532682058729774,0.019743566668981485
2006-10-02,0.018347540565008317,,0.08257967896828505,0.012817407766609907,0.024973363150372213,0.019489728367650033
2006-10-03,0.020114819186333573,,0.07868500858170047,0.012529270509924244,0.02441817792335482,0.019138461219376537
2006-10-04,0.02297451341795993,,0.07521659390398588,0.014421171879653432,0.0265715210018258,0.02075564046468319
2006-10-05,0.022180456074100022,,0.07267442082092912,0.015031387815550587,0.026403500586373113,0.02108143193118079
2006-10-06,0.021354314316538798,,0.0708143749912891,0.015017677950316917,0.026341361397395468,0.02159620696977763
2006-10-09,0.020422884196358695,,0.06776138574555038,0.01466138463711415,0.02575655386439444,0.021736148476727956
2006-10-10,0.019518267198265285,,0.06459403888508518,0.014461463818705498,0.02556837792195501,0.021286564957759806
2006-10-11,0.02025096730569996,,0.06160653212535064,0.014319821101242594,0.025221218397624975,0.020910741127719894
2006-10-12,0.02003651225774204,,0.06067829195903955,0.01397876198048859,0.024679030264287874,0.02050330100227679
2006-10-13,0.019185553435709875,,0.06080528472368422,0.013717102718248653,0.024076352681218084,0.02010992508391811
2006-10-16,0.01872168369696673,,0.05835786123558991,0.01409104012024969,0.024198610913777743,0.019714692133603627
2006-10-17,0.019298474514230703,,0.06797084402298616,0.013900973398571149,0.023990355072670996,0.021546745036105402
2006-10-18,0.019274816635692773,,0.06479333254669438,0.013693829659896059,0.02351944352661518,0.021528817530051453
2006-10-19,0.019764177374105185,,0.06393804592862556,0.01337670406781084,0.022946714464452577,0.021059124957255735
2006-10-20,0.019408724287689423,,0.06253579663241103,0.01351357094215904,0.023268702737911554,0.020608224124358407
2006-10-23,0.020801588682057108,,0.05979699657624424,0.013372027250949986,0.022978652308476556,0.020323205790866425
2006-10-24,0.02255969554972053,,0.05908553066041842,0.013902759386898016,0.023076903535340313,0.019888974847442478
2006-10-25,0.021649438400922195,,0.057059636326277696,0.013668906833873127,0.02275991529627763,0.01952651898753004
2006-10-26,0.0231859251016627,,0.059661748845105195,0.013390203170214889,0.02220670125357836,0.01911248671436738
2006-10-27,0.02275284812955347,,0.057442130126145144,0.013451749198781832,0.022609245861753714,0.018694491683078313
2006-10-30,0.021737232491092277,,0.05661342862804452,0.01314429328428127,0.02223472050122499,0.018290630220516618
2006-10-31,0.02438864328534586,,0.055069564164935976,0.013021954157805476,0.021934435596783194,0.01816895046189826
2006-11-01,0.023248007242634962,,0.052745923376450995,0.012724473209288472,0.021395596050405075,0.017775384765725127
2006-11-02,0.022118191419005527,,0.050809641893200225,0.01311499760619932,0.021195604748006133,0.018648707530591807
2006-11-03,0.021581009416420466,,0.04865036918680322,0.013128250651661766,0.020924732457703824,0.018549392129410838
2006-11-06,0.021616756051532925,,0.046520631261563146,0.01283156368566351,0.020415754101413604,0.01824650422628554
2006-11-07,0.021089862962166285,,0.04706651817290046,0.012544654279060397,0.020046291314660424,0.017877178942305165
2006-11-08,0.020982803640629644,,0.046126734418056134,0.012259928267058342,0.019620837645512403,0.017505690576677658
2006-11-09,0.020543820193868478,,0.04412773847934761,0.012395976402086964,0.019271803496853077,0.018591589013583848
2006-11-10,0.02075121199648352,,0.042448123466331776,0.013559000792419482,0.02075785132448403,0.01862051466372508
2006-11-13,0.02151004461401361,,0.041047593618231175,0.013428334866724054,0.020283897048095068,0.023153519404614183
2006-11-14,0.021250381501017445,,0.039418666768394665,0.013195701787180719,0.02016072086705418,0.02263947564363643
2006-11-15,0.02034345717512492,,0.03782119914873254,0.012891314661592,0.019673646799971103,0.022156665004774617
2006-11-16,0.019575423244355187,,0.03656434352948616,0.012604988044230174,0.019224874423756044,0.02165259913427247
2006-11-17,0.023329581300978036,,0.03767292202648147,0.012337855670156946,0.018766393026946205,0.021456153361340144
2006-11-20,0.02235728196527873,,0.03940698165561656,0.012061608426732347,0.018491324819159095,0.020998166060343246
2006-11-21,0.02684035009960581,,0.03816929358431247,0.011793307530669667,0.018084765242353504,0.02055580106334787
2006-11-22,0.026433114571272075,,0.03653708621615208,0.011750375935165501,0.01866983706438359,0.020700299698906438
2006-11-24,0.02559098725684193,,0.036499002534564055,0.0114914575110671,0.018243120587195946,0.020237451871470878
2006-11-27,0.024294534759632693,,0.03493438085605481,0.011240880555444095,0.017814917154304184,0.019784277330845826
2006-11-28,0.023745339221622988,,0.0351019738109959,0.010998631779157749,0.0190022193438637,0.020044550884746784
2006-11-29,0.022821736638621203,,0.03559426671978095,0.011100756159688535,0.01868105495455224,0.019884222227508276
2006-11-30,0.022935798092082207,,0.039153360722074516,0.01088074868979087,0.01826151604024083,0.019448127443358946
2006-12-01,0.022060801360292794,,0.03746071051916508,0.011246580554240954,0.018754573245333816,0.019226560948808792
2006-12-04,0.021057029156853323,,0.038787336714717006,0.011031105932881617,0.01835496349721817,0.018873813533204928
2006-12-05,0.02073448083797795,,0.04363438380442946,0.010796055110520193,0.01794378545010148,0.018468230806403883
2006-12-06,0.01978767117527338,,0.04196815653610025,0.010615856900921821,0.017864705898149404,0.01874529347457317
2006-12-07,0.0189618117495636,,0.040142807757899454,0.011104823116860382,0.01784698111147924,0.019175537847849557
2006-12-08,0.018198482462522893,,0.038452205752472574,0.010873934639659024,0.017878981566777967,0.01911519144753903
2006-12-11,0.017623847924912367,,0.03705103256908925,0.010825987290478973,0.017614534101505108,0.01871108610314815
2006-12-12,0.01746074288472225,,0.03587820122238712,0.01066715128280418,0.017334027329248297,0.018318323041240682
2006-12-13,0.01680854700671017,,0.034346872090510135,0.01049733514417803,0.016945400471640726,0.018081112496964348
2006-12-14,0.016248691570423225,,0.034267440040616756,0.010282513925307928,0.016593449035139932,0.018163662976796776
2006-12-15,0.016641882718632737,,0.03316766372277304,0.010084811875834439,0.016228345399185377,0.01781968790252727
2006-12-18,0.016620359308975808,,0.03234058638850849,0.010637360289591695,0.0226347723095213,0.01766684520749335
2006-12-19,0.017195295570515773,,0.03401182765974388,0.010423109019833461,0.023416920398146517,0.017305575155661085
2006-12-20,0.017142900338823378,,0.03258262515744445,0.010504958866735012,0.0230754111400567,0.016965379480608615
2006-12-21,0.01668838314565766,,0.034124619263166685,0.01029518064380381,0.02252652290292766,0.017190850856100604
2006-12-22,0.01696472924436207,,0.03271325292963341,0.010122280785657438,0.022138370567288745,0.017766424354260898
2006-12-26,0.01637234075464341,,0.03223788430516389,0.009920568095001678,0.02175634177660976,0.017529339263827427
2006-12-27,0.017202888876131677,,0.03960682908135329,0.009832817912155407,0.02128650543172984,0.01721280908771547
2006-12-28,0.017036707704190916,,0.04036645662859342,0.00969995251053196,0.02105709478315038,0.016992242397794878
2006-12-29,0.01639610393420883,,0.04362480408002537,0.009760797498518086,0.020545312850065937,0.016629653737213427
2007-01-03,0.0159897018805674,,0.041749295146449796,0.009573399434294047,0.02004661042292959,0.01639038045062058
2007-01-04,0.021264454594144232,,0.04045972622420423,0.009775974791273463,0.020105181497249106,0.02328061739323601
2007-01-05,0.025427182287558515,,0.03868442288870522,0.009649762900815572,0.019850331577410767,0.023021501560019128
2007-01-08,0.02445479588904929,,0.037015625895272845,0.011463873797066391,0.022144667357108582,0.023137683071808777
2007-01-09,0.023280132302512836,,0.036598236098955794,0.011243919247319706,0.021726145916590923,0.02261751864001577
2007-01-10,0.022312657436018436,,0.03690262026280725,0.011152786189450023,0.021617599572523103,0.02221186946496994
2007-01-11,0.023284274259816495,,0.03573848270578724,0.010928438757861368,0.021254876856796497,0.023400104354736096
2007-01-12,0.02566407612446258,,0.040397127773260995,0.01069835937412048,0.020739002248526105,0.022863707359421195
2007-01-16,0.025221512563466213,,0.0411987271655808,0.01132790104036159,0.02157173879319144,0.022779407188467403
2007-01-17,0.026348676278765075,,0.039415995935628736,0.011088603376725991,0.021529511654497843,0.02237670000642201
2007-01-18,0.02573984719599903,,0.04221559743868198,0.011114160586484102,0.021539224138903645,0.021881052417879177
2007-01-19,0.026801072490135937,,0.04056729029906773,0.01100999375025147,0.02131847085875076,0.0223614467826323
2007-01-22,0.02701899819920055,,0.04643559656530101,0.011105200434543072,0.021203465629510032,0.021946974866275726
2007-01-23,0.0261961625801643,,0.04796027593373256,0.010895698315174283,0.020729789371840925,0.021493947089597298
2007-01-24,0.03396639400730007,,0.04712580077096448,0.011317029677164237,0.02070354384811863,0.021349139798128233
2007-01-25,0.03215105090802847,,0.04556829274411296,0.01109416155381429,0.020201378907726185,0.020937966545835816
2007-01-26,0.031150381831140696,,0.048678893326937984,0.01085660435949596,0.02005446756742326,0.020857280950412057
2007-01-29,0.03022665766172915,,0.04786499265986686,0.010686520016062618,0.019660944557905548,0.020440001577323695
2007-01-30,0.02979999760205895,,0.04703846390359638,0.01047556191988114,0.019296583590802618,0.021365638809376718
2007-01-31,0.03279398880632896,,0.056183540831477696,0.010262915154617372,0.01895852469341321,0.02095279043306061
2007-02-01,0.03163576296813154,,0.05367915368108877,0.010341634391069913,0.018786933388880635,0.020654389657448882
2007-02-02,0.030306955093119346,,0.05151804387316515,0.010261434449389296,0.018521792856940517,0.02089720586158551
2007-02-05,0.03012367881123341,,0.049221780601015085,0.010686388310423232,0.018966275908222772,0.022391381023616708
2007-02-06,0.02856629186348434,,0.04739760776725428,0.010560153898386288,0.018774552703653993,0.021886291984567405
2007-02-07,0.027071043392299984,,0.04526775578645946,0.010370681670833732,0.018425298553945042,0.022436134457160306
2007-02-08,0.02648720345258093,,0.043386574067235735,0.010169028720621061,0.01800103649958924,0.0222372786667675
2007-02-09,0.027276308636291758,,0.04191274845204747,0.01011258998957088,0.017611226902934134,0.0217316833494916
2007-02-12,0.025874584523192305,,0.0401006085496393,0.010324093818374944,0.01736365696540543,0.02198641231865187
2007-02-13,0.027056614545466453,,0.04531746561322584,0.010237549192249774,0.017271999524146823,0.02173924521520686
2007-02-14,0.026493118322941343,,0.043663918047513406,0.010034789824381031,0.017184841584154495,0.023074121039884824
2007-02-15,0.02581716657607448,,0.04205488533316762,0.009886182426298552,0.01680975515330197,0.022554041405487234
2007-02-16,0.02450540540458039,,0.04024577714534095,0.009690481075188334,0.0164269573817345,0.02312698062349209
2007-02-20,0.02442549511678078,,0.039406440909796975,0.009509426808075443,0.016062790139728854,0.022651024600205003
2007-02-21,0.024326198056339607,,0.03781981908914492,0.010042154544624465,0.01590967904102295,0.022595868320456954
2007-02-22,0.025409232548940633,,0.036258045464016536,0.012126285226206377,0.017086697951923593,0.022742232924843515
2007-02-23,0.024528490494105545,,0.03484197654560945,0.011858784531017843,0.016697204539090012,0.023792583433254723
2007-02-26,0.02332012947976458,,0.03338135725338935,0.011643907869452881,0.017177633830157024,0.023886414975394187
2007-02-27,0.022211675594000956,,0.03304149560508373,0.011428452555920867,0.01685176951429212,0.0233627677105582
2007-02-28,0.021155760009151817,,0.03167139900060159,0.01121233685772321,0.016617359677092065,0.023098495317918376
2007-03-01,0.020233891251409813,,0.031839106486860176,0.01186012573413136,0.0176626966230819,0.023219117589920377
2007-03-02,0.019344404606632563,,0.030534311322136326,0.011818522624310004,0.01956018997539469,0.022686956041126586
2007-03-05,0.018610604145002707,,0.029362263521318654,0.01334659574408723,0.022339137882068972,0.022423988591975193
2007-03-06,0.01967695123586866,,0.02819270431887332,0.013136582402941488,0.022082096809931177,0.022085890438095897
2007-03-07,0.019058809461975856,,0.028485608150662506,0.013024459985256363,0.021928431779383247,0.021833807726654875
2007-03-08,0.019097906754607336,,0.027715498543621746,0.012897258851625742,0.02149094342756481,0.02200112274330435
2007-03-09,0.018306474312054594,,0.02716708818237403,0.012627512468175072,0.020965206212794758,0.021858371370075493
2007-03-12,0.019468811235106777,,0.026956621278727985,0.012393057256404303,0.020611650127512208,0.02167073741195369
2007-03-13,0.019632984015123353,,0.026974409543691694,0.012126619839681475,0.02020667442847837,0.02174369556426172
2007-03-14,0.0195514221788773,,0.02595789614071472,0.011859429436824857,0.019831725741285576,0.021300953007602267
2007-03-15,0.01872389668410175,,0.026272239257572206,0.011807472221875346,0.019474469411623077,0.020820212253606803
2007-03-16,0.018268554004198575,,0.025852582201980008,0.011640314768755584,0.019480869355062273,0.023452196779923454
2007-03-19,0.017700841206639128,,0.024936164172882552,0.011582631723718708,0.019162092930823927,0.02296794134641241
2007-03-20,0.017260487968778392,,0.024270572580758612,0.011329191873664348,0.01870820893796221,0.022448850993084236
2007-03-21,0.01659231228994093,,0.023546519056105785,0.011177959766939987,0.018411306701032356,0.02195406508271079
2007-03-22,0.022253219451108287,,0.02506750099850725,0.010941117554524012,0.01799669221776669,0.02147211002013751
2007-03-23,0.02373371962224364,,0.025018727938380975,0.01078847246271466,0.01779196789541367,0.021239977613709448
2007-03-26,0.022745623483979908,,0.02419996298995489,0.010781912117111617,0.017885525541132496,0.020759735306813097
2007-03-27,0.021858998549528566,,0.023340936161428436,0.010748971819530363,0.01774996077197412,0.020625372249330108
2007-03-28,0.020828068456330867,,0.024668035670584586,0.010533741661178795,0.01747613399784799,0.02074805121430309
2007-03-29,0.020636163655225824,,0.023862074054339065,0.010397120452489788,0.01732522548446671,0.02028129648746898
2007-03-30,0.021787351440468613,,0.02309271968939665,0.010312459932266602,0.017025402723509265,0.019896063707592233
2007-04-02,0.02078274737564811,,0.022770001868599798,0.010109381219329201,0.016738772175073826,0.019953691781017923
2007-04-03,0.019831791533736556,,0.022118804102054822,0.009935510649483281,0.01643967261577516,0.019607342763298608
2007-04-04,0.02002621739564604,,0.023546708674763966,0.00975591137333491,0.01612545510969257,0.021038895013213037
2007-04-05,0.019185890455369423,,0.022982287940725925,0.00987117868822266,0.016088024681698905,0.021051178730921247
2007-04-09,0.01836695681822416,,0.022470876985421745,0.00969271591359444,0.015856254493652557,0.020589648640887862
2007-04-10,0.02255756037173232,,0.02185322236017412,0.009534946530458641,0.015546619824898784,0.021514607668487208
2007-04-11,0.021549194550845464,,0.02455837697186143,0.009447284610967005,0.015328914726587428,0.021058096554608028
2007-04-12,0.02054561552090286,,0.023675093688261168,0.009266635014961985,0.015006728117060284,0.020860675733639315
2007-04-13,0.021612748163068594,,0.022976842464744216,0.009111515218572775,0.014690523308211014,0.020972085801770745
2007-04-16,0.02063842633726328,,0.022697048708586593,0.00945424205843798,0.014867731090791935,0.020608665747218168
2007-04-17,0.01969939651944596,,0.024411113121979033,0.009370583027917342,0.014548324754260409,0.020145436934654107
2007-04-18,0.019024443211481473,,0.02397590521828506,0.009214856223717259,0.014269710428573633,0.021344163823356122
2007-04-19,0.018205992855758062,,0.023324763537913316,0.00904479510856641,0.013987172199269881,0.021138543740835267
2007-04-20,0.01871314991490935,,0.02250995523419853,0.009007124105846786,0.014206372475375047,0.020742345490079854
2007-04-23,0.01948915417587812,,0.022223646208949253,0.009123785813162843,0.01435765452032046,0.020314664388182798
2007-04-24,0.022229522550781162,,0.022648022751187977,0.008968042891227797,0.01413418492061473,0.019904485207828428
2007-04-25,0.02215437812110987,,0.02191342777597299,0.009028196201987037,0.014476635427256062,0.020022771936047307
2007-04-26,0.021922944006203378,,0.021469120358099347,0.008863209752875297,0.014172524504699772,0.019677465008906034
2007-04-27,0.021255982101387967,,0.022004813690539388,0.009165351237760027,0.0156014356728732,0.02009910726250518
2007-04-30,0.021306398814833937,,0.02471244730119396,0.009061131596022225,0.01539215377429361,0.01971422679545309
2007-05-01,0.020661368740879454,,0.023838028188162795,0.00890733656811552,0.015054806383062568,0.019337649453675002
2007-05-02,0.020776083526392486,,0.023686861891702504,0.00895728449277956,0.015106386843533959,0.019384133639953
2007-05-03,0.020172541418046322,,0.022850813351218885,0.008823300312729905,0.014788211498937715,0.01896730865377209
2007-05-04,0.019443278169364572,,0.0235500269669585,0.009117921889749614,0.014775195730103309,0.019134280894004686
2007-05-07,0.01971087359555781,,0.022723675907005837,0.009084953773520065,0.01446238563769546,0.018829470649260993
2007-05-08,0.01900898510938139,,0.022800873690758446,0.008919015359970254,0.014274542778183418,0.018554770750894855
2007-05-09,0.018598857277850822,,0.022729029649226348,0.008808116231290145,0.013988998265057126,0.01814917261369964
2007-05-10,0.01821425287116938,,0.022174496819229422,0.008783943083854785,0.01386472067769776,0.017901144136512965
2007-05-11,0.017497585576624435,,0.021429547888991145,0.009847369009336322,0.014626731205828991,0.01866511349540874
2007-05-14,0.01701205092110993,,0.02174658144826553,0.009790326194556095,0.014599867113960179,0.01837637649661869
2007-05-15,0.016355219160076314,,0.021115063678182947,0.009624292172583197,0.014336203671377154,0.019094455300055234
2007-05-16,0.01611388985163649,,0.020726257427784202,0.009529287443292298,0.014103902560641913,0.018828470807815405
2007-05-17,0.01587366743409542,,0.020093178592505066,0.010183390756282901,0.015291651138511473,0.019560478250458757
2007-05-18,0.019030507403137928,,0.020659972822764258,0.010064672223816875,0.01497210837936771,0.0204212918114374
2007-05-21,0.01821289806780118,,0.02063247299325273,0.009966909497206664,0.014793180038289586,0.01999804840663609
2007-05-22,0.018540941807145443,,0.020026388614499454,0.009782021957906615,0.014646642657728654,0.020120649102557522
2007-05-23,0.01889163757504532,,0.019909696404032326,0.009671746158755561,0.014530947105524944,0.020592223897152234
2007-05-24,0.018458477465383656,,0.019394251094025157,0.009517563386292286,0.014358781458217682,0.020132015899563132
2007-05-25,0.019374495500660664,,0.019076918549551382,0.009766107263466904,0.01440830105920196,0.02116378765341143
2007-05-29,0.01914552849309253,,0.01861210342366041,0.009592672727325028,0.014174707686926823,0.022615571850500008
2007-05-30,0.02100538396054709,,0.018214436396832744,0.009423633233780423,0.01438727875028847,0.022098618073429152
2007-05-31,0.02009540199432926,,0.02226687886815463,0.009339389769612289,0.01408331629300269,0.021634217942630766
2007-06-01,0.01934602427698805,,0.02151821198035106,0.009477106925492246,0.014428892749632485,0.0218218325104425
2007-06-04,0.019186307121960403,,0.020937855981966333,0.00979945449611976,0.014811295628945622,0.02133195759365381
2007-06-05,0.019098781170424725,,0.02337051027598386,0.009608869686630129,0.014493203108004811,0.021188979841089313
2007-06-06,0.018527623942616794,,0.023057075060929307,0.00943127944047067,0.014231086797804273,0.02074401500974386
2007-06-07,0.017812068084920463,,0.022262281560921623,0.009252577645333895,0.01401579189562753,0.02052458234628688
2007-06-08,0.017658151070478127,,0.0236199332043771,0.009541367369287526,0.014236376905774338,0.020096459750952825
2007-06-11,0.019989309314370766,,0.023666438315926498,0.010471282745804809,0.01576679442204844,0.021035042692876295
2007-06-12,0.019926078369640606,,0.02294115874159298,0.010613381415295099,0.01593506636312374,0.021368294740240337
2007-06-13,0.019299030729486206,,0.022326046784942127,0.010566519129668762,0.015886033355238867,0.021269194355576712
2007-06-14,0.01893243344290759,,0.021780789938137604,0.010348097423759967,0.01554048469098885,0.02087307033191588
2007-06-15,0.019217740223486955,,0.022427914387741013,0.010186532920724634,0.01530744114439011,0.02098048496349305
2007-06-18,0.018442455632062607,,0.0220533572973523,0.010016088905170948,0.015064392368889314,0.020563087147314963
2007-06-19,0.018325792261869173,,0.02309783758027344,0.0098213091739246,0.014743324559950468,0.020101975095691987
2007-06-20,0.017562107673418197,,0.02332963622171801,0.009739408710778951,0.01450837210993906,0.019697029611056897
2007-06-21,0.017414614568834773,,0.023121045634502204,0.009667827501059021,0.014257474429665922,0.019472474133282056
2007-06-22,0.016836871320114775,,0.02239388923592886,0.00965086012355021,0.014199623361761336,0.019207968786602414
2007-06-25,0.016324854192711583,,0.023496973248311317,0.009501262155615944,0.013950235141695123,0.018829859449814117
2007-06-26,0.01572194631049723,,0.02411796028766863,0.00935014431742397,0.01388115046672925,0.018440684348434183
2007-06-27,0.016578165556063576,,0.02342622177274015,0.009655511637506964,0.017232989277128245,0.018785077567618956
2007-06-28,0.016838158405649534,,0.022706878949350792,0.00946948335990418,0.01687296718726793,0.01852266950742968
2007-06-29,0.0163957112615386,,0.02511673904520639,0.009459826078257474,0.016767395782717506,0.01865248677948997
2007-07-02,0.016511729724212016,,0.02474216791620045,0.009279518583597116,0.016392838060464335,0.01829708958960987
2007-07-03,0.01597976635669712,,0.023844538234877803,0.009468314358581493,0.016722905162920482,0.018541552073265216
2007-07-05,0.015456319961398892,,0.023002391667366853,0.009364997729751478,0.016370428817915256,0.018202759625590603
2007-07-06,0.015011712353985995,,0.023061364055577665,0.009309006169120481,0.016101985039127197,0.01799434042984609
2007-07-09,0.01511705385031602,,0.02369614414982903,0.009225379206010796,0.01605600885367833,0.01760298935134895
2007-07-10,0.014896924621005045,,0.02291918525647501,0.009363228917098345,0.015738749819981773,0.017351025081039317
2007-07-11,0.01463675085295103,,0.025753569197161187,0.009202471772612845,0.015616764073287706,0.017018751985707112
2007-07-12,0.01423396543881166,,0.02521046297586038,0.009062289507297358,0.015272090230638106,0.01666920559999597
2007-07-13,0.013818004090551707,,0.02475646536866055,0.00910224929815649,0.01536069055197689,0.01647792000591282
2007-07-16,0.014716236619790414,,0.024989210659653194,0.008940794893131813,0.01506917250041253,0.016145659646004003
2007-07-17,0.014271395812763554,,0.027506692931141056,0.008784194879777114,0.014761689471127194,0.01588710058231444
2007-07-18,0.013864330466922955,,0.026655742602080763,0.008629150704934706,0.014466739176137642,0.015556756864275635
2007-07-19,0.014115149883337395,,0.027619488389589414,0.008805557030607593,0.014912935223256998,0.015298675915088935
2007-07-20,0.014137233171995073,,0.02772632065450031,0.008751852064483347,0.014663090841450597,0.016003198468037293
2007-07-23,0.013820030630443163,,0.02922751303809783,0.008819368679672963,0.014358026464136132,0.015856773975223278
2007-07-24,0.01377253778752464,,0.03430861022555959,0.008720100057439973,0.014106712211047643,0.015942636782543044
2007-07-25,0.014610210834701638,,0.034073805329759156,0.008619891947757261,0.013943675935256201,0.0157918690840539
2007-07-26,0.017133759848914826,,0.03278409724710721,0.009124126288194867,0.014516053743282289,0.016115974601406194
2007-07-27,0.016960942667502796,,0.031431809211042945,0.009584812307771593,0.014581678203522979,0.01597503622351087
2007-07-30,0.018365492250258627,,0.03125062758620785,0.0094377063005833,0.014854514675910488,0.015692711506868028
2007-07-31,0.01762400397639789,0.016983452781960298,0.035213082224294055,0.009336622024005953,0.014910778418522463,0.015544570803476654
2007-08-01,0.017775625338875677,0.01711569793786192,0.03678988081057684,0.009195022987156222,0.01472436190323403,0.01561803917829133
2007-08-02,0.018451765896902644,0.017869485960265365,0.03602655992000333,0.009089693196202595,0.014449877817529733,0.015667758222346628
2007-08-03,0.017717836824582875,0.017183945950656598,0.036512662407993786,0.008925232988895401,0.014166021860087055,0.015388938491579527
2007-08-06,0.01799776851335882,0.017023137969804022,0.03495849825839721,0.00908050255719346,0.014151146125066738,0.016003385015545383
2007-08-07,0.022764963009995354,0.022473478177139624,0.03395493809372042,0.008921009997504099,0.014016117952545211,0.015672911507773123
2007-08-08,0.021713703701016943,0.021568613229234392,0.03253093115876935,0.008766238091263227,0.013766976167752455,0.015498323651280977
2007-08-09,0.0207374646759698,0.020879414293625956,0.031192876322153423,0.00868447859001263,0.013545980977244883,0.015764148669204586
2007-08-10,0.019964062624991372,0.0202293709580692,0.03446714229812271,0.009478543476711778,0.015509564870283004,0.01607885830375994
2007-08-13,0.01908674804854399,0.01932080592959935,0.03461503338764927,0.009680710641158989,0.015454328039219967,0.015798323686749036
2007-08-14,0.018270127357984844,0.018478525718161026,0.033175659534469916,0.009495126052599577,0.01511687856305598,0.01634789382186997
2007-08-15,0.01779491339682635,0.017713265825806318,0.03240976406945005,0.009321708667436923,0.014903921652923473,0.016570630711085624
2007-08-16,0.017524965952365936,0.01765040120176304,0.031254771067644224,0.009145565987116452,0.014964079684433036,0.01639182397021294
2007-08-17,0.019773445730425866,0.0188644491227432,0.029979072953760046,0.01110909883078184,0.024470500643116115,0.02245633613429567
2007-08-20,0.01935170113401174,0.018265701642555122,0.02934219764673521,0.011191839529767654,0.02456728108058761,0.022012860964370193
2007-08-21,0.018930022550633762,0.017689840432453155,0.05303987025552879,0.010951803770308733,0.023978891736930102,0.021540378813305627
2007-08-22,0.019647881280269248,0.017762743371826602,0.05188752793417721,0.010719244052880342,0.023759499495728757,0.021067084694812506
2007-08-23,0.018815546156613027,0.017010230310980378,0.05113059220972141,0.010516782664556645,0.023189788930423397,0.021008151191925957
2007-08-24,0.018175455400865643,0.01710096472250889,0.04885443332652675,0.010299591944907554,0.022658932746758058,0.020876158452237316
2007-08-27,0.018267104856746458,0.016721030367836526,0.0469595764984035,0.010462850849159653,0.02282055290899673,0.020979875355477386
2007-08-28,0.017898938419382584,0.01609978391036572,0.045552714357075905,0.010256143586630543,0.022492809584619754,0.02053772148568596
2007-08-29,0.017212311051844734,0.015578224273761088,0.045028010494277376,0.010080074315960072,0.02193524755636548,0.02029268895027616
2007-08-30,0.01819382756335193,0.016465392649780676,0.04394595736677502,0.00989092584314533,0.02145063769140541,0.019843231502865117
2007-08-31,0.01745919905950246,0.015843097469881492,0.04341911364162334,0.009706071789588098,0.02094297810747022,0.019406840869359707
2007-09-04,0.016987685740850033,0.015585605842543431,0.04248697252633185,0.009816077509444823,0.02105134403231228,0.019296218357736514
2007-09-05,0.016872636261376552,0.015849382467157974,0.0415131854368519,0.010031020115721472,0.02091864478673347,0.019658843221424756
2007-09-06,0.016424929879281812,0.015325555054180342,0.04072768008222697,0.009834676122271626,0.020476931306727387,0.01942237666590966
2007-09-07,0.01596631991727153,0.014847134451079538,0.039802029364032515,0.010480342848187815,0.020228709271935607,0.019125837947489403
2007-09-10,0.015464684915858775,0.01435289057020269,0.03892325971873016,0.010368834361310784,0.020148565070379654,0.019044410339450743
2007-09-11,0.015246869300423509,0.01394265834202895,0.04251053221496192,0.010177883856870105,0.019691358149149327,0.01862538162436032
2007-09-12,0.015005672606787295,0.01394654240187151,0.04068088221887505,0.010288827947160168,0.019364369197437267,0.01981054004178644
2007-09-13,0.015925502734550755,0.014436437954594292,0.045936592115773375,0.010079826091700375,0.018916600238453582,0.019458320638012637
2007-09-14,0.015365479675692179,0.014125840074173177,0.04816113024543818,0.009906647587877593,0.018573869124602647,0.019147160599625228
2007-09-17,0.015401150368194512,0.014151837979214236,0.04755818087949107,0.009709798162777434,0.01814276550802026,0.018725899963493824
2007-09-18,0.015915117780190596,0.013990899241875158,0.04860313769720787,0.009676236224772886,0.01804537317987468,0.01838200830750854
2007-09-19,0.015740459374105294,0.013722293940253285,0.04657360841323179,0.009487662395679436,0.017629692492500106,0.018040124985082565
2007-09-20,0.015256111936284582,0.013704417063928744,0.04814718392325936,0.009462695790456046,0.017526619854803048,0.019131086249933472
2007-09-21,0.01561809258626369,0.013461121548557657,0.04676865406283162,0.009721894006378297,0.018201564408245975,0.018711100785091406
2007-09-24,0.01649406871454559,0.013048644184833402,0.0447998543677802,0.009537933903874371,0.017953835575078247,0.01830007922933746
2007-09-25,0.016118566178183188,0.012754842473742105,0.0450065419253111,0.00935491909739936,0.017538439888934325,0.018168421429611236
2007-09-26,0.016570316650732345,0.013447773794486846,0.04299693508038742,0.009179950061045968,0.017134329854923608,0.017796464465564214
2007-09-27,0.016204794619828284,0.013044589959736584,0.0411880879584621,0.009064729069906718,0.016777717865546923,0.017410376329590162
2007-09-28,0.018452423178717016,0.016265545335287606,0.04524820297064342,0.008975606853082348,0.016479098714541954,0.01708302413165862
2007-10-01,0.018335209619029794,0.016002096139637607,0.0432802405186322,0.009236044909635121,0.01672524430085624,0.016720652268556787
2007-10-02,0.01847861756796871,0.016579035460924426,0.04206491116640738,0.009136201315946396,0.01637978987561221,0.01660852071687403
2007-10-03,0.017726468404785707,0.015951827675009526,0.04311950910990154,0.010241103259559299,0.017333562837740187,0.016290151869639117
2007-10-04,0.01702048331013956,0.015329162047278322,0.041674607356427196,0.010034750737965236,0.016937530325606864,0.0161730370976543
2007-10-05,0.017328980182017034,0.016026518915649306,0.04020400097318129,0.01010585983248344,0.016563189268263955,0.015954357170974223
2007-10-08,0.016675671752932913,0.015402656655677851,0.040979022508284786,0.009943854300031382,0.016189008498576175,0.015657569333709098
2007-10-09,0.018328058312228345,0.01756734587901805,0.040412805121969056,0.010050450784450677,0.015974734080007755,0.016448573198620305
2007-10-10,0.01819642380901969,0.01720837770512216,0.03864509708892403,0.009924686383373198,0.016059601381726876,0.016105813550195316
2007-10-11,0.017873891733411883,0.017058716353397223,0.037495324968797705,0.00975773631501238,0.015764546676481403,0.01633051945510866
2007-10-12,0.01840180409574553,0.017424698958557795,0.03636083914462465,0.010012869149942934,0.016268432762701693,0.016063240521792997
2007-10-15,0.01776162129997016,0.016759451466846535,0.03505129770913806,0.009843682201315459,0.015956090749450445,0.015764396438991288
2007-10-16,0.019236954576518767,0.018107139569887968,0.03885618314084919,0.009905971921107487,0.015618915519196102,0.01554526460077721
2007-10-17,0.019128377850175377,0.01757320910200789,0.037309153297699786,0.009709539222299038,0.015605573229899241,0.01539556417589984
2007-10-18,0.01832553361496946,0.016917009517124482,0.0358815725170111,0.009519786428321672,0.015337158572129497,0.015255578388344775
2007-10-19,0.01899406324256752,0.017094095005782853,0.034528968519560554,0.009495068104765364,0.01502739829297988,0.015244975764921447
2007-10-22,0.01846849104962582,0.016680662232788582,0.0359169813912716,0.009313172544175408,0.014930197489509078,0.01495163714472211
2007-10-23,0.018119504785597824,0.016134989502509266,0.03500816087921517,0.00942304917952067,0.014666015185271067,0.015226551673850699
2007-10-24,0.01936491760338628,0.015589401863042487,0.03402776584083513,0.009278349827211319,0.014439651452650568,0.014995594116362001
2007-10-25,0.01964404261093253,0.016000358338933107,0.033857236404489906,0.009126181940943745,0.014165965222830656,0.0150499174641944
2007-10-26,0.02218170948450143,0.019034113358725565,0.03368408316732022,0.009077802427658769,0.014812609283082796,0.014839619748392452
2007-10-29,0.021641268984896076,0.018671574891697712,0.03229251681813687,0.009921568616953999,0.01567883399910878,0.014824056860929732
2007-10-30,0.02135477352544352,0.01871261449851591,0.031022625678512914,0.00981071206375303,0.015514443584534833,0.014558132398141299
2007-10-31,0.023148000668370264,0.02061363868154214,0.04192885885190655,0.009708935253966825,0.015251278762597504,0.014454576930033545
2007-11-01,0.0261161306052849,0.022586823296018643,0.041633301074606104,0.009717564373548858,0.015014678377612247,0.01417043324702416
2007-11-02,0.02505308790315254,0.02175504202422965,0.04123436517958914,0.009536041152701381,0.014785655709117046,0.015498770075874366
2007-11-05,0.025096923336374703,0.02223041598978837,0.0401886441556979,0.010103413317627824,0.015081016038003697,0.015373361140737616
2007-11-06,0.024750020526444195,0.021891173864995825,0.04142504255688412,0.009914749556979829,0.015020376321171121,0.015132654969631787
2007-11-07,0.025125118929441963,0.022851941691408247,0.03994685992908245,0.010218593390060805,0.017134753801482466,0.015011755562883998
2007-11-08,0.02389346802348488,0.021758791822052346,0.039336374037457475,0.010315584937438735,0.016761306184155052,0.015596861599274698
2007-11-09,0.022936405397253237,0.020798703719287333,0.037772973060142864,0.01015143778746017,0.016619533685470225,0.015675725238543135
2007-11-12,0.021989588300578844,0.019876474153171363,0.03681120233579007,0.009973393851477092,0.016248610509252633,0.01577137659024497
2007-11-13,0.02173865814364345,0.01942775769381,0.03530662898970227,0.01191742398022206,0.01962659333642144,0.015650313595904772
2007-11-14,0.02390338511642695,0.021573546587377472,0.03381072323048026,0.011875569937352459,0.01928958999413446,0.015326760064873952
2007-11-15,0.02475033526763233,0.022321756856357986,0.032695765190617794,0.012280281603424606,0.02004805125360882,0.019819016901611138
2007-11-16,0.0236341445508511,0.021633669570754896,0.031788369399102775,0.013940382477666532,0.021429645768744284,0.0241254623161423
2007-11-19,0.02312294529941044,0.02114429811207926,0.032558368221615896,0.0136114935371116,0.020909044021318438,0.024072201713998403
2007-11-20,0.02206632873142805,0.020276039548116954,0.03228325898953138,0.01351221726836785,0.021107607859198647,0.02638264573325232
2007-11-21,0.02370875474519848,0.02206243140935422,0.0333141984483702,0.013652331977464287,0.02126624855396915,0.02594933373230398
2007-11-23,0.022690132788005163,0.02113840463527926,0.03204702454568867,0.013457702853344572,0.020781342850921657,0.027173584860648633
2007-11-26,0.02176815582245208,0.02036712325555896,0.03127175885507409,0.014741062893435462,0.020837660457040212,0.027421507288502414
2007-11-27,0.020815085168059032,0.019497396981629233,0.030003289331377647,0.014393267580351246,0.020386884910894923,0.026877757268886356
2007-11-28,0.022692747278408705,0.020873360079306694,0.029551380888303974,0.014404024767167027,0.02057081620992458,0.026591322711099777
2007-11-29,0.025299380418704567,0.022014940543381094,0.031880063736249006,0.014503494883774986,0.02019801589148442,0.026133839342295184
2007-11-30,0.024052048212534975,0.021017438194342385,0.0322025284973343,0.014217415195398674,0.019763035000716665,0.02587535409987566
2007-12-03,0.02431324078826872,0.021220196067620326,0.03149261834282527,0.01431571141854167,0.01977211455205058,0.026026240337353596
2007-12-04,0.023189042337832987,0.020918543280952065,0.030433251368745574,0.014059184876644535,0.01931124328168965,0.026230417425189157
2007-12-05,0.022369526594459566,0.019978402569926154,0.029314158252884404,0.014121509019831877,0.01928721564283902,0.025988387243621795
2007-12-06,0.021534229210545725,0.019439565144098142,0.02816894254548144,0.013826556881005935,0.018826711049500428,0.02541061434268611
2007-12-07,0.02265577287287991,0.01946148127308557,0.027704023132473846,0.013530002542570682,0.018566801517411392,0.024819766098938344
2007-12-10,0.022700707024238126,0.019384210978189965,0.02762957006744095,0.013340055827635831,0.018217551608144915,0.02478252532747636
2007-12-11,0.021673707945369044,0.01865275333347521,0.027084649605220005,0.013458201735397963,0.018577432074886324,0.024317746804596592
2007-12-12,0.02198077425528754,0.019073808024374153,0.0261329500700596,0.013173223655252418,0.01814135396074432,0.023757008235947726
2007-12-13,0.025660305219438122,0.022746121538931963,0.028458063832724,0.012876444007796911,0.017727294561102967,0.023388504101826392
2007-12-14,0.025465814027348092,0.022608722333200257,0.028770932734186138,0.013139889263799977,0.019545568541841876,0.023478600402292483
2007-12-17,0.024436809671990994,0.02158726481969607,0.028559253491318853,0.012929067844815916,0.019481383854429265,0.022939845541335328
2007-12-18,0.02334415664783922,0.02062805188373043,0.02743509650064813,0.012635720531021077,0.0190148933976664,0.02288027134886523
2007-12-19,0.022215507486495024,0.020109334472795493,0.02673851526650555,0.012517808204729301,0.018802858008882314,0.022357519748605437
2007-12-20,0.02129882748335511,0.019736232394055867,0.02576109042075114,0.012246290331359669,0.018380341471103165,0.02249675289139091
2007-12-21,0.02032451018482844,0.018971017476877225,0.024867679515117914,0.011983881621830143,0.018050713514720377,0.022000147876711996
2007-12-24,0.020825239279023803,0.018891205193213533,0.024051529442403897,0.012125120207844151,0.017781492932080062,0.02340582191435804
2007-12-26,0.02003955392228807,0.01807450464835444,0.024249902271610075,0.01185592854434735,0.01757204962068834,0.023138393619096847
2007-12-27,0.020048572234950067,0.017769530476816557,0.023390309886732758,0.012044790465583377,0.017368984541291255,0.022612509633568815
2007-12-28,0.01925254179656618,0.01722708418100407,0.023168884727639876,0.011790224806105176,0.01697039552337296,0.022350813371476264
2007-12-31,0.018548417840393624,0.01679748019298322,0.0240132781887081,0.011833006869423677,0.016639293560012335,0.02208160908660831
2008-01-02,0.017768455052605336,0.016114470118067457,0.023468689621206806,0.011636253633386407,0.016266354752552562,0.021661242792379617
2008-01-03,0.020625346704774773,0.02016484601707058,0.026788534305767407,0.012571850371025753,0.016821937765071075,0.021211214980213642
2008-01-04,0.01974807540504573,0.01926733408176617,0.02667961223180992,0.01247957099964157,0.01673238248263564,0.02227945599373683
2008-01-07,0.0193466212016987,0.01860855343085328,0.02644357747223542,0.012226709868936085,0.016360633402002823,0.02187421552561051
2008-01-08,0.020762847180900146,0.019492603028982473,0.025475907763212693,0.011986420342494692,0.016177133181129053,0.02140715387697277
2008-01-09,0.020198537970178856,0.018982763199338684,0.024742774503849128,0.01248927133696088,0.017542758637011064,0.023031490235152784
2008-01-10,0.019432812442486267,0.01857114764836061,0.024327625957593663,0.012209236748878662,0.01714040682568367,0.022511618048588207
2008-01-11,0.019761173190169717,0.019206306798379737,0.024153839069176716,0.012255384780789047,0.01782995403139859,0.021998791748439182
2008-01-14,0.019232800806870985,0.01878977992126078,0.02336314902992752,0.012017257243928032,0.017467549249370093,0.021542994883953216
2008-01-15,0.019050726728650106,0.01900277301139464,0.023113333784784657,0.011810181133341839,0.01707779827369099,0.021156271589699932
2008-01-16,0.019905617385027524,0.01935969504204692,0.02305439196275184,0.011550738128049099,0.01676867491178192,0.021594577525730477
2008-01-17,0.019404004499839377,0.019221602748160066,0.02238578740178793,0.012279565171229025,0.01730459885913848,0.021454967775209447
2008-01-18,0.01874520211640589,0.018570114499179266,0.021722367708003912,0.012007440897043187,0.016992312227176107,0.020976071359046083
2008-01-22,0.01800058443866045,0.017832320212558716,0.02127841655755898,0.011742103734168747,0.016850739499091577,0.02079541942598535
2008-01-23,0.017471409208894676,0.017310148643844777,0.024097209165002954,0.011654230937521057,0.016535737848903786,0.020462225336736826
2008-01-24,0.019741298610776517,0.01786779929334981,0.023321735433016508,0.011528271175189958,0.016261728234277965,0.021696949049726823
2008-01-25,0.020699343378858072,0.019158869657382352,0.02355873447634831,0.012442395182444879,0.016702235961758228,0.0222520385693251
2008-01-28,0.020237405046310806,0.01935104226886683,0.023724339881363857,0.012207688768477654,0.0164568139816807,0.02175520429615835
2008-01-29,0.019343309789078875,0.018553680841518882,0.02324646115493214,0.012485849846757165,0.016463908464685668,0.021263925243220592
2008-01-30,0.018617098049565798,0.01786030931517824,0.022754838308311712,0.01221348717549676,0.016107862831963374,0.021881865190005848
2008-01-31,0.01796578618378142,0.017184982404244722,0.022041940861277472,0.011987627861325392,0.01575425906711198,0.021898379821860083
2008-02-01,0.01736549876015818,0.01651546946007627,0.021327583803167075,0.011727476652854342,0.015718643205769146,0.02190292311495197
2008-02-04,0.019416688423515543,0.01855130414476644,0.02429373012417429,0.011916248604924256,0.015459311043008073,0.021487739109392997
2008-02-05,0.018909612895219124,0.018037387559172065,0.023920158457532262,0.011689039407273642,0.015162079236923875,0.0210700525332787
2008-02-06,0.019031701773391977,0.018155078229412657,0.0232220884764467,0.012271874475017869,0.015967764789346556,0.021307073088078315
2008-02-07,0.018821807920852238,0.017781976419126367,0.022489013225811122,0.0124578609245371,0.015855548958192425,0.021849682629758588
2008-02-08,0.018324556721429196,0.017209365263695466,0.022078362306878995,0.012231531746117406,0.015796247242337295,0.02302859555752084
2008-02-11,0.021676759452949636,0.02027733857096579,0.02252266107865619,0.012262784920481268,0.01607909902808443,0.023075389548460494
2008-02-12,0.021524948437614256,0.020055899072730803,0.02322433979522969,0.012023834558741207,0.016381568354195197,0.02257154406362361
2008-02-13,0.02072534404213887,0.019289500729584744,0.022680976357258152,0.012287346071822126,0.016252210997871577,0.02205556623215618
2008-02-14,0.01983447979249567,0.01848828692796586,0.021979286686403032,0.012013632677587514,0.015946631911357607,0.0216265101983722
2008-02-15,0.02026620629294227,0.018677899424260454,0.02510644421897626,0.011746492811250503,0.015641663236383156,0.021257266112142244
2008-02-19,0.019353245640986262,0.01795685866383681,0.024505319620945647,0.011541850596646495,0.015393772292766575,0.020864958231237508
2008-02-20,0.023470693391654397,0.02133010918647793,0.025937287918429138,0.012479987319317296,0.015876896385843987,0.023507365386907147
2008-02-21,0.02242464177391019,0.020342916505355257,0.024968369702283978,0.012316444994082751,0.01585242619512051,0.022994470510117843
2008-02-22,0.02285682644853229,0.020672821445012732,0.02419159138562083,0.012288230088222106,0.015687978869219486,0.02319835485836168
2008-02-25,0.02181908042086614,0.01986664160035647,0.024792994187634417,0.01201721931068525,0.015376043982237077,0.02270464664407837
2008-02-26,0.020823929488781343,0.01908402508575844,0.0239178706571143,0.011861772008565814,0.015053832176049671,0.022332246191333872
2008-02-27,0.02050042073657633,0.01906541245361828,0.0230714537632976,0.011737687986145382,0.01659344626288588,0.0219278400424951
2008-02-28,0.01999159479238383,0.018634254188302623,0.024120434907988982,0.011761455168112079,0.01720559587198672,0.02166418939202205
2008-02-29,0.021140199536345036,0.019601128936609435,0.028639973707168736,0.01157372372483844,0.017509297323402825,0.021208091343260113
2008-03-03,0.0203155378945039,0.01890010570734003,0.027628594346566285,0.011426769779406563,0.01722021532686034,0.02073921565904882
2008-03-04,0.019474849920772835,0.018101395105403935,0.026566347287853568,0.011342547408221295,0.017080280006070096,0.02070023622431047
2008-03-05,0.020838723157518238,0.019734852142914282,0.025555719302845878,0.011734266128885416,0.01710879912770521,0.021002273563421024
2008-03-06,0.025113692946271943,0.02280658850501743,0.027435121250236207,0.012388422424171342,0.019704633968775455,0.02226475100587262
2008-03-07,0.024001491411379746,0.02190484493779759,0.026373733628600418,0.012350441711444584,0.02016619198111848,0.022120658588680068
2008-03-10,0.02284427698334584,0.020888004579258986,0.025384666602941777,0.01208980801847873,0.019680786365970336,0.02163488466277108
2008-03-11,0.023166513269854517,0.02061372868339292,0.025614877832768897,0.011832592882316464,0.019889948337138252,0.02217681606559322
2008-03-12,0.022161749749445847,0.01991855740730349,0.024673648055943156,0.011601574616170942,0.019412750861863406,0.021678626899265453
2008-03-13,0.021352137452953442,0.019240614324272452,0.02377599834751974,0.011383343126483307,0.01913016410776363,0.021372953148785206
2008-03-14,0.02038321362309947,0.018738403069305236,0.02381193006937591,0.01147500515679515,0.019263179549918335,0.020899618772089144
2008-03-17,0.019468246213504316,0.01836355082230734,0.025440956835942972,0.011284453828837068,0.018974879846396325,0.02043125700882939
2008-03-18,0.02296796574355976,0.022148114093612538,0.03464130201137113,0.011056525262967251,0.0189226266345238,0.02132848625494292
2008-03-19,0.02439467017944672,0.023981939022218218,0.03468406632865555,0.010824482482230034,0.01884159644170155,0.021092272585941044
2008-03-20,0.027497945397354225,0.027183012013034316,0.035612133067797036,0.016394224384140784,0.02534660382176189,0.021547136812638545
2008-03-24,0.027349458761350573,0.025840659900398327,0.03411860318557256,0.01695645999115189,0.03189428394616645,0.02124664187549893
2008-03-25,0.026131393655885654,0.024616773045225734,0.03378068942138492,0.016538611103514837,0.03125218385760218,0.02091380037433447
2008-03-26,0.024815231594990484,0.02351401523453556,0.0324832949987542,0.016520816067325316,0.03170908518157963,0.020592013870893502
2008-03-27,0.027484359971532316,0.024620337872838332,0.031497441199567135,0.01640722787992295,0.03171060419432467,0.020328230145628644
2008-03-28,0.026496813374040185,0.02359514648538417,0.030205935515058405,0.016002384683304626,0.030949572867406374,0.021520431407049803
2008-03-31,0.02584062786883835,0.022770060684438227,0.029773060419407686,0.01613359715998226,0.03107007493826784,0.02119168194221701
2008-04-01,0.027533714694674777,0.024193788763266583,0.02996402046940516,0.016078455871807423,0.03128674227933514,0.02071583279494826
2008-04-02,0.02618257328133983,0.023019346072203732,0.03099172629776803,0.0174868136190816,0.030965914074425012,0.020355536201830896
2008-04-03,0.027448790526810877,0.02446860304546885,0.02990270198452828,0.017276927126529174,0.03040136508014164,0.0201763590146173
2008-04-04,0.026219934509059652,0.02358393981301962,0.031542113477778286,0.016986766493690537,0.029862248525343586,0.01981147261043207
2008-04-07,0.025861692924454283,0.023532949832436666,0.030411874381333002,0.016585586183511074,0.029295593101421234,0.0195756637689807
2008-04-08,0.025890786733273455,0.023322140201251243,0.032664587150850515,0.016456157832351513,0.028896109872690895,0.019156935129131535
2008-04-09,0.024645214361362668,0.022331996277664832,0.031452216385004575,0.016177332271770352,0.02861879872954944,0.019277548779352175
2008-04-10,0.024345144766368388,0.02213039262732684,0.03205335108502622,0.016361082627135887,0.02855021292159004,0.019845370849183027
2008-04-11,0.02325430582634919,0.021101753173311623,0.03075256133441269,0.016005917266691677,0.02788337736474831,0.019791707467125823
2008-04-14,0.022122445886115404,0.020177270192659087,0.030112760959519203,0.01565293128885816,0.02751005939455857,0.019378290199776403
2008-04-15,0.02153689562457357,0.01949485329994073,0.029244785247814646,0.015274276611370723,0.026833783005612396,0.019122354912636908
2008-04-16,0.021260094404895746,0.019235885226958644,0.02842504111238799,0.014918529447848263,0.02615944462638605,0.018799281037546786
2008-04-17,0.020491455231781974,0.018611167675178952,0.028081705155492492,0.014986792685322953,0.026155406397588954,0.019076189777462806
2008-04-18,0.01956493754336362,0.017814935976773704,0.027027232783717353,0.014676764528408447,0.025490869299875703,0.01881596990634932
2008-04-21,0.019318898620449367,0.017525733066082128,0.02661955520174419,0.015624858975399593,0.025561075668453236,0.018442944236328185
2008-04-22,0.018581921097594552,0.016839921517604595,0.025919667272007552,0.015251534803832425,0.02559116924137491,0.018077917359004353
2008-04-23,0.018454603040465388,0.016647417213995194,0.025213132085314872,0.014972129524918656,0.025347338070369468,0.018556946306626788
2008-04-24,0.017936491054493024,0.01602468702408822,0.024751674265237722,0.015075590738061882,0.025668105975282195,0.01841364514602778
2008-04-25,0.01829307409393456,0.01646820678402872,0.023848697362275434,0.015398398162641838,0.025885825623323665,0.018227394347788552
2008-04-28,0.018686121097632315,0.016680364252295604,0.02347286755713073,0.0150238756542568,0.02535829148499183,0.018146688410397772
2008-04-29,0.017899334578981806,0.01603420298698398,0.024183188652970342,0.0147146742374879,0.02480994514624069,0.01779427970898861
2008-04-30,0.01920068811249521,0.017889195461414473,0.026231928420879562,0.015035157673227167,0.024984946452261073,0.017982250353122845
2008-05-01,0.01937595337061729,0.01810201308939298,0.025240702630342345,0.014934029857928138,0.024359341248962472,0.017682068134403896
2008-05-02,0.01874135375944551,0.017508491409104095,0.02560125880216411,0.014972302069921362,0.024314273575347913,0.0207092389244967
2008-05-05,0.02071061101512572,0.02016171890172564,0.025365837903599583,0.014707159881194871,0.023967218582951894,0.021498185219687077
2008-05-06,0.021975334910583365,0.021299902514350835,0.02674697176296196,0.014851787853563763,0.02387359011397916,0.02195369751491063
2008-05-07,0.021462087087650815,0.021172814315553613,0.0257397000492868,0.014516548769225226,0.02327908326442921,0.02174206457995933
2008-05-08,0.02088447083926376,0.020818891473715448,0.025208390809505602,0.014257751958544746,0.022803746526343406,0.021418337952247565
2008-05-09,0.01992668938071432,0.019896205468168636,0.024344716590680816,0.01414729196516409,0.022360346855700774,0.021064280238121343
2008-05-12,0.019841326631708803,0.020031123312909727,0.024526924439175857,0.013837322418824936,0.021815931791927503,0.020923331266264063
2008-05-13,0.019498061495781514,0.020156445970498562,0.02446803144170706,0.01351354481962769,0.021672923166322664,0.020517499882880128
2008-05-14,0.019027269071594615,0.0194595550332003,0.023785333985246838,0.013695934856157905,0.021772201031334305,0.020086303206022546
2008-05-15,0.018680093659605403,0.01947241247599143,0.023378199458454943,0.013398613070379747,0.021428897277403953,0.019908522405321906
2008-05-16,0.017893363321788206,0.018695973583666047,0.023174835483449466,0.013462453210760677,0.02092803865642458,0.019689611745182446
2008-05-19,0.01796713881616739,0.018815459136034284,0.023845639831311476,0.013926298893858196,0.020744305348644288,0.01980267242328926
2008-05-20,0.01731767579201957,0.01799007406983013,0.02332928686542064,0.013660172580761293,0.020259543845862756,0.019565875487241417
2008-05-21,0.01731819368063783,0.018507243877341633,0.025051225477644854,0.013723368056189067,0.02170348930270557,0.019133564043283355
2008-05-22,0.019268441846204135,0.021148773881878663,0.025152171018124267,0.013526065242868255,0.02155765221892439,0.018826292722282364
2008-05-23,0.019331034237918092,0.020851878555924682,0.024263488803600772,0.013414346975001025,0.02103025597248354,0.018496460770974752
2008-05-27,0.018755450428942905,0.02003712466296069,0.02372735335221833,0.013206380860953626,0.020773869996161865,0.018177169443810804
2008-05-28,0.01977026525020502,0.02071313860592117,0.02293666817095883,0.013539645898034882,0.022698931162227643,0.017799342525603452
2008-05-29,0.01958097215183704,0.02071636918596231,0.022322558070935184,0.013333883344218431,0.02214313997936024,0.017428792631282185
2008-05-30,0.021714946387658543,0.022103885364920698,0.024432989396118505,0.014136045905451056,0.02466347474279994,0.019352015524867934
2008-06-02,0.020759990342993168,0.021161909640658595,0.02426432132288872,0.013991200501950534,0.02449103771166299,0.019221268329827994
2008-06-03,0.019828113027181276,0.020184474575961096,0.024321629546628504,0.013715837409829585,0.023881906557726155,0.018830043501020247
2008-06-04,0.020906196464719737,0.021105480148056445,0.02424310473283176,0.01366402393622852,0.023304930968996742,0.018466445938530425
2008-06-05,0.020645108814162136,0.02111506138252628,0.023671979990825768,0.013351476670887067,0.022766246757319718,0.018168572967030176
2008-06-06,0.024012789339453305,0.024260699902454094,0.023069061039329947,0.013190564138460464,0.022403619183887273,0.017772138231867823
2008-06-09,0.03414203246165154,0.0331865721309962,0.022634274645343896,0.013994877486859713,0.022102726338642253,0.017858853897054883
2008-06-10,0.033750431955215515,0.03266011770943503,0.021972462580311238,0.013665686493066109,0.02173978920158225,0.017487562989206472
2008-06-11,0.032753243256857266,0.03172079808608675,0.02164421974359812,0.014785464032162918,0.022518606868778154,0.01740839234828158
2008-06-12,0.03314974181704179,0.03148103077690144,0.021592569900532488,0.014685359087026346,0.022156821483532756,0.017064720059470576
2008-06-13,0.031349044664516504,0.02994265405422612,0.02112227748612455,0.014558682941034146,0.022161995263834375,0.016894451156251586
2008-06-16,0.030007822743871527,0.028501901970916965,0.020870281560363062,0.014211316587009666,0.021638571970142576,0.016911092930154793
2008-06-17,0.028419132503215146,0.02707137237185478,0.021437799464464117,0.014209495346856248,0.022902163118985453,0.01724728933036328
2008-06-18,0.02697418426102026,0.025822379922379818,0.020741887453905233,0.013871991587708944,0.022424711039844492,0.016921551662229462
2008-06-19,0.02629218916447309,0.025310222274830638,0.02091907027290474,0.013624383006259648,0.02213710832437516,0.01725650599311765
2008-06-20,0.027412896499985923,0.026228904506996,0.02183613452603237,0.013524368817175643,0.02165514551099492,0.01697385695621042
2008-06-23,0.026723154566573197,0.025780824707931055,0.02132379688925812,0.013208985113744551,0.02114233713442402,0.01686924050513987
2008-06-24,0.025793280517053176,0.024610608596330907,0.021161741414214584,0.013477517759384227,0.022090947860907036,0.016540712224203225
2008-06-25,0.02448592570429485,0.023433063720344087,0.02097150535929432,0.013197510709065776,0.021646030544714513,0.01623165036624735
2008-06-26,0.023998161888004976,0.022859523639015823,0.02120800013881956,0.013081593785016088,0.02118532464895944,0.01589683750398494
2008-06-27,0.02558371481299728,0.02507516623028432,0.02206346567451456,0.014856834563183841,0.02225685608852376,0.01569722851596096
2008-06-30,0.02431290221796178,0.023859063527118692,0.02142137095569038,0.01493273308777852,0.02261985280455024,0.015705753897485165
2008-07-01,0.023114552085541935,0.02273063092804832,0.021003180748061085,0.014592314569082433,0.02220669380903278,0.015389384244980164
2008-07-02,0.022084597574150426,0.02171733315598856,0.020599595186272048,0.014676911084599096,0.0237512835125666,0.015136011937578096
2008-07-03,0.02177291896811655,0.022112378167852227,0.020136357687340282,0.01433120966800797,0.023215446613382946,0.01686068879753197
2008-07-07,0.021057797416282345,0.021410625887174635,0.019947386906394048,0.01429009691675773,0.022645664416700604,0.017549140241067355
2008-07-08,0.021939406409109127,0.0224067030161383,0.023709945511146847,0.013992516762615627,0.022766459651037362,0.01795680793801472
2008-07-09,0.024269473251780055,0.02464591530420508,0.027117255071432297,0.013721085643280484,0.02220654381785976,0.01948299855606525
2008-07-10,0.02306566097342371,0.02343845278855132,0.02759810930711531,0.013447024740537312,0.021826496141611296,0.01919218792604656
2008-07-11,0.025303840610579376,0.025395700922182806,0.027482641462360652,0.013459577134821533,0.021361743099329488,0.018808271043750876
2008-07-14,0.025140784521770532,0.024708477598094296,0.0282309983422983,0.013736036941892613,0.021688009585003862,0.018432050862071326
2008-07-15,0.023875229059364608,0.02353363863413876,0.027154215806152394,0.013694208689884725,0.021746820063106777,0.018043176062437397
2008-07-16,0.026950605543159433,0.025194218722661775,0.028941002333183623,0.013409339925537788,0.021389575157416286,0.017852977059049546
2008-07-17,0.02735862051315707,0.024896400823365576,0.02787846126023171,0.013546887543419081,0.02100892374813128,0.01765414464356897
2008-07-18,0.028973592061244603,0.026191449848633027,0.035801404448007716,0.013337262655491202,0.02051258389460198,0.01756920338196203
2008-07-21,0.027469663822563026,0.024982705247236562,0.034284533406213596,0.013323807870720471,0.021032133251023835,0.017410256150780422
2008-07-22,0.026535420483519322,0.02441800678193684,0.0328896471286166,0.013067389966196061,0.020702886864760083,0.017083042640116494
2008-07-23,0.026330732839893862,0.02437414838737014,0.034121664383607996,0.013195403309872194,0.02084234061038868,0.016774124291989753
2008-07-24,0.026544962082113474,0.025472631968080712,0.033788399304372066,0.014108592949638956,0.02147075231786401,0.01645372053596206
2008-07-25,0.025304370064206404,0.02436825725830911,0.035574374145815414,0.013774816101479426,0.02103891693375826,0.01626414808775442
2008-07-28,0.024728008701271547,0.02368617738376435,0.03496793484794689,0.013484943170657378,0.020549493045499946,0.015989944522428263
2008-07-29,0.023762738480850643,0.022764624437446118,0.033579531383662625,0.01317074163086966,0.02008420452694864,0.015657008283397653
2008-07-30,0.023561638236033855,0.023097261437439592,0.03221632307272873,0.013122474860075017,0.019631961298934467,0.015405216896176665
2008-07-31,0.025174394882563244,0.024538746614381476,0.030898259982435512,0.013198197888357783,0.01919619923715952,0.015089176510601033
2008-08-01,0.024898440608704962,0.024628579106587715,0.029954543687705004,0.013120854519442275,0.019190916899275986,0.01492033006336103
2008-08-04,0.023773320683092236,0.023424447324361667,0.03003234798000164,0.012871630882566014,0.019043129473807117,0.015458347169267693
2008-08-05,0.024576135915092875,0.02405680926437669,0.03634954545184074,0.012751090508635415,0.019222541808220087,0.017263254622766937
2008-08-06,0.024124727358018565,0.024216705442609014,0.03479296191356959,0.013453107707162439,0.020214625794111374,0.016995369687942408
2008-08-07,0.02299671937050352,0.023118858143203084,0.03335487324412878,0.013161936783749932,0.01974596774065561,0.016634713135363566
2008-08-08,0.022185326584832087,0.022116724121912637,0.032742775397047064,0.012915799394845034,0.01956160732513643,0.0162847759463601
2008-08-11,0.024883809498875906,0.024426408837539465,0.03348027521879485,0.013008229085273553,0.023147778282561694,0.01632830458219958
2008-08-12,0.023741924310174172,0.02331125355588882,0.032276631948103846,0.015585094275748265,0.024926398856635532,0.0161934672216601
2008-08-13,0.022958369378938148,0.0226095378349981,0.030951798629786757,0.01559096327780182,0.024383703537882107,0.017701533386749922
2008-08-14,0.023298376921199026,0.022451754092931674,0.030017720074227164,0.015777561826850015,0.02439721662510092,0.01919934798426649
2008-08-15,0.022349942751722817,0.021389301301852494,0.031099665128253778,0.01598855121042188,0.025567877391309956,0.018979426519216573
2008-08-18,0.021585656617034498,0.020644071383540866,0.0298804699926262,0.016652132910524867,0.034157302099039076,0.01859783905376678
2008-08-19,0.0207489817630413,0.019776971036420014,0.029717873265704804,0.016614436845778926,0.03362207831671575,0.018204353627868944
2008-08-20,0.020293634369886696,0.01921498787005545,0.02870934569704877,0.016453864624812232,0.032741658981684546,0.018673677149631206
2008-08-21,0.019408100673913253,0.01859790146737012,0.027820229042312204,0.01604953692241321,0.03190547423760087,0.018409998143646432
2008-08-22,0.024800163213706896,0.023510601048998478,0.027480993144023202,0.016644426501439488,0.03313006708590823,0.02012331972076302
2008-08-25,0.029566658383200935,0.02796546045044148,0.030580429756915994,0.016298021301846204,0.03252301008410388,0.01992152640343677
2008-08-26,0.02802595184049606,0.02654943432911051,0.02935066136641297,0.016018837812077427,0.03172270739266795,0.019485548871064687
2008-08-27,0.026730307675042676,0.025267885971148173,0.0328296003505183,0.01563459544361463,0.031084053576182605,0.01921008237046665
2008-08-28,0.02582442327444606,0.024385852008582284,0.03172892858215023,0.015318063872568823,0.030325437208457474,0.018860533143473284
2008-08-29,0.025519528664838267,0.02387528439487247,0.03296816872476585,0.01495927657579449,0.029622745355876248,0.019079103602858753
2008-09-02,0.024233186563444756,0.022719690763854675,0.03186388209676761,0.01460570387146135,0.0288566613210407,0.01865782887456151
2008-09-03,0.028236968399263766,0.027004824197160687,0.04085793100497371,0.015556101848632618,0.02962201064890085,0.019419806217779067
2008-09-04,0.026785210145636108,0.02566376168073047,0.03906135846313608,0.015191119042198711,0.02904243703765906,0.019086059178126544
2008-09-05,0.025787811035636564,0.024945951603542075,0.03743012737196516,0.014880739578806505,0.02829318428515729,0.01901060579384055
2008-09-08,0.024998165370939948,0.02463795990060421,0.03617349537961326,0.01452283845420628,0.02963225198938108,0.02175681345811079
2008-09-09,0.023743075524937055,0.023519893813340905,0.034759081583822155,0.01417558071735736,0.029247327533494693,0.021286616343246384
2008-09-10,0.024482594345789498,0.024360654015061715,0.03328904022671928,0.014116566524467411,0.02925131388558941,0.02082819172708469
2008-09-11,0.023372934229013063,0.023583763977089774,0.03242655550615253,0.01588357546450156,0.032861041383993955,0.020444438098609536
2008-09-12,0.022900354561504185,0.022856685752132372,0.03166941393127178,0.01617816336218874,0.03272923498639616,0.01999752482925255
2008-09-15,0.021808442542148018,0.021764540782515582,0.030739293308754485,0.01660584731228026,0.03228456386871231,0.020143649700453823
2008-09-16,0.027335459684599633,0.023473599032084725,0.029490812182868233,0.017287777111632083,0.032198126410057544,0.019763744707982273
2008-09-17,0.030260291438429274,0.02820509266140336,0.028593473347443048,0.01695411536824124,0.03383670922206603,0.01989610205156888
2008-09-18,0.034956187372817776,0.03283360369458095,0.0370918897529189,0.02431448233101772,0.040408002173109345,0.01966293558135016
2008-09-19,0.03310085540170173,0.03113717507400296,0.03725246207814978,0.02607025850133937,0.04363402595321582,0.019292927077149153
2008-09-22,0.037517634059852686,0.032718155114135936,0.035836401551194746,0.026510865278677166,0.042657445335976825,0.019765089826133272
2008-09-23,0.057950139005260984,0.03661368894724328,0.03466038510493537,0.027715165784368355,0.044802180325003244,0.020009324902478184
2008-09-24,0.06767529107618618,0.0358098761008557,0.0347997270068283,0.027325469527888772,0.04386179904636625,0.02059930536408316
2008-09-25,0.06375287025865467,0.033976715439166444,0.03474391848506886,0.026612605845359117,0.042921356720295074,0.020366877374782315
2008-09-26,0.06037412232708249,0.03282294889146711,0.03331530537315004,0.026051641968759198,0.04186763676841071,0.019970661275897025
2008-09-29,0.056949032486830066,0.031282186669184565,0.03347893349827125,0.025390860163361964,0.040943189363623,0.020027374506802004
2008-09-30,0.06294624428325943,0.04247068735681627,0.03371793655325737,0.02475041865955391,0.0406630171163556,0.02260578240849914
2008-10-01,0.06078370781397594,0.04240414074258258,0.03348476563988456,0.024333483058995714,0.04175343660115912,0.022194080806513437
2008-10-02,0.057637296108271306,0.041179786309934435,0.03405372783731688,0.023740936151527028,0.041569144278128044,0.022702668937735076
2008-10-03,0.05635355658836575,0.04218330252097825,0.034084743436217105,0.025235056390985687,0.05103152590689998,0.024801219298977144
2008-10-06,0.05307260428578881,0.03992994780334905,0.03304527434783694,0.024706059176580884,0.04982932988859336,0.024560717148137488
2008-10-07,0.054351468742999474,0.044628460072355304,0.03873114488221334,0.025419100888686725,0.04850026788832817,0.0289071935418284
2008-10-08,0.051789294914022115,0.0423629175218795,0.0371737376232782,0.025020185874660487,0.047238202645097586,0.02841700985742543
2008-10-09,0.04896253338165194,0.04010005428318651,0.03559504150675469,0.025014630474789454,0.04659382320624124,0.03161285226463429
2008-10-10,0.04695083158470379,0.03849902210574184,0.03426689016440077,0.024807661722696314,0.04538949562042978,0.031256306925315384
2008-10-13,0.056085326852146976,0.0500687734516174,0.03536755145618185,0.025059533185480817,0.05099150086969769,0.03906834946238687
2008-10-14,0.054575098555183936,0.04931180065012012,0.034553108914243784,0.024743210779347363,0.049784874252456694,0.0413070830570023
2008-10-15,0.05242646145136181,0.048183827820848395,0.03313466003795146,0.02410411719232039,0.04878961647823361,0.04093223326686734
2008-10-16,0.05225662000062987,0.048341881125330985,0.0323529386050278,0.023474402342569638,0.0509548509039829,0.043321823851883205
2008-10-17,0.053417908077748516,0.045711318256968864,0.03140285446610764,0.024450565553950296,0.051042435580087496,0.04395336796898172
2008-10-20,0.05107510822088648,0.04357553961026699,0.030331460363907436,0.02420338333468488,0.05016614581751045,0.043615459151681704
2008-10-21,0.04919621951759021,0.04257286341029079,0.02918087405288672,0.02357668077699024,0.049526118303149326,0.04298492519960693
2008-10-22,0.048673196220165665,0.041573689553220286,0.028372909993011057,0.023681784498048114,0.04897644484891441,0.04345196175288937
2008-10-23,0.049731680352850575,0.046260164871328086,0.027428912393014912,0.024803920975037565,0.049592533047030686,0.04564051137812098
2008-10-24,0.047123521522698476,0.04424811585781363,0.0310730535977716,0.02483795711505551,0.04827616027860835,0.04498619225236519
2008-10-27,0.04787787427148626,0.045975275771827216,0.031038630060654687,0.0245949341517363,0.04723637655890187,0.0462301455700618
2008-10-28,0.04537876284207856,0.043610744709187674,0.03034165233486057,0.02420104199513241,0.04603689604880137,0.04703245283724012
2008-10-29,0.04286460049671123,0.04166980876512925,0.029277055230956764,0.023578627559424872,0.045922159630518246,0.04632275354051326
2008-10-30,0.04652407114928828,0.04705469384005534,0.0311266306758668,0.023255328052921374,0.050897307214353725,0.0513966685633444
2008-10-31,0.04448891813824183,0.04532641369439597,0.02991439763929336,0.023072863442706107,0.04953401999149078,0.05373090852549614
2008-11-03,0.04281913629394205,0.04355880562167415,0.03284118353446115,0.023227748461904927,0.04822323688409079,0.05265655440416061
2008-11-04,0.04459666839323382,0.04777566982418399,0.031561445554831896,0.02274884559974897,0.046934254031944345,0.051376302335206264
2008-11-05,0.05225426146282399,0.05384495211933068,0.03434050574891002,0.02372665466238426,0.04646485351069044,0.05164367003009964
2008-11-06,0.055009971619581294,0.05560074527258193,0.032912541645029464,0.023473271794232066,0.04576521612080925,0.05262806318000459
2008-11-07,0.05665486410092149,0.05751913496520347,0.033583342599182345,0.023044565481221264,0.045387090999027706,0.05247094792150385
2008-11-10,0.053367277868032234,0.05435970951831636,0.03364555538381855,0.022449378412608124,0.044223449633717854,0.05132314092357132
2008-11-11,0.0507353053530555,0.052196548077482224,0.03848271568515419,0.022129315582946923,0.04341493876717197,0.050490683365980275
2008-11-12,0.05046911229202939,0.05268462898544845,0.043697749170934636,0.021901593054276434,0.04326061694986168,0.050902466308967415
2008-11-13,0.05068769242456479,0.05345951442593603,0.04399957307049807,0.021734593000768552,0.042776490460057166,0.04966760331726486
2008-11-14,0.04908570609512029,0.05053200251041208,0.042249554988876926,0.021509244815530616,0.04482903961776834,0.04866006031947293
2008-11-17,0.04674812108852123,0.04899598718602143,0.04038172680222663,0.02351088568812804,0.04676056370068304,0.04869321218555341
2008-11-18,0.045666888250961206,0.04771637664925649,0.03995039691501399,0.022897681872053065,0.045669271130979586,0.0479503461883842
2008-11-19,0.04318856767222023,0.045216589639663275,0.038211946361483756,0.022461754037906352,0.04475033897209586,0.04678717454487561
2008-11-20,0.04100067696104439,0.042776152944491254,0.03795449925608943,0.021894898676093223,0.043926440818730005,0.04631022272640196
2008-11-21,0.04589969240306094,0.046511439728823795,0.04135730156453537,0.021608682490507937,0.043316273768710625,0.04531664142037259
2008-11-24,0.043309061629356445,0.04454718783082755,0.04026163815468614,0.023997148047045037,0.04356116421308816,0.04421632252573561
2008-11-25,0.04926449412082579,0.05096824873305628,0.042617574046968795,0.024410048499106666,0.04674001906602527,0.044831352879565536
2008-11-26,0.05163574782407288,0.05279690174534595,0.04671677590686421,0.023772197171331583,0.0455280864003652,0.04381704584348527
2008-11-28,0.05335565574581528,0.054272955947557794,0.04985306789920333,0.02329479473354265,0.044325999851258686,0.042840342196409614
2008-12-01,0.05025993801293756,0.05136427801196119,0.05042017625871744,0.022765828940045932,0.043150836119535324,0.04218505553304483
2008-12-02,0.056946368110658445,0.05937141143272255,0.0483121047509169,0.024707877389972866,0.046135515604081315,0.04124651676731433
2008-12-03,0.05580238201395484,0.05863453993847498,0.04689011229516542,0.024120346385389842,0.04525488183737724,0.04038450495104431
2008-12-04,0.0525701479544819,0.05540830066745756,0.04493432340102777,0.023734619210640403,0.04405105767544302,0.03987224637779769
2008-12-05,0.05419324482511072,0.057052794606727034,0.045871241067800786,0.023157574385053795,0.04291118207647474,0.04054930311342666
2008-12-08,0.0554289019337468,0.057327019123156936,0.04605196892930936,0.02285605855525455,0.04182337209305048,0.04212241932388682
2008-12-09,0.0564778950585855,0.06080088470743709,0.04499287652108244,0.022719598168078482,0.04256198031537308,0.04489333948647221
2008-12-10,0.05458464757607731,0.059135145569096555,0.04298437520193979,0.022165076570638948,0.04152622034812483,0.044556467493588825
2008-12-11,0.0524835277664181,0.056243647694228335,0.04145884312326979,0.023402668079274505,0.041167413991405555,0.04400371808897148
2008-12-12,0.05819962934086486,0.06347809240913184,0.03991982378089065,0.023221760027805072,0.04036798586933534,0.04300404287444896
2008-12-15,0.0560133150150493,0.060339026015556435,0.03865315068966219,0.022671081523109725,0.039515578846641405,0.04354548084045216
2008-12-16,0.05421478412911286,0.0583773299715548,0.037913631257225196,0.022451756292022146,0.03936430089454218,0.042607542092739585
2008-12-17,0.05150359811047643,0.05516590756021447,0.03668782382268732,0.02191872385231719,0.03836199460989567,0.04183736448642793
2008-12-18,0.05551352524387318,0.052525613890648894,0.03582179033659092,0.02222799691470445,0.040041671682429454,0.04084168042864154
2008-12-19,0.06132905886783178,0.05197693443817147,0.03451780563710447,0.021739717388368725,0.039433811216319926,0.0417336518294707
2008-12-22,0.061575254434023015,0.049339347070920775,0.03515129177714172,0.02193936003315942,0.038782548899845545,0.04112039258854201
2008-12-23,0.07771255324024506,0.05028517382720337,0.033742340546016124,0.021498794056717604,0.03775640825352039,0.04016860024651039
2008-12-24,0.07350959088409541,0.04828364228537265,0.04031847672850512,0.021066924453317388,0.038870579426777636,0.040558559420879804
2008-12-26,0.07583907655788343,0.05496066037904369,0.039551891149066466,0.020659517155664848,0.03789099049971923,0.03958930671730579
2008-12-29,0.0741798515677407,0.053955319284344376,0.03808051197731339,0.020879308012692555,0.03708865054748715,0.03888488740774374
2008-12-30,0.07224334820420468,0.05381623590457856,0.03959447315596168,0.020362637932997932,0.036580638703080634,0.038117238773781884
2008-12-31,0.06845924970720016,0.05096847260348913,0.04037265687624363,0.019884231994043673,0.03578895020617454,0.037231029445387503
2009-01-02,0.07693289185531631,0.06239569830081127,0.04058493368046217,0.019656242567132443,0.03541262851198613,0.03877236390660231
2009-01-05,0.07335870446882505,0.05961035316746665,0.04278806453758242,0.01919155396974897,0.03469096144414101,0.03850634574496975
2009-01-06,0.07091537961018965,0.058973718857332234,0.041188704915392865,0.019418440178868603,0.03405719590269813,0.037579079633927204
2009-01-07,0.06675308928208404,0.05600703508983134,0.039636257332614534,0.019018868493925617,0.03334088853179152,0.04048211308609246
2009-01-08,0.07530450370075222,0.06105415401236693,0.0383360843890567,0.019472134096545742,0.03316359818761159,0.04069491738028492
2009-01-09,0.0712118324521745,0.05828560287454699,0.0397347321725071,0.019220533769317615,0.03229660619581929,0.03996241844812874
2009-01-12,0.06735901808735473,0.05511056243006354,0.03818058962439681,0.01873137206213971,0.03176429061724401,0.040624611453844064
2009-01-13,0.06864715636336173,0.053218804337062206,0.03654951031587231,0.02012914129465052,0.033026566742906695,0.04082758569292657
2009-01-14,0.06461934541484154,0.05210882068903046,0.0403979785932819,0.019613602057326093,0.032196846561079295,0.04062027194963836
2009-01-15,0.06098213751148915,0.04928673453081319,0.040688937943333905,0.019361830556231054,0.03165107467975972,0.04049552942439016
2009-01-16,0.05974845089908273,0.04660121026828522,0.039694042955096084,0.018873921472765627,0.03083471428156248,0.03982866002648808
2009-01-20,0.0570677314381998,0.045208092262209766,0.038056422717873656,0.02011348780396209,0.034020113553888225,0.04027132908384768
2009-01-21,0.056864982005080396,0.04744842910056221,0.03782089455923533,0.01993914877783419,0.033136841238342776,0.039436201717155735
2009-01-22,0.06501317299950399,0.04592359932226334,0.03722110469851215,0.019471171190220113,0.03241861748462818,0.03981563351345445
2009-01-23,0.06119766365795932,0.04350360621426938,0.03618825393842615,0.019081513714964627,0.03158277520234331,0.03926893776548968
2009-01-26,0.060823050092228076,0.04566577801163235,0.03627611480252566,0.020528827103754064,0.032666737320272435,0.03992074432649881
2009-01-27,0.05750280410825789,0.04419176155079283,0.034779286227061584,0.020219395285344804,0.031967830501574236,0.04200481880756155
2009-01-28,0.06203799959825231,0.04741971734793529,0.03331632737074479,0.01982320357576262,0.031156761628913402,0.04331742521529436
2009-01-29,0.0585540796658665,0.045578986366502025,0.03198142353399835,0.01949592145681893,0.030581875154752462,0.04229123079686447
2009-01-30,0.05542015471751663,0.043240571800539446,0.031355150334071526,0.01938635323275267,0.029965916826066984,0.04149802878798048
2009-02-02,0.05222146752622944,0.04103219554793133,0.03193430307517579,0.0195298057708528,0.030154860577097452,0.04052797874961267
2009-02-03,0.050773615906056724,0.04143649692578681,0.031998010335863476,0.01960817048530513,0.029496813407240096,0.03994250644636234
2009-02-04,0.04813249377723081,0.03924901969884149,0.030827021123644435,0.019417085101832546,0.028810374909910026,0.0410673403818095
2009-02-05,0.045519231578154906,0.03715368087437842,0.030071137094706327,0.019043660802649378,0.028232454186946653,0.04009130641327297
2009-02-06,0.043394426693706495,0.038586683441019225,0.02899796481669746,0.01875068561322011,0.027946004115587418,0.03934531446392136
2009-02-09,0.04169058802380353,0.03657207415064316,0.02906936191165995,0.018275383845407722,0.028124603745894414,0.042049304146080935
2009-02-10,0.039648038922118614,0.03466133991792946,0.027983863397946784,0.018502051132932292,0.027984348750819503,0.0410846832923521
2009-02-11,0.0409643274347344,0.034277020676912955,0.03187068945828329,0.01866607317195842,0.02774569383334177,0.0403802735818588
2009-02-12,0.04112058538818413,0.03256591896019384,0.03056960786405603,0.01936818276072631,0.027807210900110582,0.039704207035387504
2009-02-13,0.04273372527295052,0.030867993864598788,0.029508047737782383,0.018899054458807615,0.02709414694225322,0.038750558833327065
2009-02-17,0.05091360723484074,0.032270580410243735,0.02842311807613187,0.01848892457513872,0.026467638611663517,0.037822214249148334
2009-02-18,0.0530792590574259,0.040787927519560715,0.032392882837792465,0.018831891279161513,0.026538592211682654,0.04030519163479368
2009-02-19,0.05008971125311783,0.0406920289812836,0.03105923541842191,0.018486789430401343,0.026232865646173747,0.03937452493802493
2009-02-20,0.0627817311170448,0.0428269341964703,0.031418240242400836,0.01802391528456123,0.026176658549907493,0.03873640921385816
2009-02-23,0.05927334783635199,0.040533841105774494,0.030622311280490023,0.01835592272936146,0.026950877971759466,0.0386080003373449
2009-02-24,0.05597130758344833,0.03879718648870169,0.030125446549814035,0.017960378166971682,0.026269686935784197,0.03779249958681512
2009-02-25,0.05408327706903627,0.038237206692510524,0.030573168775873506,0.018336165970185146,0.02658059320541991,0.037544934114699335
2009-02-26,0.05448600802508434,0.03782670056835758,0.0321554031941064,0.017890877650368522,0.025974842643913334,0.03701131482361417
2009-02-27,0.05488512293426082,0.038686106540960725,0.030861581005513363,0.01821635728783386,0.02961351345766959,0.036577259209935924
2009-03-02,0.051805596388801174,0.036729117274918795,0.03085868108206034,0.01775741166562514,0.028938921970142233,0.03608873972030949
2009-03-03,0.05980734284351632,0.0447033949275104,0.029799263584019752,0.017322688392526934,0.028199195071511033,0.03531616937787156
2009-03-04,0.05745941935363873,0.04342513960828637,0.030040338805215835,0.017892582361883423,0.02815744440830192,0.03644592977235754
2009-03-05,0.06045734597740895,0.044274302239804185,0.02909961168713908,0.017519645588588376,0.027663090982502477,0.037328502007793085
2009-03-06,0.058332439174361886,0.04454198777794645,0.03329808551189072,0.017709553690504753,0.027179803183736563,0.03676877191062941
2009-03-09,0.05653591877933757,0.04286730734217166,0.033691858025489234,0.01757350786030852,0.026736372538194247,0.036138509967187836
2009-03-10,0.05425260980493171,0.040767459150279066,0.03288225018068086,0.01799501630250693,0.026815840171322426,0.03585705146167259
2009-03-11,0.05196663638211242,0.03860870369876034,0.03158091087076117,0.018272978852885702,0.02700980797090409,0.03544620236875781
2009-03-12,0.054736921307256485,0.04103141348425593,0.030476161085115652,0.018119621192977026,0.026695392664298913,0.03538835906048071
2009-03-13,0.0612918247179746,0.04653071899239466,0.03292144978608799,0.017905193311684154,0.0261299076980771,0.03453945821497031
2009-03-16,0.05796038090727935,0.04406422314016468,0.03192715138884484,0.017502937741522045,0.02587995898607958,0.034106393037441125
2009-03-17,0.05505918581232626,0.04185893012988044,0.031282846540431876,0.017170501808998696,0.025828277903552365,0.03472815845250393
2009-03-18,0.05316030739652751,0.04128806427658858,0.030161502939046212,0.01678814004130493,0.025464901060771306,0.03400262382280029
2009-03-19,0.0505366396297249,0.039262555863137566,0.03075061624729606,0.017586703757704387,0.028169969482485634,0.03320626432723867
2009-03-20,0.052392716859699553,0.04176437516697981,0.04771009554495727,0.02314369520051474,0.03862400789029218,0.034081266733048364
2009-03-23,0.04948495415824849,0.03965420654831999,0.04570676763276718,0.022548374624948343,0.03797636880607842,0.03328940148321009
2009-03-24,0.049421252450387504,0.039835211605604784,0.04390232798534016,0.02197931551625714,0.03697653700994529,0.0328886422856959
2009-03-25,0.04657978357531589,0.037703157911510715,0.04209992544695227,0.022353843423459738,0.03699243717420736,0.03233778442101815
2009-03-26,0.04451886901498825,0.03720943732266742,0.04026071407138022,0.021931111354222974,0.036040393362255924,0.03156747361577697
2009-03-27,0.04295470047068223,0.036643439471720794,0.04755073345549229,0.02137992813952692,0.0352194744747821,0.031386614068275885
2009-03-30,0.04219572071498542,0.03581857422459872,0.051941567973012484,0.02116407567132869,0.03480199292420003,0.030695948023383064
2009-03-31,0.04706304079643406,0.04218693857309062,0.050333289763144815,0.020692731931126942,0.03410998207481033,0.03113455140650112
2009-04-01,0.045058888028418155,0.04068654476088478,0.04813067505921951,0.02021840699269637,0.033226174962956365,0.031694915503821905
2009-04-02,0.043300496161153425,0.038848085668241675,0.046431427630417674,0.01971288469826278,0.032357460592012374,0.030948169600357744
2009-04-03,0.04866514343352421,0.04536249887201584,0.04487879201888587,0.01968294898711117,0.031524225442575625,0.030576384645235214
2009-04-06,0.04587266362616064,0.04310501855095763,0.04289512738699217,0.019380411820338325,0.031114507908680814,0.03213896768836234
2009-04-07,0.04419217017517632,0.04144218300895677,0.041374564831424585,0.01973280289443475,0.03229268611914764,0.031674189263812644
2009-04-08,0.04341391752266723,0.03971261363639886,0.042001374463946195,0.019385059674194755,0.03150256852116937,0.03110509313217366
2009-04-09,0.040964241974092964,0.03764931434229331,0.04053246748495409,0.018898769539433532,0.0307720946119571,0.03037360325959976
2009-04-13,0.04248779409536046,0.03849338604448958,0.03879315059040073,0.018431554559002656,0.02997361596910182,0.030558342214362114
2009-04-14,0.04236070637855078,0.038184654451498795,0.03713208800263534,0.01818957525670336,0.030213597499139502,0.030321315983557754
2009-04-15,0.040181905814675456,0.03616951079952349,0.03587231602013112,0.017756337184749706,0.029430582830691755,0.029621691585652973
2009-04-16,0.03793654936045314,0.03425516529744331,0.034342041732600304,0.01731459426170219,0.02867618028533332,0.030143001196633636
2009-04-17,0.03609650887771012,0.03245543800277764,0.03382064174427681,0.017187036658634,0.029580397105647707,0.02949247795162742
2009-04-20,0.03415676075642078,0.03076419508284908,0.03408554545674776,0.017005673476365158,0.030084188773952088,0.028913083727062444
2009-04-21,0.043708125736797415,0.029175653033184267,0.036255939233013686,0.017197552644426503,0.029886006136376358,0.02934481440298039
2009-04-22,0.04142680177071903,0.027684357176766886,0.03479978135150072,0.016812512800352456,0.029124640907871657,0.028705099089722744
2009-04-23,0.041993960483045135,0.026285161049926425,0.033369890797753016,0.01654148732846394,0.02872282918875316,0.028267767294419707
2009-04-24,0.03990100103299452,0.024981887458945744,0.0337405799319523,0.016442610301692494,0.02910252926533878,0.02831405592725381
2009-04-27,0.03949175247831216,0.023761110998242994,0.033883728833159384,0.016124501105509875,0.028494386180755515,0.028264296089108628
2009-04-28,0.03833061336862358,0.022618501535398274,0.032724236939595454,0.01579716712842126,0.027767042037579695,0.0284460597293282
2009-04-29,0.03621909836050112,0.021549959748606802,0.03195784233616072,0.01578696268503447,0.028768783039550324,0.029392055420224526
2009-04-30,0.034807062366326275,,0.031485167034703145,0.015478233858688312,0.0287376247470053,0.03043981987477603
2009-05-01,0.03289931926388581,,0.03032065962614043,0.015256827697477753,0.02911947525274696,0.0300368626476804
2009-05-04,0.03350704653755456,0.02055160012652629,0.032714935010512494,0.014907590739208242,0.028540305698346903,0.02971888928859191
2009-05-05,0.03250494690697835,0.02200010494052946,0.034641948908573784,0.014889950067069481,0.029784217525190913,0.029321487592335597
2009-05-06,0.030980233329874953,0.02114073486632127,0.03440947897616847,0.014536904843095586,0.02947310347970124,0.02925054386400026
2009-05-07,0.03257104632498563,0.023167703417035272,0.039482803058512476,0.014266275696619589,0.029102735461134382,0.030292353139560378
2009-05-08,0.030860109937735965,0.022117339817942908,0.04046997517017209,0.013959206070572027,0.02881287067647642,0.029658924290331696
2009-05-11,0.030989326721720216,0.02291926966920021,0.04202853919965823,0.01363071940439589,0.028097694647412904,0.029014679657419787
2009-05-12,0.029337838247967124,0.022127450870343342,0.0401770686136975,0.013316599161742368,0.027385536356816387,0.028820581936325754
2009-05-13,0.02783712069591821,0.021216275666540635,0.0397005113002019,0.013208494273332599,0.027117144664723588,0.02814306914132839
2009-05-14,0.026794565379365455,0.020505506647229287,0.03880998959364758,0.012907712030051694,0.02660474659686136,0.028004472333962374
2009-05-15,0.02560068364966199,0.01956597076023451,0.037239769912128684,0.012620446522713033,0.025927779152134144,0.027346569084899252
2009-05-18,0.027432756003189108,0.020177610127552228,0.038296184876332025,0.01234638304107693,0.025273626676802788,0.026715494678518515
2009-05-19,0.02982076740893791,0.023526872446289145,0.036749625299346195,0.012269225965442537,0.024804311299473518,0.026524466384562538
2009-05-20,0.028408117114510807,0.02250734356463929,0.03903329362690824,0.012039055755232543,0.024645388932230828,0.02591209161269573
2009-05-21,0.02957834348778597,0.0231125917615459,0.03756610691503418,0.011994783778786353,0.024153549848891617,0.025598447740328344
2009-05-22,0.02849830239550736,0.022282387803450755,0.04637565420388138,0.012095005300138028,0.02368406011640442,0.02559940479959266
2009-05-26,0.027170514758398198,0.021657962733766273,0.04492933169707239,0.011932410440521943,0.023398747049660065,0.025463480178807223
2009-05-27,0.026043927055262674,0.02076526393256084,0.04295673400740565,0.011732656949171225,0.02286109606132346,0.02525177692112186
2009-05-28,0.025187979890574023,0.020777121931729536,0.04105005998205152,0.011474012192943266,0.022648186363705757,0.024855165817444194
2009-05-29,0.025176178363341024,0.021858398749610142,0.05166043850023743,0.011355867042554493,0.022519672511891888,0.024346690274381296
2009-06-01,0.02459082761019074,0.02150347035043386,0.05021701084818211,0.011685785456932662,0.022905915542641046,0.02450911642135978
2009-06-02,0.025607099903744993,0.023446114228143893,0.05695771906194011,0.011429123817368764,0.022405529400321665,0.026418219661495157
2009-06-03,0.024310891266179517,0.022329100178692492,0.055137004048383426,0.011216781518443986,0.02206680472759668,0.025883722728779958
2009-06-04,0.025848810662544713,0.0238473524804576,0.05919672157337756,0.011696727066313804,0.02341481621177388,0.026485077984903363
2009-06-05,0.027511393071744918,0.026177544815709,0.056560922037365444,0.01195861451205747,0.024299294977096184,0.027154738462569286
2009-06-08,0.02614920437333964,0.024936268545951466,0.05413920042801771,0.012432439211967189,0.024772556501028564,0.026586244904309105
2009-06-09,0.024878078087013634,0.02381194750185373,0.052806508316735626,0.012354367206777178,0.024977330649532205,0.02615703206455354
2009-06-10,0.025157113922827556,0.023967107095202368,0.05039239692095714,0.01208306439329961,0.024498498223152185,0.0274505181447068
2009-06-11,0.024570299246675288,0.02337771881486219,0.04814144045720811,0.011813060395800337,0.023913280876826648,0.026806085072512423
2009-06-12,0.024045465472234157,0.022651232316567484,0.049233083452310984,0.0116499584413828,0.023633780244562544,0.027029860424190554
2009-06-15,0.02304916487911115,0.021922272343345487,0.04737980902858368,0.012319987230774453,0.02476282614453633,0.027104128808562965
2009-06-16,0.022866519774599733,0.021935354301967927,0.051335729055289915,0.01240931752414294,0.02744691300943417,0.027579607725882624
2009-06-17,0.021778705301882095,0.021189559631863007,0.04915471564086789,0.012167973968355606,0.026789657570299677,0.027067309262157852
2009-06-18,0.020884362646057725,0.02037173931297963,0.04774670472578348,0.011920197619405553,0.02620882214057177,0.026434751982856327
2009-06-19,0.0199701907809129,0.01945847111209311,0.0470553405907725,0.011661456927919835,0.025549704551706815,0.025833268690867377
2009-06-22,0.020824799637220406,0.02041491195797178,0.045172856592029166,0.011408644457052855,0.024910110717997744,0.025312247787204856
2009-06-23,0.023380639354830555,0.022013599719543437,0.04381234584609542,0.011671444836749064,0.025544117020709092,0.02719809276968715
2009-06-24,0.024622309418724776,0.022551768714514857,0.0420774868727614,0.011434512676797425,0.024997997628760163,0.02732456042899463
2009-06-25,0.023558518750005423,0.021594175404017583,0.04130101251412268,0.011400898946713402,0.024387990062445915,0.027507670729675523
2009-06-26,0.023454318969675272,0.021574939336345685,0.04000802472953382,0.011201220651072747,0.023821654726641963,0.02703535740634009
2009-06-29,0.02286787877742266,0.020945396108569048,0.03908651919269372,0.01096376296364996,0.023305075838518836,0.026409151434786546
2009-06-30,0.02408424453681028,0.02197492602598665,0.03738668379092796,0.010731425027606203,0.022885218272495275,0.025846205056488894
2009-07-01,0.024039060606252764,0.022286369154504614,0.03677906859517633,0.010930960764738356,0.023124162938003793,0.02573587061489827
2009-07-02,0.0230229701653742,0.021365492845418697,0.03534962129515956,0.011115084534953155,0.022708163304929533,0.02565849332095636
2009-07-06,0.025063493880594378,0.02268329656912818,0.036913187833034905,0.011127264649748336,0.022870803379150654,0.02516643398886206
2009-07-07,0.027190451027436717,0.02497811174742677,0.03698549252420561,0.011000420650625262,0.022476647136114726,0.024853541356114665
2009-07-08,0.026416934659787183,0.024104448423065392,0.03576733609018131,0.010812764515515534,0.021921887670788287,0.02452062205419641
2009-07-09,0.02896548927298952,0.027004625438545538,0.03492007010512277,0.011513490611444648,0.022294724676360192,0.02477918101660313
2009-07-10,0.027465240984817427,0.025865360927900573,0.03378305118943225,0.011361095549419341,0.0217894208362662,0.025320689568389076
2009-07-13,0.02620048118890834,0.02477196354971702,0.032524077007775196,0.011151549948728544,0.021838443136152793,0.024856748824616283
2009-07-14,0.02489146005837788,0.023568086022324315,0.032765421128258844,0.011129510572436621,0.02145614159582564,0.024306789166178722
2009-07-15,0.023667693191636044,0.02244159352692998,0.03473322253706576,0.010890769002552321,0.020964095742762014,0.024778439687552258
2009-07-16,0.024789015673125737,0.02411065693135712,0.03578726520582807,0.01125940432212425,0.02129744072888941,0.02555724259271998
2009-07-17,0.02365897847993118,0.022936210312095903,0.04776725240332408,0.011057410426632759,0.020780370583601392,0.024963556661771014
2009-07-20,0.02374415514054122,0.024474588503575492,0.04561109037730292,0.010828330514978404,0.0204663577908981,0.024557477374993874
2009-07-21,0.022658083791248177,0.023793386621371194,0.04359339428623719,0.01087097543004993,0.020300272874839265,0.024302105741814736
2009-07-22,0.021846036921210576,0.022720210452608747,0.04167084534592364,0.01065190714351137,0.01995792042948425,0.02378398447489214
2009-07-23,0.021050950308017517,0.021686042487459818,0.040436253544059025,0.010513340994415619,0.01981182843463995,0.024052281272062957
2009-07-24,0.021701629880627262,0.022644920776161315,0.04354430034163904,0.010298644384974031,0.019367659727189263,0.023496945543948832
2009-07-27,0.02106446292181146,0.02207012832751345,0.04328973576511701,0.010097587240937485,0.01897900347116941,0.022957227431833118
2009-07-28,0.02013787310960021,0.021129108628692456,0.04205944662450209,0.009894081741979192,0.01861763215642124,0.022507317051286675
2009-07-29,0.02001593531676312,0.020587848390665076,0.04063333634356783,0.010211335702659294,0.018620844055496886,0.022093244363630898
2009-07-30,0.026943845457882615,0.024998498059920545,0.04118970615808186,0.010358406766703097,0.01985551119138005,0.021893705244093783
2009-07-31,0.030843300111852684,0.028816017948894414,0.04993028873481185,0.010278155223319601,0.019734700021009653,0.022511803873075605
2009-08-03,0.031364233371089456,0.02820739908537517,0.048238321606598786,0.01085394004765495,0.02062830207489885,0.022504278293630647
2009-08-04,0.031124619717903545,0.02790788578028528,0.05471960420848813,0.0106392227158586,0.020719833753888414,0.023729452511695937
2009-08-05,0.029464222869803595,0.026662859276486116,0.052260956839810045,0.01066312516495387,0.02133248578151363,0.02357757708985791
2009-08-06,0.027993113910149782,0.02582326686860792,0.04996285615560552,0.010468904937194596,0.020832236971955246,0.023069274542759314
2009-08-07,0.02653230140390188,0.02471413439417442,0.05305395521409925,0.010285371448891129,0.020400707623556155,0.022978456140251978
2009-08-10,0.025595000321109854,0.024096665530268995,0.050947243681687654,0.010107202211691155,0.019908935385921346,0.022592562075293116
2009-08-11,0.0243533928770109,0.022927950850904554,0.04870941511317128,0.01027700655673634,0.020020135149534227,0.022106863379350875
2009-08-12,0.02375755607742001,0.022299502435954036,0.04727247389359136,0.010067776384507893,0.01953790350826147,0.02175223573564083
2009-08-13,0.022794295137180284,0.02131369775518924,0.045465837235407786,0.009915939480173018,0.01942248549445212,0.022225094349286812
2009-08-14,0.021743657757576394,0.020464267234204973,0.04525783147542123,0.009751635799793004,0.019899483096645423,0.022670401566349398
2009-08-17,0.024993069263266957,0.02008165076252667,0.04417404027505564,0.009718159597046382,0.019826959538916247,0.022846172192263366
2009-08-18,0.024032748688324994,0.02088249283307597,0.04280622705299051,0.009949057143161235,0.022552392511729868,0.022865104026571652
2009-08-19,0.025438804092035208,0.02143141375648746,0.04142788052821036,0.009774588936912423,0.021994525694976882,0.022351672401823664
2009-08-20,0.028051827648301005,0.02246861506435056,0.039658457186722486,0.009652798725061288,0.021496081055041433,0.021842736764998472
2009-08-21,0.026587632394649403,0.02207702112976588,0.041719102796179054,0.009492766716395885,0.02096847974234758,0.021397614490833022
2009-08-24,0.025849716589578225,0.02133073829738024,0.042559975939182676,0.009708970405652054,0.02094606447386382,0.023364200668003366
2009-08-25,0.024606449072317856,0.020337203510562202,0.04252610440145857,0.009829220907556717,0.020440396134744288,0.022960867189927445
2009-08-26,0.02550661439407571,0.02208935825670702,0.04087441846984166,0.009643917394349699,0.02002419965578587,0.022857171032846176
2009-08-27,0.024389156794872132,0.02106186744909453,0.03917792318129188,0.00945690744063539,0.019560665964608617,0.022333631106709904
2009-08-28,0.023607478703615296,0.020411060730419518,0.038139328136886703,0.00927792422861024,0.019100074655238747,0.021837631223770318
2009-08-31,0.02246899977370537,0.019509003832678583,0.04131275454820555,0.009423348665885905,0.020583239039458724,0.02205246338139458
2009-09-01,0.024778850060731474,0.0232426663973222,0.03990304707957697,0.009323480398485247,0.020154659632958684,0.023130448438387338
2009-09-02,0.025175817037284505,0.02382472218134923,0.04149467133641899,0.00916581879680337,0.019771539463912705,0.02261731423216701
2009-09-03,0.02390837217483387,0.02267227067929734,0.041334772381559644,0.010115956816270416,0.01980526164300315,0.022103769591067815
2009-09-04,0.022737332413403127,0.021746661174957178,0.04621889211825258,0.01067466468771329,0.023338567481380617,0.021805302655367696
2009-09-08,0.021642756281414502,0.020779016840345572,0.05083657741231748,0.010454384392703022,0.022755979415537732,0.021309819293312077
2009-09-09,0.024842280522960468,0.023088003117327588,0.04926083824491619,0.010253524529657132,0.022398845409421733,0.02182422181955971
2009-09-10,0.023609932362751704,0.022047993596301205,0.04708168728837137,0.010062962752137482,0.021853029335135145,0.021428865270708336
2009-09-11,0.022603992810829306,0.021006490745982865,0.06167882396300806,0.009860694071506072,0.021494265806443476,0.021217935769678276
2009-09-14,0.024661902593803374,0.022375929326124512,0.06548663228530628,0.009850056968685909,0.02096924685246174,0.020875007664531556
2009-09-15,0.023527522357750925,0.021349983560955743,0.07032208348299339,0.009717719720404958,0.020482904012245274,0.020630774442235177
2009-09-16,0.02419419168417258,0.02035446999727715,0.06705668656973553,0.009578219419639409,0.020599528144491584,0.020394275669231535
2009-09-17,0.023979873932582708,0.02712117667288795,0.07404601014114266,0.00979447464699807,0.020853934825969863,0.021008837584711795
2009-09-18,0.022798727034517165,0.02576432602597916,0.07496702471312444,0.009705061295724968,0.020457792634480568,0.020745644434661537
2009-09-21,0.021796452778399623,0.02450982261504166,0.07621362791532933,0.009541194347502896,0.020132337477315444,0.02182851838990664
2009-09-22,0.023307177566552678,0.026148638609553042,0.07450868470396006,0.009433801448236917,0.01979804726654077,0.021389924422336802
2009-09-23,0.023595636866131246,0.026153509705913947,0.07105552963033114,0.009485928676801187,0.019564313826164772,0.02136073975379807
2009-09-24,0.02534920055795423,0.027410796697749654,0.07065599277365789,0.009309152533362518,0.0192860875184062,0.021289896770435288
2009-09-25,0.028165496924749015,0.030056784321639732,0.0677302581600153,0.009698237653267478,0.02056886672904439,0.022083263482530657
2009-09-28,0.026695058718256198,0.028540789884574952,0.06460108473801716,0.00964056240391786,0.020332130494575117,0.021710544484019767
2009-09-29,0.02559553766849564,0.027159248295562786,0.06476057383690884,0.009461977790372814,0.0199259779869292,0.021259994201682664
2009-09-30,0.02431090535581947,0.025794708211301906,0.10145190509931873,0.009280946796591017,0.01944748214711188,0.020779155451079848
2009-10-01,0.029170962787544486,0.029575385832264867,0.09664585362051606,0.009592472463772012,0.02006788929127431,0.021499287631454426
2009-10-02,0.027639213454844814,0.02806288746857334,0.0952230304169946,0.009581444907691946,0.019805448619297332,0.021944048855256817
2009-10-05,0.02651696899002469,0.0271432850254689,0.09217295424990006,0.009421778471482971,0.019543332983085342,0.021854197966967984
2009-10-06,0.025227595006318056,0.025778618477073873,0.08935177017579027,0.009628197436818326,0.019519175199381403,0.021650806173677456
2009-10-07,0.024033900317611857,0.024604382892819077,0.08537287065111561,0.010392743892077822,0.02152420281956876,0.021595669320993473
2009-10-08,0.02363999415493387,0.0242484810484352,0.08134386920151536,0.010215781886178667,0.021157823363709097,0.02110990055092853
2009-10-09,0.024339038796385513,0.025835368252387744,0.07758116295634852,0.01027332638145579,0.021034723095832656,0.022329788339607214
2009-10-12,0.023130553182770592,0.024569092424233982,0.07489999164217946,0.010184609497724538,0.020582233167328687,0.02224103221315898
2009-10-13,0.02291213132782845,0.02410340423117153,0.07169716945795761,0.010118941809036013,0.02014721004149886,0.021778190823165428
2009-10-14,0.022101060385618355,0.023352588304380327,0.07084005910345374,0.010012420838122836,0.019661746596932584,0.021780435750216896
2009-10-15,0.02146618044238591,0.022416298469858775,0.06829189210780286,0.00981261632468985,0.019207786109480957,0.02160475859283946
2009-10-16,0.022678091881975206,0.021350995806207248,0.06516742466736308,0.010026968616532432,0.01976251971393404,0.021139250979585203
2009-10-19,0.02189906487421718,0.02596299509893172,0.06507115642601013,0.009826442307735191,0.01928746700169937,0.020687320020227173
2009-10-20,0.021274115786054145,0.02485937378508722,0.06212497473073646,0.009710318053386947,0.0190048885478387,0.0219417333996526
2009-10-21,0.020409844418601074,0.023742713556744965,0.06238055804317876,0.00952033841200385,0.018573254802705427,0.021582199083738086
2009-10-22,0.021390421216169374,0.02457319616865837,0.05959624102192528,0.009399684607291603,0.01844193580860723,0.02230119025938431
2009-10-23,0.020412384498101482,0.023382957422010475,0.05758929319188316,0.009301090908130343,0.018353966518447895,0.021960069087692147
2009-10-26,0.019698855666686457,0.02238697016185113,0.05583505962039179,0.009139321025503836,0.01806602701806793,0.021600102785808657
2009-10-27,0.020233466053113464,0.022365298380089108,0.05617697258437181,0.00937707139880528,0.019394043799795035,0.021181373533741686
2009-10-28,0.019604240217334427,0.021456568683560263,0.0536658057412724,0.009327601528991883,0.02030798805701572,0.020718352054399647
2009-10-29,0.020618694956469265,0.02214122061672531,0.05439586874685408,0.009209137998417063,0.020235826079023793,0.02084665185281621
2009-10-30,0.021863170939643753,0.022841131783297445,0.07192152829713543,0.009594471221004191,0.020528558096687844,0.021582547196774757
2009-11-02,0.023917773202020536,0.024691776021574303,0.06855594983629096,0.00951192770045317,0.020755477225784365,0.02171791153531753
2009-11-03,0.02316775430362472,0.024107995397971798,0.06674637783355952,0.009695922168190619,0.020404926138891152,0.02123925170525595
2009-11-04,0.022774014964444728,0.023759639203940017,0.06390774665227995,0.011198131684984972,0.022193994169416906,0.020772014036841834
2009-11-05,0.02188228059835896,0.022806808029980412,0.06218167053488693,0.010964012549054334,0.021835288418715224,0.02046025181641542
2009-11-06,0.021102215781905742,0.022026705687596838,0.05939741776438285,0.01073536744548895,0.02129744929848107,0.020147875155093992
2009-11-09,0.022046234467893572,0.022725130882894202,0.05792933363867553,0.010572118038000034,0.020780934533135276,0.019701053059272406
2009-11-10,0.02243798505511829,0.02294767704364837,0.05546124339951938,0.010401023925600297,0.020318273591843822,0.019293053857277427
2009-11-11,0.021431395172162592,0.021879883277812297,0.05460236192709702,0.010187900751372093,0.020104466785000864,0.018868996234452422
2009-11-12,0.02044543163381136,0.02091952554591625,0.052148306106396446,0.010219262206474199,0.020028052360377576,0.018455217716375406
2009-11-13,0.021774906976141442,0.0214738313071144,0.05059755758504617,0.010132400980843465,0.01985632195185218,0.018098399854414096
2009-11-16,0.020913119853623114,0.020571133496165,0.04831673320175931,0.010091965118491485,0.019433641742997255,0.017787196030346043
2009-11-17,0.022419606639398418,0.023495061460750914,0.048431633450153846,0.01069130001026267,0.022831325565562565,0.0196003442967939
2009-11-18,0.021362365245543087,0.02237187951020725,0.046582972780120475,0.010467377144864128,0.022264336628028514,0.01916544730108157
2009-11-19,0.02042925972219788,0.021391607643798147,0.04838565246026499,0.01025477456040379,0.02171637303757175,0.018742471425081845
2009-11-20,0.021362708915931998,0.02168894228979615,0.0465939829476397,0.010045916023981498,0.021187218545636818,0.01844205197081674
2009-11-23,0.02061926052331605,0.02075585574835207,0.04484096069565033,0.009879616872790327,0.02066965641783215,0.01812534819236367
2009-11-24,0.01995047786496386,0.01982233376800755,0.04295669094504161,0.010179940099345648,0.020268912845421247,0.01782749600174941
2009-11-25,0.020144706593394873,0.01938058340658227,0.04105730331814237,0.009974549361310174,0.01986764333489797,0.017502832391580403
2009-11-27,0.02076312523740218,0.02013025650890439,0.05764438371877576,0.01045175537438707,0.019757134182027035,0.017487248152787422
2009-11-30,0.021374727632748926,0.0198971027454779,0.05500768744673845,0.010490314060047164,0.020078417114545305,0.017788558085002622
2009-12-01,0.020961533964828784,0.01966698897531942,0.05643087228678089,0.01033678354079632,0.01973086492068842,0.01777697609719137
2009-12-02,0.020445634711215917,0.01908681084250415,0.054111775802330175,0.01057824827394778,0.020888063085889655,0.017753077491423047
2009-12-03,0.020874789593372474,0.019187458135585332,0.05380446223614336,0.010578366161041311,0.02042120910844406,0.017458181274901306
2009-12-04,0.019930402046034464,0.018426897259607056,0.051568650117087486,0.010393226881819125,0.020053482326607166,0.017100993679522437
2009-12-07,0.019521077095152786,0.017966219490603695,0.04992167425128509,0.013264489665900664,0.02085335649072745,0.016739836016549527
2009-12-08,0.019828937315598216,0.017785241877056414,0.05343379698566761,0.012997017498191307,0.020438592117607263,0.01649283119692415
2009-12-09,0.019825077719792285,0.017811351244928907,0.05168120669713385,0.013244620420869394,0.02107639828796212,0.01642685969446343
2009-12-10,0.020882863995213705,0.020835089867038747,0.051032530045285844,0.013591805935543906,0.02206950520900111,0.0163235172410285
2009-12-11,0.019938012306598887,0.020017377209516594,0.05409646244541321,0.013304397725718065,0.021525332655242414,0.016030739376818183
2009-12-14,0.019315158527936117,0.01911026620770533,0.052213355590408135,0.013053127031614556,0.02102957984452446,0.015822671391906188
2009-12-15,0.018562361167953657,0.0182646355089552,0.050745102792980834,0.012768347542565646,0.020751852004986686,0.01554613734634832
2009-12-16,0.01851230684950719,0.017487253562700887,0.04956026631976092,0.012478219508119242,0.020299120149717746,0.015237167892611871
2009-12-17,0.019677367358960245,0.01791549639899484,0.04743713236584889,0.012416623425008166,0.02003442391682096,0.015517436523843867
2009-12-18,0.018810116649241662,0.017174005985654044,0.048145244497416896,0.013270418856417531,0.02057181141461224,0.016008963448327508
2009-12-21,0.01824132731863616,0.016532679265077385,0.045973929881298344,0.012979841413246252,0.020135736686371405,0.015687097240490604
2009-12-22,0.01794305402713857,0.016214804869218308,0.04432415485773899,0.013021486355345484,0.019998008967816273,0.015411782234954685
2009-12-23,0.019039958699772035,0.015689189556506233,0.04241039773312247,0.012855326417448827,0.019515870489615797,0.015158517138106722
2009-12-24,0.02047476275488065,0.017199318335397548,0.04089477033230399,0.012629261714554432,0.0191605442166192,0.015435404066615144
2009-12-28,0.020298289539667197,0.01684275852016791,0.04022221135409618,0.012497168153007993,0.018972389153056463,0.016099522483752685
2009-12-29,0.019574892115850128,0.0166464179780081,0.0424065174658458,0.01222428440590872,0.01858336263654321,0.016014222276619333
2009-12-30,0.018715645038120586,0.01601753189849392,0.04153307583566614,0.012113222425451329,0.019060030667958482,0.015734910234396323
2009-12-31,0.017981274787439206,0.015459650548394835,0.04009221154047118,0.011893875472910806,0.019058020864340195,0.015513435007354762
2010-01-04,0.017244916115584832,0.01488137096346227,0.039046207182621175,0.01164702472875504,0.018612814722182493,0.015192119029403402
2010-01-05,0.01852442735196613,0.016703622992189096,0.04074880622206469,0.012120972970191459,0.01986741042400726,0.015335711859105785
2010-01-06,0.017764487993620504,0.016119309760413095,0.04107341580782757,0.011849538346073005,0.019860488631353694,0.015026017235229198
2010-01-07,0.017831805880976534,0.01624277515176992,0.043682060089887426,0.012021291517535972,0.01994958587246199,0.015512143426039014
2010-01-08,0.01724189643831576,0.015675694013220467,0.043025113682368776,0.011767380320302064,0.019577554385898165,0.015716926361198445
2010-01-11,0.016564872042421675,0.015086438920601403,0.04122936573359076,0.011539700912482737,0.019166816232229333,0.015460691506048124
2010-01-12,0.01597676649018299,0.014619914289387201,0.04252192375409363,0.011498436026408258,0.01890172494043241,0.01533495608907806
2010-01-13,0.01686783538818472,0.01557199819333205,0.04130070370609179,0.011947275069769624,0.01920737033169409,0.016044487266715344
2010-01-14,0.016878581792766054,0.015509066690375866,0.04017773846441254,0.011753916829427913,0.019084383358757805,0.01600214061039511
2010-01-15,0.016274829219602487,0.01506049408420963,0.03920344685776675,0.011543087889423124,0.01867153655483854,0.015684527888686642
2010-01-19,0.016700976228142327,0.014803641119369245,0.03788098270378455,0.011531803632277737,0.018445017556225365,0.015416547084457199
2010-01-20,0.016543218879142025,0.014406231557569187,0.03696496202551727,0.011404573430106608,0.01855356025084087,0.015900400171617812
2010-01-21,0.01695522418934862,0.014918990593237319,0.03554044509209791,0.012270202585096292,0.021291914826035936,0.01655490341855664
2010-01-22,0.017553314721664815,0.01612555226860271,0.03461459731325878,0.012137807462430115,0.021291529042267637,0.016660353083507183
2010-01-25,0.01811221982314047,0.017220748131992168,0.03481852377046972,0.012151456325328212,0.022084766089013393,0.01664126153136731
2010-01-26,0.017600657307252326,0.016888611245543847,0.033741607316872015,0.01192704189713417,0.021717234257224036,0.016522706857332856
2010-01-27,0.017076716700134536,0.016297648304265742,0.03478145619551959,0.011670282225271424,0.02151339951165481,0.016537296371069193
2010-01-28,0.017046478069196517,0.016314764992239217,0.035374918946509404,0.011712777258477407,0.02172422969675028,0.017769787232444215
2010-01-29,0.016387099346677498,0.015675879074568907,0.034794869816473166,0.011456827852446455,0.021415901926656017,0.019251114071733924
2010-02-01,0.016143353973150112,0.015372184452720365,0.03332607410947034,0.011208685120668044,0.0208924605996548,0.019066965215670945
2010-02-02,0.01683803459238181,0.01638216878708608,0.036258573795234665,0.011661897408807527,0.021354306640980626,0.018771411939364005
2010-02-03,0.019869975377099426,0.019949697782000442,0.034721313220056914,0.011649837821163935,0.020859503145669648,0.018362574392950325
2010-02-04,0.019024565826913677,0.01905907789967066,0.03331502532236954,0.011455105981415916,0.021151764953737898,0.019700799514068536
2010-02-05,0.02447930575817707,0.024321289290677797,0.03192417024222909,0.014629507385823384,0.0247370115288757,0.02037351978638253
2010-02-08,0.024841816299334303,0.02575006751809444,0.031073472619448737,0.01442734061312027,0.025313645432890084,0.019981185037988104
2010-02-09,0.023777855515097993,0.02457289607139303,0.03048249311000516,0.014315572404048557,0.02496158739940146,0.019934223784816574
2010-02-10,0.023953115298946902,0.02496549445506839,0.02992939812300492,0.01412515837114728,0.024868688080608853,0.0201683828591281
2010-02-11,0.022983463732977102,0.023795447342284618,0.02872553159093948,0.013792071258857137,0.02431415362494059,0.019717485914033335
2010-02-12,0.02208118333018636,0.022737446565971754,0.028184590907961292,0.013900499104944277,0.024066561732509144,0.02159705035814095
2010-02-16,0.021629862236721014,0.021663766119978323,0.027357961673619622,0.013606214188245109,0.023553432678896424,0.021384077425845357
2010-02-17,0.023799052469182905,0.023685805714948785,0.02777496398101199,0.014387994381419057,0.02499872981817747,0.022830269112603954
2010-02-18,0.022656908796336285,0.022658467783561363,0.027018892720929832,0.014044642745040163,0.024378063253026147,0.02234225498542007
2010-02-19,0.022623702707868426,0.022404713845901248,0.028748867342325294,0.01371632046969342,0.023770777084263884,0.022027777235455424
2010-02-22,0.021720518674914296,0.021395848484787153,0.028650752862778166,0.013404877404957853,0.023673521340841636,0.02198635456780148
2010-02-23,0.020735174871409655,0.020457942950138457,0.02899373328665095,0.01319981375298779,0.023229740720994728,0.021722836544769614
2010-02-24,0.020496273165327806,0.020296742100003113,0.028805291326721577,0.01303578044301792,0.023123541869818708,0.02204812476257567
2010-02-25,0.020048327896516848,0.019647282014310118,0.02775931561049485,0.012794746537596572,0.022558437273961826,0.021588149519319765
2010-02-26,0.020565645764344914,0.020168481194039075,0.026867859365422728,0.012669283898751127,0.022123990635892734,0.021287234388248994
2010-03-01,0.02047035709011014,0.019937480911018754,0.02598962533742771,0.012522811777920993,0.022222946422378556,0.021365421025994327
2010-03-02,0.0199487481843963,0.01926034098132951,0.026450164426824768,0.012239428342848501,0.021684942849689928,0.02126676810731444
2010-03-03,0.01942421981493612,0.019099298870009003,0.025506826868957364,0.012448846413159824,0.022581042777765216,0.02113525358949924
2010-03-04,0.019117185209205845,0.018720761351710066,0.024742941533588227,0.012206615548146713,0.022285428993868095,0.020704778817196554
2010-03-05,0.01849923915588944,0.0181371719804969,0.026620567873060372,0.012083790899468228,0.021825480540706182,0.020563038408772067
2010-03-08,0.018380678356614836,0.018129667698227964,0.025629312017738912,0.011818268883781853,0.021451599150052535,0.020261500508636097
2010-03-09,0.017657448156791492,0.01748587162196388,0.025073018840748765,0.01174997495333594,0.020974257170926464,0.019811861136340588
2010-03-10,0.017025641558338446,0.01690751130003223,0.024164677875554735,0.011496414491209457,0.02047933870256072,0.01937028498560075
2010-03-11,0.016505924975136126,0.016353978794091374,0.023458704283287887,0.011566417580397828,0.020424553572783798,0.019131415096254895
2010-03-12,0.015888307586590263,0.01572615298514238,0.024027036217510674,0.011313196958440299,0.020013947796008943,0.01871932231205398
2010-03-15,0.015725891377573405,0.015538966986102383,0.02333890810483021,0.011142874451416684,0.0195870023186627,0.018308450002511606
2010-03-16,0.016254778709237184,0.016129739209455075,0.022532618226481668,0.010920580469724123,0.019132181827827218,0.018336778725502278
2010-03-17,0.017265450930270158,0.016108085298968206,0.021989075875614193,0.011132430134915534,0.01895252308117223,0.018198831374828753
2010-03-18,0.01720050796613164,0.019176013626437047,0.02148946259852282,0.01089677590869461,0.018626501516740585,0.018090565774754305
2010-03-19,0.016790457576918435,0.018427740668342053,0.026082160590139812,0.010680385214662797,0.018227892619195527,0.017753191827557233
2010-03-22,0.017254843085457647,0.01872109536819772,0.02581332249253001,0.011117268933856627,0.018507645604441524,0.017429588915118685
2010-03-23,0.016703017878920267,0.018072295689187643,0.02572659331069611,0.01099431334652553,0.01811723359914187,0.017059694114956954
2010-03-24,0.016245592015913926,0.01730596617185597,0.025031239792896853,0.010784246709134146,0.017733123785216038,0.016695709268677146
2010-03-25,0.01650119945059457,0.017136943691778202,0.024188024797593098,0.010943819937190236,0.01806552151351008,0.016473799657633258
2010-03-26,0.015891099290666153,0.016429071648488384,0.025117625677929488,0.010734814972618332,0.017693236924310945,0.016261097710614018
2010-03-29,0.015490246311459219,0.015829724740401438,0.025628358204757947,0.010717021644172953,0.017421559662948442,0.015972217422469567
2010-03-30,0.017105445083323786,0.016846223811861145,0.024793190354479265,0.010546835694703903,0.018119319598800115,0.017644863111683718
2010-03-31,0.016449436737792554,0.016161771214031097,0.025893716597493035,0.010391941238396672,0.017710804885829705,0.017324372745642306
2010-04-01,0.016644794423539385,0.01640915917244806,0.026201317959378224,0.010299306321504715,0.01747802385662944,0.016960989374024318
2010-04-05,0.016506302574409267,0.01647283540110468,0.030038002891887502,0.010308003713234431,0.01767504504243721,0.016692468864165352
2010-04-06,0.0170874192044745,0.017206881577897355,0.031898185665678216,0.010188609075941409,0.017491753684065615,0.01657416872159945
2010-04-07,0.016434131934015415,0.01651709874625919,0.03327917174178927,0.00998742856691397,0.017245349911076874,0.016252630631429142
2010-04-08,0.016246441628252384,0.015996556087164958,0.0324148185328699,0.010250620443995162,0.017167491966382106,0.015944812244736782
2010-04-09,0.015774991052851947,0.015653040523835676,0.03220227310474,0.01004210623071595,0.016795277054243232,0.01562572066397748
2010-04-12,0.01533844235156142,0.01505206229681933,0.0331404675300338,0.009957900013367365,0.016637166276054827,0.01530179761740992
2010-04-13,0.015002315298547167,0.01449941036763472,0.03210718742175087,0.009759200692450308,0.016276812919009155,0.015061215772514696
2010-04-14,0.014566351281099572,0.01398808808476013,0.03272412532621312,0.009707519583357738,0.016039014942855517,0.014895084716961002
2010-04-15,0.015537913119388179,0.01445671915091977,0.03148140882952524,0.009574489326410352,0.015808198737227313,0.014601323215439442
2010-04-16,0.015065401365445858,0.014398639108019416,0.03409790143653227,0.009389446519435936,0.015458948359648693,0.014317338289111026
2010-04-19,0.01696158264096014,0.014560612599706861,0.03290134861322525,0.01016061056330321,0.017774471419752386,0.014902973157186193
2010-04-20,0.01776516519301327,0.01550107296853347,0.032358479964653436,0.009958471170088716,0.01737459845792577,0.014637022997561222
2010-04-21,0.018624715451557357,0.015046297364054004,0.031101137984674156,0.009775261841241736,0.017010083845737718,0.014375668218853575
2010-04-22,0.017850968113020078,0.01484038123470787,0.029875465725555165,0.009727395395271085,0.016923956673493418,0.014138275261010929
2010-04-23,0.017124560272898073,0.01430170670838219,0.031397483638577806,0.00960409210351654,0.01655877604296463,0.01416143356701962
2010-04-26,0.0172440222095514,0.014901864138416378,0.031475070834344115,0.009603663338646307,0.01633779059221275,0.013967414168085905
2010-04-27,0.016954644115789758,0.01444674514431368,0.03018574127648949,0.009417414574937721,0.016065872732894122,0.013719063764151152
2010-04-28,0.01768300900594806,0.014472942998761246,0.029162506643816314,0.009343044005415121,0.015934151590105576,0.01671786870814791
2010-04-29,0.017200648567208383,0.014019703236336035,0.028258953628926105,0.009310909178939944,0.015579684340954114,0.016363264236994676
2010-04-30,0.018009934749560575,0.01378548137436748,0.03453637728294852,0.00915362790148666,0.016151920036532527,0.016161815094364994
2010-05-03,0.017611821446118985,0.013453066759110767,0.0334062467635108,0.009202330707764049,0.015806679654931575,0.01582306065736899
2010-05-04,0.016904206536688438,0.014028525267118149,0.03256348436787107,0.00903876343277381,0.015639659847310715,0.015941665757249004
2010-05-05,0.020874525442279177,0.013551131995898308,0.031225141715776582,0.009232534322200394,0.01952149293395968,0.017279092638168847
2010-05-06,0.022726103349828244,0.026638858848320436,0.030000058062395318,0.009113724980448556,0.019447026343439727,0.01700226313147834
2010-05-07,0.024591323771226345,0.02751460391245727,0.02919189112757909,0.009728954281331088,0.018983169315709668,0.016802734036200223
2010-05-10,0.02485799635209762,0.026867740675952892,0.02875527280116827,0.009785477307479242,0.021866199936751506,0.016542195232733748
2010-05-11,0.024591510316794633,0.026517507541724647,0.029841773541373757,0.009745403575992276,0.021361256339756638,0.01709117238503994
2010-05-12,0.023445523486854167,0.02522655770537228,0.028792241157027817,0.01009769574232904,0.022595532963565562,0.016783826215945003
2010-05-13,0.022523781851356447,0.024126792530593168,0.029704874953162576,0.010586595651653515,0.022431842732409626,0.01647123979472422
2010-05-14,0.022124454200284697,0.02335508139256507,0.028757968821742717,0.01063984979103596,0.021957209060694774,0.01636223868984756
2010-05-17,0.024383820797795316,0.025143999123384383,0.027691354820765023,0.010422075621983107,0.02164974885598187,0.017240639328261757
2010-05-18,0.024207250327511108,0.025418146682853374,0.027249400474340074,0.010207306041391598,0.02155450829677211,0.02181289021096056
2010-05-19,0.02323033135730349,0.024334072931979818,0.026496033560993348,0.010270269401256691,0.021026207715923593,0.02241550063009852
2010-05-20,0.02218323050068555,0.02336855407778327,0.02867538612126407,0.010755259356516524,0.02249713343064516,0.02248934446206445
2010-05-21,0.022853131297514175,0.023653539500270417,0.027815868236084253,0.010567813691317755,0.02249385333032734,0.022001461229167577
2010-05-24,0.023591054569789584,0.022522195291534052,0.027262860285326762,0.010576971990717235,0.021951247452908707,0.02295152396904503
2010-05-25,0.02244288251404537,0.021576140024120657,0.02625123178690886,0.010809495962996489,0.021853134377718936,0.023133738764101856
2010-05-26,0.022431472494514684,0.021822571547318287,0.025376087707960415,0.010599914825017633,0.021491135975145948,0.02366096699081144
2010-05-27,0.02463974679319109,0.022903612858484634,0.025569698041200965,0.010698284006223677,0.02195619024066596,0.023256318703773097
2010-05-28,0.026778749493429784,0.025075092270242506,0.026498942336520625,0.010478588148107799,0.0215065787111876,0.023335162628136712
2010-06-01,0.025536494599603082,0.024001960918758898,0.025689188831448204,0.010261881450473015,0.02098637132795905,0.023093181164055693
2010-06-02,0.025017050621961197,0.023530820657765704,0.025600691537552317,0.010264089380270682,0.020531936960917686,0.02275583124772223
2010-06-03,0.023783205466131357,0.022810579015026797,0.027466316658806895,0.010084927426531968,0.02023825203601319,0.022288696099552453
2010-06-04,0.023774869399224102,0.022777960425343566,0.031664321217004535,0.010116307071671582,0.02031027662473754,0.02274853427358963
2010-06-07,0.026381476430670892,0.025912909092232313,0.031091980317548853,0.009994502050907659,0.02137057946474582,0.024045242366310827
2010-06-08,0.025034169234654666,0.024624317159129546,0.03069799094829952,0.010515876528366244,0.023498373142432086,0.023835330327501736
2010-06-09,0.023882842577389485,0.02341715134836773,0.030223143717361706,0.010322698523145988,0.023227122936976565,0.023306100314315535
2010-06-10,0.024877271519037392,0.022287140513266645,0.03019945162267488,0.010456557813491247,0.022919667577031545,0.023346055954943518
2010-06-11,0.024050140209193757,0.025150593861021878,0.029051925873476887,0.010331876583516189,0.02243532050323198,0.02282749742981254
2010-06-14,0.024022953433225122,0.02424673627014189,0.02915186088071485,0.010203463873566918,0.021929430816947364,0.022525037069565355
2010-06-15,0.023495015138237756,0.02332099575421287,0.03118466171591106,0.010047524309555068,0.021499078900131318,0.022910754746412226
2010-06-16,0.023540700899933587,0.02256035414721994,0.03176987361286814,0.009974932800069856,0.0210662744504597,0.022400960626652183
2010-06-17,0.02256478986140062,0.022845302158554723,0.03296550083933459,0.009802413936315955,0.020619041498269243,0.02189862305444509
2010-06-18,0.021811858092904108,0.02184884362733134,0.033396596676634575,0.01005907876135669,0.020511623467900225,0.022367965926385035
2010-06-21,0.020833553337997426,0.020909806884510322,0.03349093733902244,0.00997570085746797,0.020576416261292096,0.021915171538265502
2010-06-22,0.020027624771367086,0.02007434215102152,0.032992203411696515,0.010217849303887288,0.020552135327377822,0.021807478263563253
2010-06-23,0.019316784801630064,0.019430198830851942,0.03247627609205854,0.010010156457339436,0.020082883268734853,0.021609910173481222
2010-06-24,0.018845713247819376,0.019936863254476415,0.03126736929068934,0.00986451871075694,0.02030026292905705,0.021497865133304744
2010-06-25,0.01804776560518047,0.019048794622244396,0.03020748650679001,0.009841762118810106,0.020082699813895006,0.02155191899878085
2010-06-28,0.01969498975461439,0.01935907955645549,0.029816749757801055,0.00978500528630585,0.020083907057644543,0.02193123056060268
2010-06-29,0.019007749198732164,0.01863008152428315,0.030047506031565144,0.010047866250946481,0.020255575881947964,0.021499516692964998
2010-06-30,0.02059333184135575,0.01991062504239315,0.030894139272862074,0.009862268066986875,0.019788780619927615,0.023577770378304018
2010-07-01,0.01971035652357185,0.01910403346559067,0.029956289765421036,0.009680564598507019,0.01933407431774324,0.02307855236660762
2010-07-02,0.022117979588168947,0.02154329153340604,0.032445265338218385,0.01161256223050803,0.021929619624337517,0.023127629617693577
2010-07-06,0.02139118823580314,0.02076687653131879,0.03287109325416135,0.011358413252417779,0.0214036946418689,0.02276647601736365
2010-07-07,0.020413172077606515,0.019833565712784343,0.03150632252973253,0.011335703367039929,0.020946118020377043,0.022590887953880947
2010-07-08,0.02141966084663767,0.020879633707296782,0.031184719905202943,0.011105718951492457,0.02051430077923012,0.022295939136876556
2010-07-09,0.021182430496490143,0.020524713387332,0.031957027106663614,0.010881819864128197,0.02007985081732204,0.021787363676679213
2010-07-12,0.020360697739395132,0.019791332613099594,0.030640068536855164,0.010898489750337841,0.01975140027817921,0.021443252703283924
2010-07-13,0.020060367678475,0.01942387956424429,0.029415350554147533,0.010849232762244192,0.019375115827026657,0.021191915038353062
2010-07-14,0.02116444958092457,0.020777266893509557,0.028345924174021632,0.010904044140698845,0.019368313522211262,0.020723121731637567
2010-07-15,0.020194069014021133,0.01982324982264785,0.027448145480586703,0.0107379903471008,0.018910312754519983,0.020266568308996886
2010-07-16,0.019379931953576113,0.018929453775283614,0.032437244405748536,0.010513569413488586,0.018481454397098484,0.019813959633013262
2010-07-19,0.01872982802324724,0.01901955225016193,0.03142198769103328,0.01088808578974228,0.019388983294245796,0.020213070399953043
2010-07-20,0.018048478800093932,0.01820417131698331,0.03014268789362941,0.01072142667572275,0.019167079582963983,0.01976957132706608
2010-07-21,0.01766222202132181,0.01758169825113541,0.029389320312155718,0.010624050768861984,0.01880605103629493,0.019851604474236652
2010-07-22,0.01736855444728371,0.017223485718297845,0.028689998054809776,0.010402490488183974,0.018413971789197858,0.0203408323908284
2010-07-23,0.019957146063592432,0.01925286292123782,0.028822811705725822,0.01020651358012882,0.018402831694743625,0.020469976147828105
2010-07-26,0.019122534787842278,0.01846593018035297,0.02800047611231909,0.01010002527892104,0.017971388429407927,0.020071679667257477
2010-07-27,0.018297311638546615,0.017664737181519514,0.026980320254758765,0.009936245979019744,0.017592663361470643,0.019788964971576877
2010-07-28,0.018584951800166418,0.017845892417690395,0.026249418933023953,0.010724081031731647,0.018617983069404067,0.019394133484188798
2010-07-29,0.017943477960869557,0.01709184066449694,0.02600900931085294,0.010505176599917888,0.018354103210625212,0.019093457271559623
2010-07-30,0.01804003937499002,0.01749571000999763,0.025237541145359324,0.010376299396107527,0.018063151615340733,0.01888967878495546
2010-08-02,0.01743810590424739,0.01691497777665249,0.024994174249613497,0.010414676116635792,0.018287411725803965,0.018520153126911174
2010-08-03,0.019137623239064053,0.01920957953497283,0.02784695699936589,0.01020272075169588,0.018566832278684556,0.018742728356439274
2010-08-04,0.01885579019668811,0.019652705746443493,0.027073555477476807,0.009998523205587348,0.018128584585041508,0.018428189675738327
2010-08-05,0.018056681687189168,0.018868050119789745,0.026759701901069133,0.009899504101960227,0.01779192266229189,0.018235217702754346
2010-08-06,0.01742216983598257,0.01819149914849568,0.027287842424026675,0.009717719464806622,0.017385977683729764,0.018108969888026058
2010-08-09,0.017539107189087497,0.018319993534490972,0.027672260035951853,0.009579892089711646,0.017081377124466737,0.017729045122752297
2010-08-10,0.01708067751004517,0.017804641966022074,0.028759963020265046,0.009409626572590679,0.01692484113741774,0.01735669693066467
2010-08-11,0.017155802755961264,0.0179181882781844,0.027638372360367702,0.00926898002485315,0.01657036673257965,0.01716762529797643
2010-08-12,0.018824420531212367,0.018884555786264735,0.026634789238526146,0.009096050289652881,0.016504944985572072,0.01721362124906033
2010-08-13,0.02039845390579299,0.020065928508409173,0.025713744016083617,0.009387736230354214,0.01625587235799913,0.016947316620598264
2010-08-16,0.019544164300852783,0.019240033182203412,0.024844789755218435,0.00920933275244638,0.015899241812748047,0.016707314276812303
2010-08-17,0.018703001416497746,0.01842349649259296,0.024977474656090758,0.009171101034442235,0.016028143898651478,0.01642838608712993
2010-08-18,0.018026430227352567,0.019556189335522972,0.024207543210751158,0.009004919470432514,0.015798318780458624,0.016516388928721995
2010-08-19,0.017363105685622555,0.018784201583881742,0.023429607532651074,0.00885189616706213,0.015629970755046248,0.016180262261200708
2010-08-20,0.017234008540574674,0.018622619009678786,0.023146017945551912,0.008714973091191538,0.015310784157661928,0.015966679373941875
2010-08-23,0.01711154270105312,0.018357369074266397,0.022699627709225102,0.008641798157989992,0.015538784474927793,0.015725642334228244
2010-08-24,0.01653442295515535,0.01778604190496326,0.022257496943568218,0.008491365540049195,0.015196639978764121,0.01539799861373655
2010-08-25,0.01722825406648989,0.0178707103589203,0.021609801236725863,0.008379996433882608,0.015596765547450495,0.015449331887235716
2010-08-26,0.01696802608235822,0.017722990424549584,0.024555924640035434,0.008328709497849402,0.017118894530181058,0.015246300596716991
2010-08-27,0.016678028313220326,0.018135588158061336,0.024057068563582494,0.008223933620276262,0.016734468526320177,0.016092756038555606
2010-08-30,0.017730158979391356,0.018577994579216984,0.026831521941732977,0.00808854123581753,0.01636874029880571,0.016163418471918628
2010-08-31,0.017149111697418937,0.017771346009836063,0.028846197662502893,0.0079591443852605,0.01599978140058644,0.016099625292826037
2010-09-01,0.020486994448019963,0.018892864867028222,0.02770454519274794,0.008037588430132539,0.016186567159383217,0.016090825258311837
2010-09-02,0.021311345300838738,0.019365850661611585,0.026987135542024716,0.007919457689922704,0.015830263226648805,0.017047213048657188
2010-09-03,0.020822907826594888,0.018641267468220996,0.0259702197728781,0.007836107771653236,0.01580078932702367,0.01671998385573237
2010-09-07,0.019963487081372695,0.017865208942243135,0.028957908857322925,0.0077288055997451,0.01575942567261006,0.016366531497026892
2010-09-08,0.01921652154826885,0.017622143640642633,0.028634193792773634,0.007717874872007326,0.015414656028554774,0.016125712286635903
2010-09-09,0.018526206415515722,0.01695760872045315,0.02767627764558107,0.007610172753018496,0.015112856368743583,0.015865055166900042
2010-09-10,0.017853845878360756,0.01652054096587753,0.02686437233989542,0.007590491686978621,0.014900442630750308,0.015916586481981
2010-09-13,0.019380028719036338,0.016080230033683442,0.027342687703822633,0.0075224771515859535,0.01458003516351696,0.015747648087083205
2010-09-14,0.018756301538086963,0.015809779596751682,0.026609694322496994,0.007414690642661678,0.014674814948104176,0.016056144843217747
2010-09-15,0.01804596809570812,0.015202905745399778,0.025676824363552547,0.008325685419845668,0.014710521469345492,0.015737551203500393
2010-09-16,0.01763496403540807,0.01467576558261108,0.024806702948810832,0.00820535373559453,0.014475612038354064,0.015410129486417757
2010-09-17,0.018047814393626318,0.014263071449147631,0.02439851341623272,0.008108205175598614,0.014334736568050031,0.01516188882545838
2010-09-20,0.017774590927127923,0.013817257644791915,0.023698137530919258,0.007994995888029243,0.014040146881970573,0.014956112020864259
2010-09-21,0.017755893812722152,0.014033955129639071,0.027677819642516192,0.007883186926292913,0.01374857668736018,0.014690603121699113
2010-09-22,0.01802511249820494,0.014043099415388028,0.027624575807555254,0.00784420024227222,0.013573805935580744,0.014453977911947045
2010-09-23,0.01796859796191981,0.013707751688318628,0.026780394370751432,0.008218200949615227,0.014018055686520032,0.01499809414759057
2010-09-24,0.017327792954371132,0.013266306037387866,0.026050019990588785,0.008104364845212701,0.013825450478275755,0.014768205924235596
2010-09-27,0.01746520394648645,0.013178759757887354,0.02722596743034655,0.00797610651270715,0.013681889368642007,0.014557309311091034
2010-09-28,0.01676937154142648,0.012833522114772358,0.026959638427323244,0.00785035814328911,0.013421656200765604,0.014313781691361403
2010-09-29,0.016207034174787478,0.012459805951740687,0.02607835542994073,0.007874864260882023,0.0133661058900763,0.014213315879699014
2010-09-30,0.01700340595235457,0.014502496070516515,0.02685226395128979,0.007756446623305967,0.013323445577906623,0.013985127368692825
2010-10-01,0.018327337997144342,0.015146068451289907,0.02676128886966712,0.007641324704679597,0.013125266631954513,0.013723256302848994
2010-10-04,0.018604406849951044,0.01552486726202333,0.026426584382887947,0.007630379370086724,0.013088902536227376,0.013615522106438627
2010-10-05,0.017828527822708808,0.015048568862754685,0.026055505105195848,0.007520303544562994,0.012831638501895155,0.013435672069240708
2010-10-06,0.017827940619727933,0.015575359971413898,0.025102750883198185,0.00823974394862914,0.014384159475532394,0.01361480323089278
2010-10-07,0.01715964522823913,0.014996993503787161,0.025998346566665255,0.008176427216231491,0.014389483608651254,0.013429156892303722
2010-10-08,0.017600930655355944,0.01569958930096942,0.03207326371341622,0.008287703160867924,0.014776689432945784,0.013796238640827232
2010-10-11,0.017282317051922323,0.015246458707876212,0.030869458387019738,0.008291139540890412,0.015327007359635327,0.014477977891901903
2010-10-12,0.01670930360203562,0.014729201378885497,0.029916515222140526,0.008260668195158548,0.01517146043453985,0.014202650547690751
2010-10-13,0.016232263884513504,0.014227327814580639,0.02879996966056123,0.008217084940291046,0.014969527555187458,0.013919414792274837
2010-10-14,0.01641068191742459,0.01434524307550817,0.02818375010167053,0.008831955936331598,0.016420980630725623,0.013758622693756266
2010-10-15,0.015861949111000237,0.013852132959061817,0.02727874591588521,0.008733087881080964,0.01670341196475003,0.013492211862736922
2010-10-18,0.01633573840950732,0.01554035476874742,0.028182092228542736,0.008626811113672186,0.016378962203957265,0.013298604176592147
2010-10-19,0.017169600240956404,0.016548618442683606,0.028562834993123322,0.008476271661081532,0.01604942910341603,0.013068443438942425
2010-10-20,0.02173417879220615,0.020187243286101605,0.02831803952856,0.010034534171634477,0.01675535738982533,0.013861369861318308
2010-10-21,0.022495678864051863,0.021437860626458045,0.02728818427765148,0.009906028723786035,0.016392139401601502,0.01370799140044194
2010-10-22,0.021969102777278756,0.021535154594393986,0.03022600257249589,0.010149046612941056,0.017444775610885314,0.013460766044055338
2010-10-25,0.021354606891118625,0.02095062645985165,0.029196609920498218,0.00994434269492979,0.017041582730931707,0.013226250644428107
2010-10-26,0.020584555302853396,0.02008927278510943,0.028072113880019508,0.009968408946318235,0.01712196568086669,0.013435744764258623
2010-10-27,0.019647774178376324,0.019180532637866312,0.027167742537658857,0.009769995853686665,0.016932881956102538,0.013179626708027341
2010-10-28,0.018949580950422425,0.01840962883132591,0.026740213452466927,0.009905929289444232,0.017031715051399374,0.013842848521287946
2010-10-29,0.01815259500045037,0.017656419142185274,0.056362825744440265,0.010169326596619914,0.017225322030145842,0.01358314744423113
2010-11-01,0.017671167060592127,0.01700148804794964,0.054910341242624554,0.010210431529196262,0.017979561096135913,0.013647454847594975
2010-11-02,0.017885279690179678,0.017168161412830577,0.05473873305192861,0.010065880396712032,0.017560023146243588,0.013619157344576393
2010-11-03,0.017495968765849686,0.016695283069465806,0.052305115869469045,0.009902595836000628,0.01734150831529364,0.013679164182273273
2010-11-04,0.017028547589757696,0.01638219571550617,0.04999253406968144,0.010169558168223757,0.017327533717986694,0.013742205292823552
2010-11-05,0.01760561382351843,0.016733181059745958,0.04774455311588131,0.012105610572501011,0.022086899024006738,0.015110556457758037
2010-11-08,0.016937133467040084,0.016056218085864847,0.04600365611179382,0.012020699729197705,0.022345522474530012,0.01492831921411014
2010-11-09,0.016294712159885285,0.015467768090537537,0.04535122600933495,0.011776120889638732,0.022504032804207055,0.014629374565450194
2010-11-10,0.01575742972269191,0.014890972943825027,0.04419542470993829,0.01155608794799728,0.024849095430078735,0.015021297080269289
2010-11-11,0.015665421682946344,0.014503355671489925,0.04391348866027391,0.011422392182063756,0.029220627451152142,0.015213607405826956
2010-11-12,0.015118798463355832,0.014002880004312372,0.04292988154654881,0.011186115199043058,0.028807495418226498,0.015138303861584499
2010-11-15,0.018240649902033355,0.016203345356276155,0.04224412987813944,0.012344581970761756,0.030621936396732063,0.016340059407912215
2010-11-16,0.017484925783745824,0.015608416359179453,0.04052818335130715,0.01207206612744393,0.0298541285350683,0.016095613458812642
2010-11-17,0.019393646951921962,0.016685850662817116,0.03881262933920584,0.01269408060805152,0.03002820374055283,0.019151705561497038
2010-11-18,0.020027877654064757,0.01692703242221807,0.0404927546989074,0.01240777471024811,0.029350982476861232,0.018729287909460726
2010-11-19,0.01986087286994584,0.017478659485289694,0.03875833919102578,0.012364301058120744,0.03072947571629623,0.019148347628654794
2010-11-22,0.019036716301646554,0.016965536543958538,0.03880691852957308,0.012086249673589908,0.03006531607215314,0.018725084519502784
2010-11-23,0.018231565075254495,0.016339284872640372,0.0378765897698824,0.011841143177782594,0.02937554846151579,0.01888935602697927
2010-11-24,0.017597422695089578,0.015928041587606794,0.03624290943724792,0.011943702271650964,0.0286301997558457,0.018677096478211273
2010-11-26,0.01954551593444319,0.01800632890072259,0.03469209956171299,0.011702820091194057,0.02789520093010229,0.018511769301947194
2010-11-29,0.01869513128503112,0.01726849439993063,0.034441323826374756,0.011566750266761006,0.02802517133945233,0.018108137801567486
2010-11-30,0.0192905276331914,0.01769787385756757,0.03557616909611262,0.011324221075624702,0.027559560592379385,0.01771671813124861
2010-12-01,0.019467914090014,0.01773689191139428,0.034135594284623406,0.011425351063916336,0.02811898491340974,0.017688625936251808
2010-12-02,0.020949216757350557,0.019948025690710938,0.03328936618428344,0.011180142126637817,0.027442044184168023,0.018505081765553457
2010-12-03,0.020454513899494736,0.020042262265238232,0.032299812398393746,0.010940266652150648,0.026765443245310015,0.018168827645480525
2010-12-06,0.019949031137870565,0.019284513239379967,0.030965318899955744,0.01098162590782883,0.02663083762712748,0.017795047056306374
2010-12-07,0.019066577133463755,0.018426931793831428,0.031146735798416737,0.010836729272171894,0.026185527199837084,0.01741417391208235
2010-12-08,0.018432485533920205,0.01763074676010832,0.030582439368486782,0.01066421188487916,0.025520864140320728,0.017159045944556302
2010-12-09,0.017735720669790483,0.0170336770221731,0.03257761224507603,0.011144756385007004,0.027505774033133618,0.016982225552908823
2010-12-10,0.017018884824694994,0.016345847023020763,0.03327317444779124,0.010990533825467844,0.02716015033310948,0.01663378911538159
2010-12-13,0.016513644707950102,0.015803561881121694,0.031911004327131696,0.01082676744964633,0.02651801025676614,0.016321116815049965
2010-12-14,0.01613489297569035,0.015371552941201549,0.030596592936020905,0.010761413723793755,0.027000930985395025,0.01665313931004508
2010-12-15,0.015606424503728575,0.014791473567338986,0.031547349993534916,0.010570357890221926,0.026337384466414312,0.016299172384148845
2010-12-16,0.01510009622285736,0.014626991868418598,0.03035152589849412,0.010711150977444225,0.02598452349093408,0.016399960800787376
2010-12-17,0.015008393574333003,0.014213060250156322,0.031801008454106515,0.010743889466505624,0.025580666956939443,0.01607561262435231
2010-12-20,0.014550396296429983,0.013722966330188031,0.030517539417542636,0.010582664807936636,0.025080564570829012,0.015877535318166717
2010-12-21,0.014347563490241057,0.013730943114880512,0.03176016965683568,0.01040726086512084,0.024503909216693955,0.015718734020599777
2010-12-22,0.014325871370457832,0.013355385660753106,0.03312116349211256,0.010198477360161686,0.023888538523407443,0.015762506232970156
2010-12-23,0.014059645515236783,0.01300731165082293,0.032443430303910274,0.009995242043445367,0.023289655385644502,0.015434230180792121
2010-12-27,0.01407234836130413,0.012753102944840007,0.03152221507897811,0.009855267452319764,0.0227128048827977,0.01514015991423629
2010-12-28,0.013801126687400158,0.012459746695921307,0.030297326117583664,0.00966453300441701,0.022156454367478203,0.014868814403999947
2010-12-29,0.013504440741322345,0.012222199100768135,0.03000461688242812,0.010040529176944599,0.023021413519082747,0.014751453439068515
2010-12-30,0.013228393686498361,0.0119246284956221,0.029215096166911588,0.009899390044376956,0.022619281122296192,0.014472289872947408
2010-12-31,0.013709941794694995,0.012165649405136559,0.028264240807133637,0.00977304917309848,0.022102857372489463,0.014357131501585766
2011-01-03,0.01431567163574739,0.01302481635310905,0.027527677349342028,0.009830715075807218,0.021771490288926255,0.014596942002982673
2011-01-04,0.013891884342534699,0.012628588506532796,0.031023876493963595,0.009637616862008229,0.021276598461756592,0.014311497316163
2011-01-05,0.01557247011502818,0.01304526366029096,0.029779970843951314,0.011520516671919095,0.023887283634529764,0.014640604129454789
2011-01-06,0.015343031726206173,0.01418232677506112,0.03140674753877858,0.011299733946237091,0.02341584872913503,0.01445250239231915
2011-01-07,0.016380734125013646,0.014090395550071395,0.03024423596536008,0.011061508160355454,0.022836242650928314,0.01468551069664136
2011-01-10,0.015837562279663812,0.014200844180642533,0.029037102354433988,0.01083690059682114,0.02253899842068855,0.014585660272848347
2011-01-11,0.01583826579734848,0.015745715723107078,0.02793372603575346,0.010632193094285224,0.02202829449087008,0.01432074652178603
2011-01-12,0.016545751533381683,0.01631395576631887,0.027393179595954123,0.01051468254160844,0.022029277214788204,0.014607949856162684
2011-01-13,0.016107933059917715,0.01573924785578666,0.02653276756007887,0.010298402409846691,0.021487679473598753,0.01461573761621444
2011-01-14,0.015622478228974702,0.01513466197748874,0.026887598812877563,0.010088477050039625,0.02106920198258247,0.014421376936666574
2011-01-18,0.015081796525244112,0.014572605594366201,0.02630808646582383,0.01068773599989665,0.021819617444543984,0.014232542713512932
2011-01-19,0.014602245536497438,0.014083473304580277,0.025598802796020594,0.010521574779920573,0.021773328789134908,0.01396427577071021
2011-01-20,0.014284133816689991,0.013641953533756862,0.026241448558133245,0.010306396146984007,0.02125464130619681,0.013975133178188524
2011-01-21,0.015622435236624418,0.014172599331630556,0.026679662004393808,0.010745868283644407,0.023279939975262013,0.014499656342322436
2011-01-24,0.015095595046226493,0.014049904756288912,0.02578529426506498,0.010559847198717547,0.022701876702766795,0.014319003041384832
2011-01-25,0.01530611852139883,0.013962899057862667,0.02682846164253102,0.010351085193725004,0.022153043819908097,0.014168323785125236
2011-01-26,0.016067226609296083,0.014231306741699581,0.026792651770997676,0.0103256866582564,0.022008720233436346,0.015128332450214887
2011-01-27,0.015990886293459527,0.016163059556182982,0.02579234690559202,0.010114293407238469,0.02162706305699954,0.014951886489489087
2011-01-28,0.016674282824565276,0.015624536726385736,0.02760401985792879,0.010184699100664886,0.021108124191564884,0.015030800329254508
2011-01-31,0.02078406434606415,0.01631366989670479,0.026535608210094815,0.010542988629559618,0.02181295632180139,0.01481107743812356
2011-02-01,0.0221067290463689,0.01640200122925828,0.02636104394099237,0.010386473478421601,0.02135964003990819,0.015050695041784608
2011-02-02,0.021662414395357807,0.0158928330231481,0.025872628057236367,0.010206716897050596,0.02101500796363238,0.015297232767797755
2011-02-03,0.020646257723986608,0.015373019864819433,0.02550824468875351,0.010086661042956994,0.02057909433207443,0.014985289650192897
2011-02-04,0.01974679250512459,0.01491127869263999,0.025384889647460895,0.010370656706959618,0.020361170324048213,0.0146790363419732
2011-02-07,0.01965617453844509,0.015602135997411568,0.024523709845725338,0.010180495572784718,0.020029220600714878,0.014471016876684655
2011-02-08,0.01964323253003009,0.015127346874331654,0.027909688983768867,0.00997558593916584,0.0196640778059461,0.014181236353382181
2011-02-09,0.018897810423036045,0.01470294630537,0.027252663924309906,0.010053618589884638,0.020390658697623958,0.013898587644385367
2011-02-10,0.018117255779100915,0.015311248114522587,0.026202501702056843,0.009852613635051577,0.019896389654527506,0.013811351915572456
2011-02-11,0.01736979687651222,0.015043966606891517,0.025602515601964734,0.009670977835189179,0.019464790970082833,0.013561174744677893
2011-02-14,0.01725078660989674,0.014580132932817673,0.02534371694067076,0.009489666768413401,0.019013632153792533,0.013300791795489056
2011-02-15,0.016847031722124498,0.01490507313440014,0.024427577473537923,0.009329864451963104,0.018975240321899865,0.013687231113496314
2011-02-16,0.01632467249196924,0.015048053198435704,0.023846180566713848,0.00924423803643935,0.01856177324542744,0.014062951544928039
2011-02-17,0.015894045302554227,0.015849706839858337,0.023394912430727364,0.009071377147649426,0.018129855390037097,0.014122547737071554
2011-02-18,0.016088176400125578,0.015678361316261928,0.02296072969000445,0.009018743761984534,0.018943851972955755,0.013855062179241711
2011-02-22,0.015523479227966142,0.015078719701207522,0.022172494409434817,0.008865201011274457,0.019171767781667168,0.013582550049822761
2011-02-23,0.029829709455040467,0.017457761869470574,0.02144218787045528,0.00888141882207765,0.019108183899240395,0.014741872353214246
2011-02-24,0.03188124978282703,0.022919865908425926,0.020888320038379437,0.008911227832760025,0.018882798899739105,0.014865959298122821
2011-02-25,0.030289639277358605,0.021822710045645115,0.021929094901138146,0.008752491562466328,0.018453912932471367,0.014780547905196997
2011-02-28,0.02872682584388945,0.020900112969412774,0.02672538118390129,0.008659342552254081,0.0181203428810074,0.015373622811588918
2011-03-01,0.027393444794230653,0.019961630256722894,0.025807469181787175,0.008507443442980265,0.018698767356405098,0.015178167952973498
2011-03-02,0.027294323442247338,0.021461255921512712,0.027847809402757176,0.008900906916208364,0.018686144405990455,0.014876071211019977
2011-03-03,0.027082427343894714,0.020599801395439123,0.027122823893395688,0.00878325092027567,0.01843105451654763,0.014582614895725193
2011-03-04,0.025708513839264858,0.02012293755186461,0.02628379598911641,0.009182349314988928,0.01830037089642901,0.014290762018206983
2011-03-07,0.025538276530815023,0.019457280533218956,0.025399306120358265,0.009171645328536922,0.01898665130107323,0.014006039117756712
2011-03-08,0.02441836323517506,0.0187712334565829,0.026090107606656268,0.009035075567476465,0.018836540832769925,0.01568342590235466
2011-03-09,0.023247818132995826,0.01878077011462403,0.02559418822306302,0.008938559072690094,0.01843410465289478,0.015366371591547093
2011-03-10,0.02221622946928954,0.019565883950574358,0.02514244032464893,0.008780756757459027,0.018160523798314825,0.01626687534136558
2011-03-11,0.021814166937729015,0.018747505274121553,0.02545935817069648,0.008996467224850986,0.018772895880854484,0.01594320934550586
2011-03-14,0.0213681177280797,0.018467416250677604,0.02492368969125491,0.008925911163237018,0.019119182977504378,0.015616711774459151
2011-03-15,0.020373252675561098,0.017674878786471268,0.024079486552776988,0.008772471198412396,0.01867647144488187,0.015332584008590746
2011-03-16,0.023377801096833215,0.022354058161381828,0.023299975740046754,0.009849916187423823,0.021251600281416774,0.015219126350778454
2011-03-17,0.022368625710334922,0.022093753095728853,0.022487091523846123,0.00966483858952525,0.02085758472764103,0.015218052873565962
2011-03-18,0.023858979777263326,0.024118300162664988,0.0271375409897685,0.009541771371998018,0.020396232896679353,0.0165711787063671
2011-03-21,0.0227190358851554,0.02310737022604681,0.026100750264575378,0.009507200553654288,0.020552453812466093,0.016223300602176645
2011-03-22,0.021948223097626195,0.02216415925589207,0.0251244516939515,0.009433768910060104,0.020901924714234597,0.016102027171505384
2011-03-23,0.021489002728571,0.02120109510601609,0.025070727025086118,0.009254354315027146,0.020458289657513184,0.015818599201046998
2011-03-24,0.021112775972595803,0.020221449804321515,0.024784150428958925,0.009193246707164924,0.02074199087635511,0.01641959114206716
2011-03-25,0.020146170188498232,0.01930402853098023,0.02474435932005808,0.009036414655150484,0.020266713235588155,0.016074148653691375
2011-03-28,0.01925763490799101,0.018450609101646476,0.026245364174636993,0.008969412358099072,0.019876359084358884,0.01573941708811012
2011-03-29,0.018954203530423902,0.017792157633375043,0.025339563922862293,0.008860968415153176,0.019398995960838664,0.015756517439017393
2011-03-30,0.01828447829346279,0.017037786819348068,0.026173474255208697,0.008723871202947327,0.01894942190493915,0.01542910403856613
2011-03-31,0.01761026582945665,0.01635592864242585,0.026412589221175387,0.008635975317544875,0.018760786758384405,0.015510979100532214
2011-04-01,0.01836405566201328,0.016775750180444072,0.025509295999155267,0.00874481050286147,0.018445645202140145,0.01527477039201404
2011-04-04,0.017927393156874184,0.01645917886452841,0.024638560991121855,0.008742721052642507,0.01802943781376884,0.015152137178323498
2011-04-05,0.01724988759848251,0.016921100267063612,0.024300721324413535,0.008603741034003192,0.01813831867026019,0.014843810800733674
2011-04-06,0.016580444240491342,0.01648230299945129,0.0237978706112988,0.008888748126004818,0.01814884987654124,0.014551025877483184
2011-04-07,0.01600586393639297,0.015821095859100368,0.023777432171775578,0.008762343665447906,0.01776217531703755,0.015127466198463923
2011-04-08,0.015958606267371046,0.015231235616331188,0.023873033498221122,0.008606709464278958,0.017371136412541625,0.014967814951418024
2011-04-11,0.016859989513214834,0.017683986206410925,0.02305878936215279,0.008698451556671809,0.0179571993148051,0.015193163240093135
2011-04-12,0.018226564910453734,0.018236960376062702,0.022780750220505866,0.008593750490686218,0.017537916951725165,0.01501121782373756
2011-04-13,0.020600684037786383,0.019162096874021664,0.02201333189538157,0.00870749655899865,0.017398470009882223,0.01514496985028378
2011-04-14,0.019806170783596866,0.018964897675808223,0.02149451225093616,0.008556517904960538,0.01702422155630115,0.015450440986819063
2011-04-15,0.019129522177526715,0.018185013924566906,0.02138913854995193,0.008719697137177327,0.01835083263473354,0.01513830681386382
2011-04-18,0.01880910894946385,0.017607379696454047,0.02070444587569236,0.008760158860363512,0.01854469748653275,0.014887649320777362
2011-04-19,0.019540306954106954,0.017534066768691205,0.020634458863689545,0.008651966367338242,0.01821973085354058,0.014879940034121419
2011-04-20,0.018899539511585736,0.01681750433593784,0.021834569112827894,0.008503611794142383,0.01846050337636269,0.014652922708111266
2011-04-21,0.020359883956160438,0.016132138873480736,0.02136262910896582,0.008370034766655116,0.01823239991039047,0.015332708679706352
2011-04-25,0.019564545192124555,0.016876052336936776,0.02180332808347911,0.008251406401419432,0.019458820983713102,0.015292216614789371
2011-04-26,0.018705723331627355,0.01621300502603668,0.021147716727726928,0.008142848137066578,0.019690388109232067,0.01569342360698373
2011-04-27,0.017915720323281124,0.015610693815038622,0.02046893668662213,0.008054278245211877,0.021728393334207893,0.015387716374165004
2011-04-28,0.017238958161568455,0.015201206114699755,0.01984834477510792,0.008129531454669374,0.021650255343956756,0.01570709386881472
2011-04-29,0.016561625123286204,0.014638592525023855,0.02320676893359298,0.008208373156705761,0.022379193593318875,0.015399209241481424
2011-05-02,0.01618585912764735,0.014264798639842906,0.023834149443687506,0.008726679432322092,0.022372951296797856,0.015597249154738846
2011-05-03,0.015649573223368213,0.01391567736023163,0.022990014709669455,0.00857228596274376,0.024816731824747446,0.015294568691647765
2011-05-04,0.016702694907479637,0.015088538179840088,0.022249952696084457,0.008728927594215077,0.029939019954274382,0.01523919863453936
2011-05-05,0.01694255101115642,0.014907063056924059,0.022363910363564762,0.009255456829232588,0.033958778051890376,0.016085219684247514
2011-05-06,0.0330625296578551,0.031584956981063346,0.030579194518975426,0.010257599783168541,0.03794825035935521,0.017225142491369375
2011-05-09,0.03241916453402165,0.030336224661389747,0.029403073252670234,0.010141002282094056,0.037417660243556104,0.01689726359165177
2011-05-10,0.03498475845476334,0.03433005204779345,0.02884187605652082,0.010056068766672198,0.03812421117324234,0.016666077602726145
2011-05-11,0.033286724475145794,0.032840347343043065,0.028450897315859248,0.010018887973838313,0.03798266141259198,0.01636182614636498
2011-05-12,0.03622078534721379,0.0340678752406757,0.027739779580554066,0.010060551481346346,0.04109696099408801,0.017376136669457854
2011-05-13,0.0342872677898495,0.03229595447838213,0.026673755019318932,0.009882291338444212,0.04026403404150794,0.017274514994807522
2011-05-16,0.03246620893699829,0.03069645614128743,0.025909226819350407,0.009869011204249068,0.03921988397209819,0.01691825193570205
2011-05-17,0.031605273208316464,0.029280238054394645,0.02542583245376151,0.00968554321582652,0.038604798750355634,0.016560991271082907
2011-05-18,0.029946333709233882,0.02885489372703842,0.026346740944861245,0.00962148125382999,0.03782199605822896,0.01621389345347064
2011-05-19,0.03008963121606394,0.028121528992882595,0.025370384315539295,0.009672216849078196,0.03827063768554841,0.01681309360799874
2011-05-20,0.029004402240360112,0.026817426391034793,0.025600574603433936,0.009498883821275656,0.037274087429859985,0.01667889179745715
2011-05-23,0.027657413391815773,0.025605608819038547,0.026500769349841267,0.009577773912441469,0.03630302116658384,0.016723121114147553
2011-05-24,0.026877011852447764,0.025198744261244122,0.02673290239008465,0.009428320504827538,0.035365752249878236,0.01767387768879592
2011-05-25,0.0261631029239746,0.024882130005075824,0.025712794453565318,0.009303123258158562,0.03527404785551056,0.017327995230947794
2011-05-26,0.0253813860068895,0.024535479185007793,0.024853812129829855,0.009136084730509267,0.03554924146130021,0.017555668128499666
2011-05-27,0.024365425739475505,0.023334865928693892,0.024238647171115048,0.008985649781930938,0.034665206230790675,0.01717754476792337
2011-05-31,0.02317440727742476,0.022210456168991883,0.0267264307377284,0.00899536915194942,0.03390014990717387,0.01719053931018774
2011-06-01,0.022957801483887326,0.02162943021685526,0.027441655226810364,0.008831880847052956,0.03311357388094993,0.016824790620016836
2011-06-02,0.023159420240147784,0.021484457775460094,0.026497725649461453,0.0087109280241201,0.03244997168356957,0.01685280180909076
2011-06-03,0.02203490534438783,0.020650261942816103,0.027547595689424092,0.00868232721546785,0.032860343353289606,0.01653577403876651
2011-06-06,0.02100400389520292,0.019713716086531507,0.027068228487384452,0.008618996767075485,0.03200165347568082,0.016372378306512864
2011-06-07,0.020434187203667502,0.019205124088988838,0.02708126240673991,0.00848809835729901,0.031372697873269385,0.016029282323236815
2011-06-08,0.01950876420800415,0.01934725926280657,0.026040732479781795,0.00835740932433676,0.030597123639245067,0.015696525866795867
2011-06-09,0.019326021666977236,0.018689437681380046,0.0250766363022764,0.00825260706270311,0.02991317317722846,0.015504058650334093
2011-06-10,0.01882132167362896,0.018414109623155053,0.02655827004976225,0.008129613597531957,0.029535708701754218,0.015183242652019298
2011-06-13,0.019912163242471477,0.017749548075590923,0.0260714865933948,0.008217881665230714,0.029530512407652063,0.015109482526265972
2011-06-14,0.020130813320868846,0.01701410515754746,0.02610465753561464,0.008307339121478503,0.030454034000380256,0.014844235672997284
2011-06-15,0.02029405331237823,0.01653187130785691,0.025493317912245485,0.008246601014081338,0.029969608563700453,0.015826234682161166
2011-06-16,0.02452826174505179,0.0178448436159877,0.024548289816007703,0.008112185904180374,0.029193555819114744,0.015586284699998674
2011-06-17,0.023307582530534835,0.01905494119449342,0.026154808602317014,0.007992778902664708,0.028454300295268388,0.015264594881850923
2011-06-20,0.0231629607971596,0.018361206537691695,0.025895843973621754,0.007955311346253678,0.027745634959176858,0.014970396521250522
2011-06-21,0.022047935192122448,0.018091762701334037,0.024932979250113254,0.0078368525566041,0.02710826267098111,0.014737893393123118
2011-06-22,0.021005289584489523,0.017452571646471574,0.024495766288180246,0.0077349836194724984,0.026481699172438256,0.014455717496318266
2011-06-23,0.021085849526726638,0.018970275347650157,0.02413377886055169,0.007666292456659539,0.025898970557105976,0.014164965940447465
2011-06-24,0.025135612334556384,0.02680048389417429,0.024902640998883497,0.008785995076976779,0.027440763743125204,0.014115476420020525
2011-06-27,0.023872458522976134,0.026248633089156318,0.024117331449186943,0.009058701129209446,0.026840505034124672,0.014135668773961265
2011-06-28,0.022791972249386946,0.02506170310625696,0.023322930909523053,0.008918811409223217,0.027063013029176193,0.014068331439506398
2011-06-29,0.023017043020782568,0.025142555133518884,0.023558151854320357,0.008768483989316978,0.026373081217056168,0.013937640683276076
2011-06-30,0.022754513242924643,0.025964128795318113,0.0229263321636204,0.008715382552580345,0.026709153079006495,0.014863949268334342
2011-07-01,0.021749861722572025,0.024672433457030584,0.022490570410016432,0.00863346098518067,0.026030177126637192,0.01487274416415631
2011-07-05,0.020801958309790706,0.023553926532669366,0.022180133278436934,0.008946470224665935,0.02639601420452547,0.014599485209725262
2011-07-06,0.020813557246247703,0.022415127163134943,0.021719839499200214,0.009685480215941022,0.027980222874599794,0.01447677633642844
2011-07-07,0.01988259784688092,0.021935514974111697,0.023413739341896195,0.00974000266482533,0.027444861012923684,0.014199953387624687
2011-07-08,0.0200395790100697,0.024769274246533156,0.023415675495425833,0.00954987903766067,0.027007848257523382,0.014779730433305414
2011-07-11,0.020823339409941462,0.02356577216585966,0.023161621140540132,0.00947179925905313,0.026317405903677257,0.014550203446725368
2011-07-12,0.02020003394358174,0.02262480355589548,0.02309112146642127,0.009338708617523304,0.026178030845576097,0.014415513740459048
2011-07-13,0.0206350042143202,0.02158248982603418,0.02249543633218293,0.009313890538523684,0.025514745252189653,0.014165234315659374
2011-07-14,0.019779825476593536,0.020571678133142677,0.02223768355272147,0.009617149891635807,0.029153305565458466,0.013894958351581449
2011-07-15,0.020480524040530426,0.019678193439651704,0.021564830821509992,0.009440100481486125,0.028571995182559227,0.013666039250713033
2011-07-18,0.020159540956717,0.01901833178125724,0.02369225367941162,0.0092597475185111,0.027917489135005243,0.013485163640767104
2011-07-19,0.019765035435611845,0.01848362471832426,0.022853140212470407,0.009213304190605294,0.028116412468054602,0.01323155181290744
2011-07-20,0.019531853256821757,0.01768118210037749,0.022086406279304277,0.009043803626620023,0.02740251387231721,0.01331780126200169
2011-07-21,0.01877083715589653,0.017808251552449923,0.02147013315113509,0.008898795714171378,0.02696043569120608,0.013151624025084217
2011-07-22,0.018221564584761717,0.01714691320437415,0.02198472008322115,0.00884264094142886,0.02650035547387848,0.013131279403608635
2011-07-25,0.017601483952837255,0.016704561168324104,0.021252009016719912,0.008871596899124088,0.02665925147368532,0.012939545179839302
2011-07-26,0.017050648610727616,0.01615482825365981,0.020589038464732715,0.008809839758331446,0.026012423504691948,0.012695535315050646
2011-07-27,0.01642314153039646,0.015537717777845595,0.019981098319875098,0.008668037146630352,0.025417533870424554,0.012903144056433516
2011-07-28,0.01737720568168912,0.01512952395364326,0.019377181831979274,0.008520180984940952,0.02478556589468585,0.01276056217086158
2011-07-29,0.016688423835492464,0.014570307654102353,0.020815889999241,0.008377943751245924,0.024541976878650937,0.012567276388759117
2011-08-01,0.01709590238079606,0.014159881151423175,0.021406636670850653,0.008438567741859308,0.02398623432284134,0.012339889429370142
2011-08-02,0.016676953194098242,0.01367219194889299,0.020927060080681518,0.008389266415242316,0.023808832755057418,0.012561540669256648
2011-08-03,0.016502921619885456,0.0132630505359072,0.020412564374583525,0.008722770016882823,0.023622289894675484,0.012350764436848644
2011-08-04,0.017167330687806723,0.015625001797525805,0.020365330643755404,0.008961698825215032,0.02475059734355873,0.01257591458574022
2011-08-05,0.025132935903688047,0.022739618177482296,0.022728595018390883,0.008851541606962282,0.027318504484829878,0.013095249746782112
2011-08-08,0.02387938669585029,0.022475246848472134,0.021948840505586657,0.008749331517030426,0.027532101290483287,0.014149443448248124
2011-08-09,0.031020277139286265,0.027104682775228574,0.021225044821421193,0.01140818699243379,0.027662735409636666,0.016044718881048428
2011-08-10,0.03044864260278565,0.02599822918747253,0.02100182203729646,0.01169871674280821,0.028309832479151725,0.015714600425202147
2011-08-11,0.03197140039144377,0.02754738144907809,0.020339248459484965,0.012402987203241934,0.0288174680961256,0.015994630366327978
2011-08-12,0.031997200054295155,0.026431873440893153,0.02116032352303183,0.0127286176076355,0.028336212831876737,0.01685744193149412
2011-08-15,0.030299367432840674,0.025110632840616254,0.02080012020249781,0.01248516763474278,0.027723464211602572,0.016499046094336833
2011-08-16,0.030048639631611293,0.024453105555243746,0.020333552682830502,0.012325969085900324,0.027034792994215514,0.016186619066510966
2011-08-17,0.028821626172678142,0.023256828099921738,0.020933871518672167,0.012435471370934512,0.02650617458724904,0.015970067801415504
2011-08-18,0.0274905686322936,0.022214814159224217,0.020267496336727628,0.012191024210797754,0.02599555899629804,0.015735906413764215
2011-08-19,0.03257444010304542,0.023613830878424405,0.019912351995609933,0.012316253769179266,0.02540121828085291,0.01577938011112027
2011-08-22,0.030811179326641024,0.022943068004347974,0.01964358888565693,0.012487631074911375,0.0264559498868148,0.015476482625828389
2011-08-23,0.029964991227949166,0.021859850949858418,0.01948167891209083,0.012953611584685326,0.026193651941865327,0.015223552976542385
2011-08-24,0.028765033699566223,0.02099616744489337,0.020473491920460985,0.013111547242400596,0.02609887384035938,0.015040677660593455
2011-08-25,0.027276874880084314,0.020154949275714106,0.020585809599091856,0.017563508405285554,0.030665651446067855,0.01473307851963379
2011-08-26,0.025865654845639408,0.019238854595466072,0.019950700809105673,0.017134139595281997,0.031144637083118747,0.015029516818508394
2011-08-29,0.024549647404622718,0.018681450049554495,0.01934879428767409,0.01716271462532631,0.030355280075507314,0.014754355773828356
2011-08-30,0.024295143696649715,0.0179166809211299,0.019668149558564923,0.016750521636236047,0.02965267653742509,0.01446532147604992
2011-08-31,0.023778702239262803,0.018116065669808494,0.019485515343627406,0.016896337958867746,0.029257285866184594,0.014273838569337274
2011-09-01,0.022614574597884914,0.01747406093199873,0.021813078396963156,0.016476906221301844,0.028546541383438154,0.014342375326399972
2011-09-02,0.021530121697192345,0.01682063839287867,0.02109424618891901,0.016073413201141164,0.027836471646301843,0.01423668939077474
2011-09-06,0.022458783538278963,0.017049129855133214,0.024550147918637993,0.01654073798542552,0.02830595955750481,0.01407248689086535
2011-09-07,0.02145546478651142,0.01641170826819569,0.024178985355566993,0.016138871575226442,0.028295981532424044,0.014228642706065903
2011-09-08,0.023620265601359616,0.017607540484101316,0.023310114090117597,0.01696691720569945,0.02760029833406973,0.014463809411595722
2011-09-09,0.022494099096211865,0.01722370343199428,0.022685625960189172,0.017137975591015556,0.027316966919465488,0.014185078066946301
2011-09-12,0.022431211928923597,0.017248619490584014,0.02248456851691153,0.016711442261373097,0.027050922640413994,0.015681426861424957
2011-09-13,0.021605351443485177,0.016604183136963335,0.021853762781578197,0.017143780987065295,0.027461895639266407,0.015482651574812562
2011-09-14,0.021748758172848,0.01597197200939337,0.022313099182631625,0.01681908974926549,0.027267463287586294,0.015164020898629404
2011-09-15,0.021266325732427406,0.015404500488175042,0.02198959038235633,0.016407403025341674,0.026810950477999224,0.015334511020828792
2011-09-16,0.02033938873984471,0.01683205842768642,0.02458174483602891,0.016839062338736815,0.026737613348604413,0.015345021692359705
2011-09-19,0.02013361215553073,0.01832832048343504,0.02431982205425468,0.016856354442134635,0.027076057894313568,0.015090296053824974
2011-09-20,0.020988290210293834,0.01962145688200213,0.02348882173512633,0.016962849952918586,0.027989498421554473,0.016848195871090477
2011-09-21,0.020455747128919354,0.019140035417990142,0.022804686011318572,0.016891189372028544,0.02781018799957275,0.016777842438089226
2011-09-22,0.019880319200587786,0.01830239908164551,0.02270606938304149,0.01647250421352999,0.02716031986193884,0.0165442278653906
2011-09-23,0.028133358869145354,0.02255426625428959,0.022030206919772696,0.01786546288745164,0.03475592966820317,0.022604046697626615
2011-09-26,0.026805366409139348,0.02197471801797622,0.021298168781229202,0.021464375838899877,0.05519001042909025,0.025583041017249383
2011-09-27,0.025461134411204206,0.02093820324670276,0.021584591488650027,0.021709342077742597,0.05371341155969759,0.02498776217650123
2011-09-28,0.02899516147575611,0.02202671155212234,0.021161439630154422,0.02238876150210799,0.053494996783485675,0.026213109878395348
2011-09-29,0.030196486637246785,0.02323576671239448,0.021205512089450082,0.02224982198436455,0.05305529500643259,0.02833300759954096
2011-09-30,0.02879038515046823,0.022119569419487624,0.020549152823372968,0.021672796141954234,0.05170748204912257,0.02766545890527049
2011-10-03,0.029679359139997624,0.021395612129679754,0.02099854325828576,0.02111923421930956,0.05042057014664101,0.027683922734883674
2011-10-04,0.028864617573193915,0.020663776471769642,0.020747573104553642,0.021046257778216036,0.04934149044176914,0.027035831233015558
2011-10-05,0.028540726718958142,0.020623485992033813,0.02016027133653938,0.021177020256012646,0.048534090892962053,0.026581372646965223
2011-10-06,0.03150677864282816,0.01967608884530621,0.020381338231057238,0.02087548149923195,0.04739152649911554,0.0259599756027366
2011-10-07,0.031835623262673904,0.026011351405254648,0.019878810170928924,0.02038524893327273,0.04761434201850647,0.026993315903984863
2011-10-10,0.030143735442872247,0.024718784343325872,0.02174487604093044,0.019990141512326948,0.04689441714041005,0.026416658740504202
2011-10-11,0.02991038636028135,0.025112979898722614,0.021623368713178926,0.019954055905138393,0.046170243542987224,0.026478693555802367
2011-10-12,0.028348311046097408,0.02438641027392012,0.021815368133690772,0.01948669861023413,0.04493661372230167,0.026284839062125136
2011-10-13,0.02688238934724639,0.023254633045855035,0.02372629867886765,0.019168072500517854,0.04407364424665718,0.026452635544958702
2011-10-14,0.02601393252124145,0.022149364452941286,0.023151339510053496,0.01876694937310641,0.04359835049139466,0.02641717654729294
2011-10-17,0.02639532649439355,0.02326256597659697,0.026485813418416118,0.018372290016502216,0.04258298278337465,0.026563525746493725
2011-10-18,0.025100472658369993,0.025513259780917865,0.025513880101361165,0.0179281560564749,0.04152193084998045,0.026017386381594267
2011-10-19,0.024824431111381117,0.02439942983115845,0.02705097158654345,0.017738142147245464,0.04041831249865948,0.02543655886224093
2011-10-20,0.0249864009904915,0.02453438469982004,0.026149797834125344,0.017310705274683747,0.039538353108996144,0.025665739236188798
2011-10-21,0.02394129545740924,0.023644936332127487,0.025415477694834418,0.017443213509803664,0.03915144589263426,0.028340445134910634
2011-10-24,0.023972163207692593,0.02251002094243316,0.024473070799690407,0.0172507323752362,0.03867611286810417,0.029736269205242367
2011-10-25,0.02650793943448628,0.022072026951965865,0.02368703750352763,0.01693836765143836,0.037784728983861766,0.03232449858421122
2011-10-26,0.025936443699241793,0.021088896235596653,0.02326356192035653,0.017531300817605153,0.038053345820656975,0.03160177451484491
2011-10-27,0.026731058379298282,0.02093499597300326,0.02317506269676606,0.017308440948146594,0.03708681621595973,0.03112356150866248
2011-10-28,0.028381636783834683,0.02185006526202655,0.02307904223637764,0.01710620823959943,0.037971763883280205,0.03253293798928881
2011-10-31,0.026993722231205056,0.021728676179875565,0.039149042600534936,0.01668040074026202,0.036984160385546236,0.031764388383443004
2011-11-01,0.025606901935055482,0.020737019711037995,0.03745015349120106,0.016488461620759863,0.036503684604536256,0.03128994368059793
2011-11-02,0.024571663459614045,0.019782436987529184,0.03780399326206932,0.016166203176751267,0.037133734871813304,0.03149417551502451
2011-11-03,0.023364389831695358,0.018903015172374037,0.03626693637416814,0.015902604251069548,0.03704123137240798,0.031097129082775617
2011-11-04,0.022806864606609533,0.01853842000869887,0.03478554732282414,0.01605582405361907,0.036245723143375666,0.030359578014797894
2011-11-07,0.021712039796625136,0.01800120853125521,0.03331467690803546,0.015700927445202625,0.03539655090155416,0.029667787519821288
2011-11-08,0.021080790728677724,0.018619597628068266,0.03270384508435155,0.01583584409417489,0.03479656202815811,0.029021677687824602
2011-11-09,0.020509186899279587,0.017841475179255085,0.031582843192961604,0.015472217982316204,0.033944962310310495,0.02833641935095207
2011-11-10,0.019916258078286318,0.018657605029807154,0.03124286365289781,0.015124270790212163,0.03344327813348768,0.02822978331942751
2011-11-11,0.02010955892840857,0.018238064265916745,0.02996741343867966,0.015239969025449454,0.032610337484540994,0.027869505565321053
2011-11-14,0.019565483111246527,0.017489319933611372,0.029284734033383185,0.015225894832443772,0.03197566959942702,0.027747286279454948
2011-11-15,0.018928970328683292,0.017929447623060635,0.030147237753296217,0.014904635767741007,0.03143593855068756,0.0271294434707477
2011-11-16,0.01850610339773104,0.017214047485827413,0.029332968153656252,0.014550363405942138,0.030747148034064628,0.026504227732976
2011-11-17,0.020315076568157345,0.016570070750215753,0.028686126226951245,0.014236305681915182,0.030235977870859312,0.025905902010556106
2011-11-18,0.022820021076443243,0.019056316069722256,0.028153334905980498,0.015329990297333125,0.03345620276578004,0.026029355248749567
2011-11-21,0.0222258658480764,0.018325039227291177,0.028359330906734915,0.014966602684814019,0.03320381159228475,0.02544958413494282
2011-11-22,0.02124166276171196,0.01753356204669515,0.028216810036986475,0.015683859267631776,0.033602887749248536,0.02567949496784121
2011-11-23,0.020534126269792372,0.017301369833467105,0.02714210615746341,0.015565514391194715,0.03512301753772199,0.025155968036924922
2011-11-25,0.02054867526144054,0.01760567018698024,0.026378773298676102,0.015210230156676718,0.034980536387267905,0.02480330082775355
2011-11-28,0.0196966784331978,0.01697254348524123,0.026313711106992762,0.014899842248376536,0.03461836663693318,0.02423671907137914
2011-11-29,0.019357891330314316,0.017900644585909748,0.029750292557718584,0.01485024792936106,0.0346663356670602,0.024340816398968075
2011-11-30,0.01914609882018919,0.01787555387818293,0.03670509829041891,0.014494638196294958,0.03382481619309262,0.02380057814899629
2011-12-01,0.018390787570775582,0.01711534856093011,0.035831340830341625,0.014642929843302076,0.03348890059136157,0.025803361341203267
2011-12-02,0.01763451662640407,0.017245036580311096,0.035245531377397415,0.014349023776026402,0.032613206217892654,0.025320920048103327
2011-12-05,0.017070097495103874,0.016734610131944428,0.034182281342943294,0.01406919206337079,0.03176569779093889,0.024904282450571656
2011-12-06,0.016406241689240916,0.016061720799672104,0.034420333789471014,0.013881955882846108,0.031014793893829603,0.024391941366047075
2011-12-07,0.015813750072673344,0.015671503409507254,0.0330382142697397,0.013560368448834507,0.030311631033697287,0.023936328928589306
2011-12-08,0.01548189540913048,0.015524431508340429,0.032197956176309585,0.01332572662380015,0.029536992194261265,0.023417036462897202
2011-12-09,0.01651389501722515,0.01550684478481228,0.031017946549752318,0.013559316511062427,0.029758841986102194,0.023119393576448054
2011-12-12,0.01622496184509995,0.014979765751199718,0.03229025754607334,0.013245133936070609,0.02940523239764419,0.022837660110214073
2011-12-13,0.016548328708171654,0.014983686558026423,0.0315069920488517,0.014273405673787392,0.02995635190239167,0.022993403083395102
2011-12-14,0.01756577620961292,0.015774111050796725,0.030295105087881878,0.013946674172243307,0.029239240150057508,0.022508027749077848
2011-12-15,0.023952699921711163,0.020080344682392958,0.03206294194034093,0.01673084736854498,0.03327477194446059,0.024193711502149693
2011-12-16,0.02308426064193679,0.019169317090100266,0.03075509825692417,0.016370787555985936,0.0325101932490136,0.023647317722817567
2011-12-19,0.02200401151048169,0.019076424704584777,0.029505032798978682,0.016189176181601133,0.03179752324529257,0.02345320347329207
2011-12-20,0.020986745820377618,0.018249605315933618,0.028494248681036186,0.01579213499641113,0.03155785062128904,0.02296198381082577
2011-12-21,0.022791149228505066,0.019687096470973456,0.02753528411506218,0.015634673107410003,0.03116268590849533,0.02276080370165503
2011-12-22,0.022157128485006377,0.019003730098426177,0.02658463194992405,0.015262576636240305,0.030437887160250282,0.022294537751406864
2011-12-23,0.02126089354054551,0.018170232590165102,0.02560232477263876,0.01489911985643663,0.029687570365113807,0.021818048404356846
2011-12-27,0.020276099445299844,0.017389527329388327,0.025226627031415174,0.014552692757969448,0.02892148033972754,0.02157023704286166
2011-12-28,0.02001154058204138,0.017063319698054434,0.024296546415691976,0.014275776875760381,0.028305735139534938,0.021394898611385802
2011-12-29,0.02016529108649503,0.017116328749964858,0.023589827867749533,0.014547665556314721,0.030086116934992274,0.021090698626175436
2011-12-30,0.019274541975151712,0.01645369244312099,0.023463852891193814,0.014542016229237427,0.029314011665347334,0.020616558523457312
2012-01-03,0.018646090856985945,0.015911440784374467,0.02297259803421733,0.014591990127474815,0.028964678785071092,0.020546860212952326
2012-01-04,0.02196169744308835,0.02035750329918565,0.022179549237431852,0.014896702967908342,0.031012444041387307,0.020840010129177546
2012-01-05,0.02093254733025843,0.019887055156804806,0.02368852848589817,0.01461524595839099,0.030419356858584518,0.02116996645964476
2012-01-06,0.020475660344572176,0.01918684759540897,0.025624140089476725,0.014292723231006754,0.029669740131325822,0.020696803896123037
2012-01-09,0.019569961242993678,0.01835283597238653,0.025955843198057896,0.013960929918569332,0.02928647259792926,0.020236707167364632
2012-01-10,0.018733808790144572,0.017650204797666456,0.025507524222977467,0.013681261839727964,0.028539386074032936,0.019817960469283132
2012-01-11,0.01814302851514208,0.017048236484521882,0.025587630842935614,0.013678943487503103,0.028894766680585264,0.02023309006140958
2012-01-12,0.01795099320451951,0.016616054682956752,0.030334193119766956,0.01339289263147053,0.028154915474139196,0.0198634640689051
2012-01-13,0.018158525124376684,0.016195999103280508,0.030344488743781647,0.01311530571555615,0.02748533091749115,0.020297199437990302
2012-01-17,0.017467883882534282,0.015741083857221665,0.029284959895611192,0.013000060068977238,0.027156267825052045,0.01985574370612285
2012-01-18,0.017884167246800083,0.015422858668499377,0.03530807124755705,0.013063197953806036,0.026853330026915766,0.020118262960483295
2012-01-19,0.017163614858748545,0.015056040055911967,0.033869193547255316,0.012770061454727987,0.026337098208916082,0.01970064765473642
2012-01-20,0.01651142724292297,0.014697952446040911,0.03757372487456647,0.012499798832262942,0.025667388999767407,0.01945688622559199
2012-01-23,0.017101313927061202,0.01498313518851218,0.036045995162254624,0.01226823766573866,0.02637172416411275,0.019286279623570955
2012-01-24,0.016784501801905286,0.0145625581827067,0.04115105784768535,0.01211245135725072,0.026020814764860224,0.01908308804600955
2012-01-25,0.016290149748540057,0.014141058383131828,0.039480402554212056,0.011974100774124632,0.02544715821356066,0.018667525003598445
2012-01-26,0.01574103858038189,0.013673746281736707,0.04265800881222322,0.012477134601206379,0.026044285164044303,0.01829064909260019
2012-01-27,0.015207205384034205,0.013492767918281625,0.04313673098601682,0.012590681429186863,0.025704017365771357,0.018298781048681483
2012-01-30,0.014711705714073013,0.01317901684165735,0.042032378916305416,0.012318203263377576,0.025053168923537594,0.01791501810198393
2012-01-31,0.014492667930679375,0.012939780227649642,0.04035426220089341,0.012041485805175542,0.024477121569085724,0.017846057795676426
2012-02-01,0.01409247575107911,0.012560990841064674,0.04562850214859169,0.011796087926179226,0.02392703300154023,0.017564957019923014
2012-02-02,0.014003006643365672,0.01229713703181386,0.04609780754169131,0.011581762026759077,0.023604655676626955,0.01740299070915728
2012-02-03,0.014249518676641933,0.012033121040504222,0.04873256848586055,0.011379174967418408,0.023142226120503217,0.017365171538214777
2012-02-06,0.014587277618681876,0.013562582697752533,0.04700022207560632,0.011368894837450773,0.022740191168986554,0.01818231109384378
2012-02-07,0.014489287249894157,0.01359715313517692,0.04528051157323398,0.01127918777180243,0.02217526859499904,0.01790700497669803
2012-02-08,0.014806127461235791,0.013172497463928796,0.04427386189098788,0.011372667114134951,0.021819944229184648,0.01753119248721538
2012-02-09,0.014354519679785842,0.013005413072568816,0.04240743453288121,0.011323382333358865,0.021529262064706133,0.017241721567930322
2012-02-10,0.014337624267787577,0.013110004240424583,0.040675674125642935,0.011131649342015264,0.021045641011085355,0.017246603585640327
2012-02-13,0.014442458976580988,0.013176566902544205,0.03888882586352107,0.011065365656910051,0.020633809583927507,0.017964160376210937
2012-02-14,0.015623594167545687,0.012860229215901364,0.03763726781166338,0.010829276767728244,0.020147238651164568,0.017618444722484063
2012-02-15,0.015096000645940006,0.012486346068899902,0.038007659631735115,0.010640779160263852,0.019815904778786066,0.017296541385000763
2012-02-16,0.014931473650308245,0.0122859544243945,0.03864984846909278,0.010485453063636043,0.019342991738644753,0.016942369651048055
2012-02-17,0.014515717741553818,0.012317595193825961,0.040705025446220074,0.010268500561351125,0.018882144521502862,0.01659067052287758
2012-02-21,0.014323231214339635,0.01206962973022052,0.04113246226558099,0.010064892587824243,0.018463861476705517,0.016892876202643233
2012-02-22,0.015883718396819593,0.012889136179582117,0.039884396067605125,0.010572605435335877,0.01971788190834798,0.01797642412696491
2012-02-23,0.015360192633022114,0.012874548888331538,0.03818367303234679,0.010453204118923743,0.019278242533651038,0.01758680506798934
2012-02-24,0.015480407614701383,0.012608064498199656,0.036622354660340015,0.010372252795327197,0.02057686668726991,0.01726610177861885
2012-02-27,0.015918615109359848,0.013061594306160173,0.03603610044041656,0.010230804350762925,0.020122268996273007,0.017178574328378472
2012-02-28,0.015784244454826797,0.01309799951203817,0.036737929123460106,0.010025559798105509,0.01966935408916155,0.01683376550802801
2012-02-29,0.01639740582282678,0.014385807510185202,0.03623361666776865,0.009936847677762636,0.021623800129734506,0.01655892008347601
2012-03-01,0.015847792974560404,0.014149096054533725,0.03646995244564856,0.013397865162880516,0.026426218473368405,0.016364792973567834
2012-03-02,0.016087344881871503,0.016250636801804892,0.0393871697328589,0.013148295993226833,0.026564020547035085,0.0162694231202399
2012-03-05,0.01679422257470052,0.016898712129847844,0.03774826009371852,0.012937464413484905,0.026870658089009458,0.01600509233885766
2012-03-06,0.01615303609602491,0.016209667395639556,0.03956549470361419,0.012663309833997192,0.026745084023856464,0.015845262289610498
2012-03-07,0.016760536919034893,0.016270668882874574,0.03783717606787112,0.012988530888825824,0.02677312230985425,0.016905833884520705
2012-03-08,0.01666274491775257,0.01651200277248503,0.03688679331635238,0.012766232454300436,0.026638360112673336,0.016621684475658118
2012-03-09,0.016068194838007966,0.016170108389457906,0.035532723781859246,0.012595325342262426,0.026008728621163706,0.016325740061571024
2012-03-12,0.015649923098731307,0.015581000155503195,0.034675996356195296,0.012397995480077686,0.02547201165763556,0.01637813689700773
2012-03-13,0.015462012265755228,0.015080479472164827,0.03400498054770362,0.012208764323339283,0.02538665484142005,0.016075259036060316
2012-03-14,0.014960579936281426,0.01467173120086246,0.032802499897726364,0.011957381583588313,0.024768710019095662,0.01611393368614816
2012-03-15,0.015013392553587834,0.014504300812390838,0.031506824993844856,0.013340256055695849,0.025945729146117147,0.016053411607827136
2012-03-16,0.014565913711762453,0.014463748819151983,0.03022422570736734,0.013184423136034138,0.02556118410791809,0.015938466517845043
2012-03-19,0.015201090213083957,0.01502327111899343,0.02962714154624694,0.012889246612217006,0.02492695594773206,0.015637208306102688
2012-03-20,0.014968837309071018,0.014473425112342618,0.028610788885654465,0.012665480595489735,0.024414304540482115,0.01540307678521077
2012-03-21,0.016315445604944502,0.01454501487557246,0.027566185572854257,0.012645187537384002,0.025026467625634593,0.015670219550790933
2012-03-22,0.016419788529821434,0.01402771225388456,0.026678557828190463,0.01236165486271668,0.02454608234092356,0.015385331612908308
2012-03-23,0.01686927589351951,0.013832088323606918,0.028302498001687253,0.012126834719154024,0.024716456831165065,0.01573280712135624
2012-03-26,0.016797919053015208,0.014244622292095001,0.02719994946447487,0.012103306938684777,0.024954780685621406,0.015570920984025674
2012-03-27,0.01615887939046628,0.013802206309605857,0.026985749928968527,0.012159587965932896,0.024542415543848835,0.015782280203571544
2012-03-28,0.01558618327155879,0.01334739490043697,0.026074814788182184,0.011887899785750826,0.023939872551871803,0.015457944417274844
2012-03-29,0.01615461588092313,0.013403682053997102,0.025209845809684227,0.012111464917370862,0.023967298363598642,0.015955480927968096
2012-03-30,0.01757808213396409,0.01376292635911999,0.024992117556289824,0.011866107452794454,0.023392587431854066,0.015625010304442036
2012-04-02,0.01688267964815446,0.013355713868908136,0.02430482816287652,0.011785086481762986,0.023057527692852825,0.015383549963925647
2012-04-03,0.017503987753333977,0.014395275850059081,0.023697125993176638,0.011563406133971879,0.02286490934066894,0.015887392935685384
2012-04-04,0.017242837201137104,0.013972342520361038,0.023347248098675846,0.011354039758246816,0.02232368839100078,0.015556413298842123
2012-04-05,0.018393195824299914,0.014971630373295623,0.02344807239805311,0.013319067383268386,0.02668462201869766,0.016796405151228756
2012-04-09,0.018466886918307154,0.014667620617368102,0.023835341622274905,0.013162307691589228,0.026455047369655163,0.01644081318119089
2012-04-10,0.017909613468490584,0.014285558301597666,0.0231209810370341,0.01296985076224869,0.025821296658244463,0.016639793420210592
2012-04-11,0.017796489558181302,0.015598178756030485,0.0249518737824794,0.012838041808580343,0.025189117955696994,0.016770863028459978
2012-04-12,0.017804923941501422,0.01501678658032291,0.025077120037823124,0.012544163224262335,0.024578147468608525,0.01642494769390204
2012-04-13,0.017295929488844848,0.014968956640727922,0.024155497376120993,0.012506304228286589,0.02495401650688112,0.01670049260285636
2012-04-16,0.016824251166382028,0.014420567859853928,0.023291494461335736,0.012495670687288135,0.025586119348298197,0.01719815285780983
2012-04-17,0.016180803994052747,0.016195662035541375,0.023064230233915364,0.012288768001471323,0.02493747824466614,0.016828739448024398
2012-04-18,0.016025202328624606,0.015555751231666557,0.02439281334117414,0.012012615250186789,0.02439923821403692,0.01650670632236696
2012-04-19,0.01619131317734365,0.015128482127511191,0.023511168947892756,0.011842203905045777,0.023822654806001167,0.016185189126036018
2012-04-20,0.015662749350863345,0.014566569328213697,0.02372901153466741,0.011580958803859266,0.02331583803631669,0.015844919596472672
2012-04-23,0.01527952769028666,0.014176408709261366,0.02308855914650578,0.011327859605421717,0.022751936783242437,0.015999545041576944
2012-04-24,0.014764921004027525,0.01368908232139467,0.025381325385011925,0.011165474981205516,0.023599592391120895,0.0162166129509835
2012-04-25,0.014343391014153394,0.01332853555774799,0.024934365803427904,0.01100682284456643,0.02306118092203427,0.016107626326739143
2012-04-26,0.01399876160165821,0.013133366816809395,0.02767863867599816,0.010775582402820165,0.022667258197236025,0.015849705101894283
2012-04-27,0.013644419713651627,0.012882159605203258,0.027031836728175836,0.010778782370050321,0.02294585208867577,0.01595892822728749
2012-04-30,0.013311274708838541,0.012500466778077037,0.0336071742797595,0.01056274870078671,0.022397585874357986,0.015875810684258515
2012-05-01,0.012977974289455454,0.012190289980209015,0.034813122893885634,0.0103441420806514,0.02202070055965012,0.01555929738429842
2012-05-02,0.013200068530938311,0.011868496536354767,0.03511445748324438,0.010135906600524333,0.021485833882633237,0.015239605813248949
2012-05-03,0.01321410600127203,0.01221944140826077,0.03701231891793336,0.00999231048826333,0.021061758204179375,0.01522829470246349
2012-05-04,0.01534624780346828,0.013209810803791014,0.037180912549966055,0.010103295495857367,0.02107292841141945,0.015198708523949358
2012-05-07,0.019667673418963843,0.015097706445603782,0.03647947339935474,0.009979092518519422,0.02078970670523131,0.01489726450271298
2012-05-08,0.018900069479719263,0.01453890667937284,0.035678351340444135,0.009815457077039695,0.020411969389002915,0.014884659274387656
2012-05-09,0.01837032087663324,0.014080833050953574,0.03489972759992569,0.010616819972508603,0.02052266485041421,0.015473321558773194
2012-05-10,0.017621972737459086,0.0136520833537293,0.034566758201318784,0.010489553236924853,0.02009365507055609,0.015182565493293037
2012-05-11,0.0169284494860597,0.013277913198011195,0.03320642562148393,0.010273082779232074,0.019614360351571797,0.014919179592985062
2012-05-14,0.01660369029841848,0.012936181315966815,0.031922529430477756,0.010184650998010131,0.019264544339224945,0.01482417997818429
2012-05-15,0.01663963312208143,0.01270827470196008,0.03208007313476433,0.010447905305247642,0.01927236830926604,0.01547062260320905
2012-05-16,0.016262969510237642,0.01246334284605854,0.03186320597654442,0.010248280063989526,0.018930506649241837,0.015295380399845687
2012-05-17,0.016201804961135307,0.012214331621492037,0.033517311399212664,0.010429841460877089,0.019817611304775815,0.015146930300662689
2012-05-18,0.01564270007832118,0.016989717269067957,0.03224250910488472,0.011386468746362365,0.020455804916786356,0.014840614737107597
2012-05-21,0.01558887875084689,0.016330095442365924,0.0350875003252523,0.01134824589975824,0.020696775698732562,0.014552716902573662
2012-05-22,0.015467210426048013,0.016379976395692074,0.03682366885741451,0.011112806299699294,0.02042483721332726,0.01440135581635828
2012-05-23,0.015296064249526418,0.01577543681750899,0.03691873769699478,0.01099937038764607,0.019960622744880214,0.014149372547154426
2012-05-24,0.016069165562633828,0.017351095406534636,0.03547767929449519,0.011418157837869225,0.02018201350588049,0.014902775142703398
2012-05-25,0.0156869542983068,0.016865070074836702,0.035456804114895046,0.011229718891211844,0.020334846731053992,0.01471564968704504
2012-05-29,0.015146694121770814,0.01619211789731329,0.0351786537196055,0.011083557360870864,0.019922229890144055,0.014459861812313573
2012-05-30,0.014652746384915255,0.015560891567637429,0.037666320560756056,0.011190040972503187,0.02002747520220436,0.014197054074209623
2012-05-31,0.017709101502224767,0.01780991974648145,0.0360688347769532,0.01111310136435361,0.019605183292738974,0.014694298383286808
2012-06-01,0.017673276476306468,0.017764134847047232,0.034529507937743065,0.010876307749761623,0.019217988738692005,0.014476903772985552
2012-06-04,0.02105483169873794,0.02017267859759713,0.035276354522405094,0.013002821531804196,0.019689303744978893,0.014568790059214498
2012-06-05,0.02025942628225013,0.01929459047319736,0.03558748082246566,0.012753316222632599,0.01962886213161862,0.014280877989781613
2012-06-06,0.01937251605446995,0.018436782587408915,0.034276477999040655,0.01246548702318457,0.019412135483809243,0.014032488009718253
2012-06-07,0.01870306690714155,0.018488651798927544,0.03298688584855193,0.012375644975864521,0.020707597234241346,0.014855467703195345
2012-06-08,0.017932901473704722,0.017836158842410684,0.03686240853848918,0.013507628984499547,0.02150772271277517,0.01456655366588422
2012-06-11,0.017437292368361904,0.0171478472601403,0.03542220803532281,0.013197500845090662,0.02098493497092536,0.015269590804467673
2012-06-12,0.017618560956920184,0.01711248320482247,0.035623775800395316,0.012907047156043478,0.020503101180123634,0.015436105258412826
2012-06-13,0.017051970755713075,0.01665235936561138,0.03415333396061793,0.01279257022618348,0.020173054065092844,0.015134308312306135
2012-06-14,0.016633759297428604,0.015979076915584173,0.03335650271896898,0.012515018932059776,0.01968556064479546,0.014827456246354736
2012-06-15,0.016690204672660306,0.015359860157443174,0.05107944201206837,0.012230863964964473,0.019659981355911724,0.014549462521457024
2012-06-18,0.016059617946723042,0.014885679520542441,0.04887868149754892,0.012000057681401936,0.019361080362783528,0.014378656551509297
2012-06-19,0.015775659210750262,0.015234344273299174,0.0506665805562007,0.011734893631461307,0.018906340287086657,0.014104417018614373
2012-06-20,0.015457148473698208,0.014701611053835974,0.049501773865067225,0.011487617639376658,0.01861105316387728,0.013995634877194112
2012-06-21,0.01726866966505219,0.017513201147119625,0.04738084364273902,0.011282723435665352,0.018172015452491527,0.014011839188992212
2012-06-22,0.021975754688557492,0.020625709869950718,0.04587449877900097,0.012872308471781786,0.021727893563900168,0.01488822610774396
2012-06-25,0.02180113236134197,0.0205652810862589,0.04408615396266209,0.012577323867881565,0.02124506811174558,0.014596701064710284
2012-06-26,0.02090799841500087,0.019621513920300673,0.04282065272588276,0.012596135542915173,0.02189818658471444,0.014311415791326852
2012-06-27,0.019951626543992965,0.019914016504313268,0.041686067156115975,0.012445634040673798,0.021720183011682978,0.014025004432097983
2012-06-28,0.019329176652305147,0.01907381181351417,0.03985141531662569,0.012169978330644655,0.021201190856704053,0.013877197551956393
2012-06-29,0.021149565465587196,0.019652635354708178,0.03854643590845587,0.01247401376738104,0.021489670338169113,0.013667630156042387
2012-07-02,0.03462022269961571,0.028318953478005855,0.038471000631555154,0.01405705813075777,0.023686680464120716,0.01671052881283816
2012-07-03,0.03305326295862194,0.026926266320390968,0.03680090866523719,0.013752397075891619,0.023112067183351716,0.016427121660621043
2012-07-05,0.03435521991917811,0.027627723498136997,0.036071424623068934,0.01376705106306919,0.023370079502602642,0.01659264172732067
2012-07-06,0.03251613239327048,0.026231882421194456,0.03483996720703065,0.013544945560162763,0.023295600381947657,0.01647996292959632
2012-07-09,0.03245621328766965,0.026173310210632107,0.037859808387662466,0.013828664183424755,0.02352984092226535,0.01691450155263109
2012-07-10,0.0311916484971902,0.02573249845557979,0.03793977708639637,0.013561899556625692,0.023335581290586695,0.016601660400521287
2012-07-11,0.030557743825800107,0.025582738089526616,0.0395662664591545,0.013306475552553891,0.023216892413254923,0.016378853232456386
2012-07-12,0.029737211473718293,0.025311746915278488,0.03981692286794324,0.013011159578443897,0.022668310933446054,0.016311788524300257
2012-07-13,0.028168633400769603,0.024191564446667334,0.038133582543445545,0.012790907995446838,0.02213516159891008,0.01608680062656455
2012-07-16,0.026930073941310015,0.023355123814711987,0.03648146307517409,0.01296124697588446,0.021654054033972824,0.01662392076522067
2012-07-17,0.025955677658189003,0.022486532708361286,0.03578834594335677,0.012663323872142479,0.021125382973506822,0.016315273406509765
2012-07-18,0.024774716663130997,0.02145333507349832,0.03426780134205045,0.012379084324827004,0.020608934973354226,0.0160635773472855
2012-07-19,0.023630661235660065,0.020726671472850414,0.03761947160801266,0.012358844442480022,0.020191034922918787,0.015769064072337306
2012-07-20,0.02439888970482156,0.021202650160959093,0.036082849511183644,0.01213981077409914,0.019727934779175078,0.015850879080827655
2012-07-23,0.023592775326354586,0.020427172205469565,0.035459629516018804,0.011870308301946882,0.01926587708653202,0.016349691996153947
2012-07-24,0.025351515488592456,0.022249940130686305,0.03412044701067525,0.011632980005464817,0.01892865309504861,0.0165281834779903
2012-07-25,0.02409717283210154,0.021198745465365217,0.03334143157543559,0.011379512797011222,0.018578011906280084,0.01627802370344657
2012-07-26,0.022954502517045262,0.020404776803017572,0.033907949284164254,0.01186134214440201,0.018917476779575376,0.015989204607726546
2012-07-27,0.02188382582739598,0.019635025222519066,0.032652018612237564,0.01162811442948642,0.01846879961142228,0.015694559933511796
2012-07-30,0.020993023112360197,0.019073121305912533,0.03269371219732862,0.011376852941162047,0.01803727370016007,0.015486393357027587
2012-07-31,0.020074771266488236,0.018251782647659025,0.03698350473328595,0.01113104283883312,0.018130655325682324,0.015182320204497737
2012-08-01,0.020182132935619646,0.017893254749606916,0.035397301372076376,0.010963507959817004,0.017732238683242012,0.014872160516000725
2012-08-02,0.01948782551702073,0.017389861246909305,0.03409187186986882,0.01077183317166785,0.01758789536205357,0.014813247695856308
2012-08-03,0.01975831468109601,0.016665773831907184,0.041083949718876155,0.010768891474274503,0.017735171134795395,0.015445901742989978
2012-08-06,0.02409740984821638,0.018229782319099795,0.039540083165247666,0.010799678417880557,0.01852725717220839,0.015889736405954827
2012-08-07,0.02305093403687948,0.01752228482069201,0.037942132093685826,0.01060373366674583,0.018096597777104807,0.015612702585214695
2012-08-08,0.022460053739065167,0.018118637845667755,0.036735994067740724,0.010393814642616479,0.017760580243381837,0.015604655066100166
2012-08-09,0.021421975685658602,0.01734366649526028,0.03530983542598701,0.010185769566141112,0.017347639170959238,0.015320218301374793
2012-08-10,0.02042345588908128,0.01687151541850561,0.03382805667128045,0.009990190290268609,0.01694832877366136,0.015013773313852105
2012-08-13,0.01958490855290675,0.016204042990070545,0.03733858468830449,0.0097939065152535,0.016563453534807416,0.014809941862601539
2012-08-14,0.01873469314205036,0.01565480471833705,0.03602239247746729,0.009697301434865264,0.016361224452415217,0.014846936097592332
2012-08-15,0.018074162395848033,0.015092588924611945,0.03627709875540119,0.0096080557801775,0.015992555191604616,0.014544727534971696
2012-08-16,0.017564723407518353,0.015697265261351952,0.03596834330267898,0.009434255321036637,0.0156402335705565,0.014261519708296318
2012-08-17,0.01734308369162283,0.015182417794001273,0.0345410912824883,0.009379099826969356,0.015619558797144509,0.014132084768281528
2012-08-20,0.01669898659831993,0.01703608402189528,0.03308862361687857,0.009200962240749564,0.01536714500377189,0.014018451413378288
2012-08-21,0.016068064771741185,0.01633529492658771,0.032299215458518354,0.009038805914616808,0.015731065458041753,0.014067543357528687
2012-08-22,0.015636699070304516,0.015878677045983055,0.030963851811037637,0.009204104920295351,0.016662233020462446,0.014673975461481841
2012-08-23,0.015189473904775938,0.015274358054610273,0.030185747463831323,0.00904034706473338,0.01631165596224337,0.014377801165407328
2012-08-24,0.015073061121521205,0.014702527434143275,0.029090053417078977,0.009719509139805087,0.017279136084320725,0.014247073197212197
2012-08-27,0.014587252476446915,0.01472211318007429,0.030036752889229152,0.009529259221096171,0.01691997620590361,0.01397210957431562
2012-08-28,0.014338183027401353,0.014686225966691318,0.029367675723770414,0.009349098832769296,0.016824502760731556,0.013697952162977166
2012-08-29,0.014159561058585837,0.014179877255285425,0.028561743687144356,0.009206783168001675,0.016487692200098762,0.013460502721939462
2012-08-30,0.014054966137373727,0.013691950892213216,0.027523111590324965,0.009079730118130095,0.016117518177916738,0.013208545309406435
2012-08-31,0.01398876891817549,0.013242263841651053,0.029327880060698575,0.008953318453580853,0.01611865437613925,0.013027208537784763
2012-09-04,0.014836489015628295,0.013835958528534732,0.028677956287667786,0.009572779637693766,0.017336886445671763,0.012802601914528082
2012-09-05,0.014915701980618628,0.013423934486179482,0.02814053172298068,0.00943550272953101,0.01826197482247076,0.012588894383408787
2012-09-06,0.014432648473742718,0.01335825275114823,0.02778308437541486,0.009260965600454994,0.017841365631305155,0.01290716975774112
2012-09-07,0.013997660936642144,0.0129725715287751,0.026788239071345973,0.009189921852424038,0.017585940703896033,0.012674488976217833
2012-09-10,0.013874320347179399,0.012735304324690716,0.02781108258329414,0.009920520470325852,0.018478716419312004,0.01460027447430469
2012-09-11,0.01348599003642128,0.012443761631371225,0.03024260340585891,0.009787384497623458,0.018047776544566546,0.014513555366501731
2012-09-12,0.013266570333735503,0.012187157090775532,0.03445929462625494,0.009599411982325312,0.01763135730159146,0.014242077478812436
2012-09-13,0.012951216291537518,0.01194311629322725,0.033730844048064486,0.009415699961681782,0.01732244818414752,0.013960719806741457
2012-09-14,0.01327736182866054,0.01188604574122136,0.032425951030138275,0.010268684387906193,0.0195148495343326,0.013714851737637566
2012-09-17,0.01310265510466542,0.011583988094655344,0.0325216296263873,0.010059183965168004,0.019061809638250816,0.01506889511422311
2012-09-18,0.015013207974342604,0.01130820185053573,0.03223052145318928,0.00986194130426707,0.01871432634914395,0.014938095774037437
2012-09-19,0.015219897385066046,0.017377561677329324,0.032453701100011806,0.009666588803254024,0.01840608489046873,0.014640204341671554
2012-09-20,0.01858532468168715,0.01996076417895718,0.031136126202196954,0.009478109641450178,0.01799158770891636,0.014412646402346883
2012-09-21,0.017809386331541208,0.019747772360366542,0.030091824422047962,0.009298947964212856,0.01758225180643134,0.014467643827365635
2012-09-24,0.01740621244638339,0.019243330733409402,0.030316796318577862,0.009162478862942577,0.017178189645055686,0.014273713139250148
2012-09-25,0.017069057797284962,0.018967522803375953,0.02954373381076899,0.009139877343445003,0.017306374862178456,0.014359244314459728
2012-09-26,0.01653952842446121,0.01821286272349253,0.02975349137492596,0.008971233863181124,0.016909341147221445,0.014152056332242308
2012-09-27,0.016692223293435383,0.017474484714819542,0.030234828847638798,0.008956241049098118,0.01652313376057545,0.014269647557246396
2012-09-28,0.017264628557392258,0.017607172553812053,0.038973398967670776,0.009324073972623859,0.01679723730877567,0.014107038496951226
2012-10-01,0.016614889168245568,0.016892834408301412,0.03732969224583954,0.009185119638735863,0.016422771261851293,0.013891636442133908
2012-10-02,0.016009195009115157,0.01621503503313658,0.038391694507636215,0.00907226876967271,0.01621926206199469,0.013658718325273336
2012-10-03,0.015588094430529888,0.015680187060093168,0.03697423922795439,0.008958620577529889,0.015956222655809163,0.013411257510872816
2012-10-04,0.020119623292206214,0.017969968528065577,0.037339555052996826,0.008808083842248422,0.015601324191160903,0.013173214698010924
2012-10-05,0.022867640580755206,0.021205477140001757,0.0357403863624108,0.008852503734953623,0.015478460438722945,0.012920825314846555
2012-10-08,0.022727472135501872,0.02028712615588034,0.03423067647226539,0.008891253716741524,0.0155114330040154,0.012685200504141736
2012-10-09,0.021736302283239563,0.019373083548413925,0.03279277453580168,0.008755879667768744,0.01556700887750469,0.012881123828192344
2012-10-10,0.023217944600533037,0.019900216399348383,0.03190871998044286,0.008697770691155815,0.015225526583402682,0.012637763689335064
2012-10-11,0.022465786119999217,0.01900932451678191,0.030600017096880375,0.008544534964491817,0.014914234841883171,0.012401757727723757
2012-10-12,0.021555359243574407,0.0185342360202784,0.031307482488467896,0.008417487053933675,0.014593861938365706,0.012281257636374988
2012-10-15,0.020565983158915474,0.017989933838212235,0.030030316339971965,0.008381918723289255,0.014542774146105887,0.012317289452060605
2012-10-16,0.01963158421540208,0.017499091402478722,0.030745312251813497,0.008664084352592291,0.01554153701532418,0.012092971519970786
2012-10-17,0.01877802286997732,0.01689310012988285,0.029816447093211983,0.008566703910447773,0.015267818476561192,0.011876234266644258
2012-10-18,0.017978750940556187,0.016202325584430396,0.028753331661954314,0.008450452774550277,0.015047287035241158,0.011917036864600675
2012-10-19,0.017243617343449032,0.015561367397625646,0.02933154370896752,0.00837124540991238,0.014922143848493491,0.011708600982495175
2012-10-22,0.01810031418200343,0.020353561466721782,0.028264175265029466,0.008606702860895427,0.015522803082848625,0.012788427072091253
2012-10-23,0.018017256356913255,0.019536306624476613,0.03062399982028679,0.008459300753287663,0.015217582716472727,0.012621107859707915
2012-10-24,0.01887685962961095,0.018990302243228625,0.030215810764811675,0.008574723188140416,0.015229058155416341,0.012721754804849661
2012-10-25,0.018429174151433782,0.01819620071697505,0.029932142339199625,0.008487008927366263,0.014948029119629107,0.012483161741519883
2012-10-26,0.017685708859745387,0.01750128541294989,0.028767239008143194,0.00844647495127745,0.014963809998426012,0.012272581402410956
2012-10-31,0.016985554588863163,0.017023274546734087,0.027802167617250205,0.008304991256361617,0.014643213828534335,0.01204824851547938
2012-11-01,0.01633147138095783,0.016518521606256647,0.036391086275030654,0.008198892525376856,0.014456616347273505,0.012030861032016497
2012-11-02,0.015999141025770068,0.015937619471396224,0.03483529510668347,0.008078596914447239,0.014157157991362905,0.011922241236284901
2012-11-05,0.017552626629757,0.01700182330564304,0.0355005375085508,0.00936819744106989,0.017006458341340232,0.012474441906998526
2012-11-06,0.017074531259338933,0.017341205495735514,0.033989744590663666,0.009237391222507602,0.016735283067032425,0.01226892431515267
2012-11-07,0.019721247774688103,0.01911749126411301,0.03297189071256571,0.009836913153048138,0.01755634980346765,0.012222229994110068
2012-11-08,0.024583921330324485,0.022025925257331613,0.031777333178500775,0.00964405753379491,0.01734462992874968,0.012592087577787379
2012-11-09,0.023466117166565086,0.021017754563354942,0.03056559765361536,0.009559584845853914,0.0174178722162269,0.012462535497910517
2012-11-12,0.02258447718605573,0.020954231317225288,0.030673592858717978,0.00938924532916638,0.017191529531725022,0.012301410603726777
2012-11-13,0.021594841533982136,0.02001183974119956,0.029956719086616644,0.009210898566122243,0.016805123440091198,0.012153491453581204
2012-11-14,0.020601708388340453,0.01925898231135569,0.03190252551427889,0.00907403241768427,0.01642419102984801,0.011932537176678002
2012-11-15,0.019937591737715518,0.018786797685099655,0.030629494857940656,0.008924859775711188,0.01627324898050937,0.01176942305541525
2012-11-16,0.019346298496812818,0.01835791381019968,0.029759660121100852,0.008992278700190452,0.01597038265432432,0.011571312226235985
2012-11-19,0.018999658143129913,0.017564160677505575,0.029384895991731334,0.008828211293935788,0.01575491677739294,0.011390503564045895
2012-11-20,0.020386321270309305,0.01683273597019468,0.028800593447043426,0.008969282569400723,0.0163794565858375,0.012018035819855475
2012-11-21,0.02155813699786537,0.016415307837252237,0.029060764069589688,0.008910637810857361,0.016106192070472213,0.011827094707868819
2012-11-23,0.020658112131566715,0.01600906316468517,0.02842887431377341,0.008763434107701733,0.015995660080835736,0.011675207583899205
2012-11-26,0.01995364680526929,0.015442341976316377,0.02731139847984076,0.009026269003943724,0.016435247646550296,0.011613818793754303
2012-11-27,0.01918090000870689,0.014922106110685536,0.029568166999268005,0.008865269796728479,0.016064932654868087,0.011419104859999056
2012-11-28,0.018481443409275822,0.014700537725639428,0.028546101723246314,0.008755700618457705,0.015739938993338073,0.011221393572660382
2012-11-29,0.017907625178958574,0.014215557199496196,0.02806709600254783,0.009157470709999744,0.015520617185860177,0.011066530454150802
2012-11-30,0.018053316231175575,0.014150554124827073,0.02726948483631542,0.009069435195641852,0.01579179583592788,0.011542782162087106
2012-12-03,0.017540946290343928,0.013718177695302617,0.027233085667526972,0.009131328964261987,0.017196529705902876,0.011576860135147325
2012-12-04,0.016845516332189968,0.013300315994232878,0.02629542024287095,0.009015659828488447,0.017096540507253403,0.011387851367746598
2012-12-05,0.01635850678300133,0.01326186671304044,0.025696006469097036,0.009386214657558537,0.017879426550040208,0.011198800684390796
2012-12-06,0.01593391351507248,0.013200885657786841,0.028082271119308132,0.00921304066057972,0.017490989196829523,0.01116586796275032
2012-12-07,0.016515168250818384,0.013827135242689035,0.027136701529089344,0.009085067580052487,0.01711791485518792,0.011220184606057703
2012-12-10,0.01595662607278988,0.013365775631557102,0.027835782362627876,0.008925621270777343,0.01672523386219164,0.011086847549763723
2012-12-11,0.015460976270450875,0.012965530028199343,0.027897888427033515,0.008823274671225585,0.0164273111412042,0.011160851661877288
2012-12-12,0.01494622025573198,0.012711871167276173,0.02715333112702267,0.008689573164600409,0.016239705050237047,0.011031114643577401
2012-12-13,0.0148602331828534,0.013030539738724407,0.026253573717428917,0.008588928213803968,0.016676819390810102,0.010962949426548761
2012-12-14,0.014777637914475087,0.013468924681465336,0.025466921301223806,0.008836148484160136,0.01894616384421284,0.01124213179372797
2012-12-17,0.014599407016710354,0.013490530767827514,0.024713876100206568,0.008677776495051207,0.01850068999435148,0.01110740067990291
2012-12-18,0.014227639843052581,0.01305559474225501,0.02412524151564145,0.008525524291001646,0.01806496127923922,0.010961302712739129
2012-12-19,0.0140242337907701,0.012655687583237644,0.023840690298458783,0.009061685843109788,0.01815561848987981,0.010804982921558822
2012-12-20,0.014675913021844775,0.012736513700187383,0.02463983864821405,0.008905846167594753,0.01816079493702351,0.010902148236231677
2012-12-21,0.014355777789542603,0.012374680474493886,0.02683678451673648,0.009172986276719936,0.020637291847368573,0.01149198955479373
2012-12-24,0.014923548378957574,0.012560251352262998,0.025831748208552118,0.009163428119234157,0.02051725534514575,0.011427137082563162
2012-12-26,0.014444007124326103,0.012214794703305845,0.026582552739023466,0.008993921736032801,0.02014728087954211,0.011304767008822346
2012-12-27,0.016217732467029268,0.013478812515292104,0.025883281826994474,0.008830013351139693,0.019688832072264545,0.011464595079758728
2012-12-28,0.015633530411431982,0.013072736222551814,0.025156046779935912,0.00867629428566751,0.019272400158892034,0.011271315106179665
2012-12-31,0.015094346965265364,0.012685582584775541,0.02622997321911662,0.00858570639620498,0.018915684220026402,0.01110498315372292
2013-01-02,0.014978430543731132,0.012382357550473821,0.027343306878707833,0.00877310993490229,0.01856018030105645,0.011502871217571476
2013-01-03,0.015108257791975119,0.012595331591511803,0.0284547761445934,0.008754357672663478,0.0189876066795532,0.012233488515449663
2013-01-04,0.014633211788304823,0.012275098825787851,0.02754248955793721,0.00878895464424676,0.018649263137366385,0.01208361466510852
2013-01-07,0.014180787914506837,0.012182599974912387,0.02770500134931693,0.009227334191794667,0.019086424027181175,0.011940230370708096
2013-01-08,0.013763872892409646,0.011855770736479546,0.026705187257773707,0.009063189460680755,0.018658675343600994,0.011762053390613657
2013-01-09,0.013387323693996233,0.011642077584011307,0.02608739280886637,0.009104441098843995,0.01843290937035776,0.01155972929420811
2013-01-10,0.013046582174370012,0.011376704342041029,0.027055520337052327,0.008981848333519395,0.018068916387855093,0.011357715816337679
2013-01-11,0.012933767334228696,0.01112194006210689,0.027086423807291034,0.009230371516073008,0.01831520288291342,0.011359965647875565
2013-01-14,0.012674952518883812,0.011470389648662345,0.028793587580154337,0.009324466306195397,0.018266521109468165,0.011604416347613594
2013-01-15,0.012525432290135204,0.01170495980748925,0.027946764356099493,0.009206981929146135,0.018568501180220454,0.011462658970993229
2013-01-16,0.012642327156953282,0.012290109303001168,0.027786504420932525,0.00919775094362718,0.0183706382067494,0.011264668880173155
2013-01-17,0.012743313141443488,0.011978555560924156,0.02676860570048147,0.009027372332513968,0.01793872052281302,0.011232058366006796
2013-01-18,0.013085391379840662,0.011668540937372778,0.026232054965363804,0.008905152285766613,0.01762275094266914,0.01148960558276152
2013-01-22,0.012768786566433953,0.01138535474695235,0.02595351928385671,0.008760444346075296,0.017232357743010837,0.011325310872056939
2013-01-23,0.012653329970908787,0.01218939222581138,0.02499064110520115,0.008632492687407026,0.016920451373009307,0.011233363840056649
2013-01-24,0.01286594906517762,0.011899518535084206,0.024076872383464464,0.00852557541921789,0.016630870358578954,0.011103841952806144
2013-01-25,0.012763428445796775,0.011660881927581673,0.025041757871570643,0.008648071143906656,0.017000198975589294,0.010924070305789697
2013-01-28,0.012483975354569783,0.011378364543932288,0.024122500767113687,0.008664901746235241,0.01701135966810329,0.010842259550944993
2013-01-29,0.012339090992809183,0.011129524634345024,0.027127418425859667,0.008531773385950077,0.016902785143722954,0.010675099409941817
2013-01-30,0.012595240064178304,0.011137479100227356,0.02674784096785224,0.008440443733477703,0.016767074818412733,0.010619700904430682
2013-01-31,0.01236835573401563,0.010987307816654166,0.027566955690353917,0.008612819368218266,0.017809585253375955,0.011008808572180465
2013-02-01,0.012229897439351546,0.01089251012342925,0.026499135235736663,0.00881326926461425,0.0183221732148909,0.010867146868298228
2013-02-04,0.01201891997779611,0.011135845479697492,0.025737615362081603,0.00871622765765557,0.018392069793486333,0.011060087670371355
2013-02-05,0.012979645744247936,0.011365485516965462,0.02480322196567216,0.00858774903363251,0.018040607022953906,0.010918249538597819
2013-02-06,0.012747013344882065,0.011360789594834558,0.02502619037739215,0.008449309955969918,0.017652988821381135,0.010737538132269478
2013-02-07,0.012464920389306649,0.011113997972694682,0.024157890466822655,0.008325973889034175,0.01724324329656013,0.010682301176842301
2013-02-08,0.012518146792153177,0.010952880092612458,0.02622258000677814,0.008244047369487804,0.017177829551223333,0.010538802865525103
2013-02-11,0.012267726919916056,0.011561907183392294,0.025264961628969518,0.008131081578554755,0.016784985520760434,0.010529408791458592
2013-02-12,0.012719785170155248,0.01148692293092975,0.02433688485483346,0.008321289276577992,0.01683903340088404,0.010556196525265127
2013-02-13,0.012515606046664756,0.011294489885121273,0.02391158606216906,0.008182113153769034,0.0164729920282029,0.010434029117014281
2013-02-14,0.012384952972143502,0.011044045761271642,0.024069609062107037,0.008073227183663337,0.016138020374164085,0.010270293713146701
2013-02-15,0.012162747446867532,0.010826068196378462,0.02680462513969248,0.008044200810750501,0.016213618608400104,0.010113962478099519
2013-02-19,0.012910775759418654,0.01061835578339386,0.025801294367918524,0.00860534630132582,0.016287332806551286,0.009959488163330317
2013-02-20,0.01284822784398454,0.010826923985328044,0.02718409616155544,0.00848765950881816,0.016243744987761505,0.01097844885654726
2013-02-21,0.014601611312088824,0.011845728587090503,0.02614280977721809,0.00902868462090801,0.01702771608385637,0.011033786954252198
2013-02-22,0.01523088621071876,0.012898968988588914,0.025352616963647993,0.0088631365865086,0.016648759244606338,0.011323150774643383
2013-02-25,0.014743071203477676,0.01259725886922391,0.024746080592985015,0.008743221739890799,0.016379165624382307,0.0111982885004221
2013-02-26,0.014277106477274116,0.01226288578424058,0.02623593296720118,0.008762861870003483,0.016520420875224772,0.011024387856569553
2013-02-27,0.013967802966308056,0.012881246562909964,0.025265947211239825,0.009362041610531606,0.01627927113767574,0.01093639795947488
2013-02-28,0.013571863003131214,0.012730815738135639,0.024337180056863174,0.009558655319230759,0.016095263090952102,0.010832819409552797
2013-03-01,0.013463391952800753,0.01244441431600144,0.023872305764390606,0.009664723398104398,0.016306264539114993,0.010708065976500723
2013-03-04,0.014002452475251679,0.012428634778248727,0.023180063850386692,0.009512682587805655,0.015944905649266032,0.010893229242068736
2013-03-05,0.013766574037819466,0.0121195826860353,0.023213479205942876,0.009329763954787658,0.015589605201737997,0.010712728000609078
2013-03-06,0.01357866195809407,0.012519112551132134,0.022403727116097928,0.009157007557843122,0.015267462120698188,0.010565736224395822
2013-03-07,0.01330424616730847,0.012273514314051197,0.022254356634789047,0.008987042746399769,0.015010984270359384,0.01048804879637955
2013-03-08,0.013500712423958278,0.011938991831049342,0.02349435251147693,0.008823112126116216,0.01468619364370948,0.010444259073321978
2013-03-11,0.013197298374069988,0.011670181638962315,0.022987497724528964,0.008666740483431795,0.014412763933405053,0.010298336361060206
2013-03-12,0.012871627995562608,0.011540749055825321,0.02224584225733457,0.008515008921609467,0.014128538431546407,0.010148220670752328
2013-03-13,0.012661484857235353,0.01139885315665825,0.02150030698674731,0.008543784656574606,0.014046476827548724,0.010233485551115685
2013-03-14,0.01238775208692779,0.011628431864377474,0.020982163737783038,0.008410196468324105,0.01384906008886919,0.010221803123836803
2013-03-15,0.01223947357736336,0.011617120209581923,0.02287054172028156,0.008270872177405554,0.013613919623499893,0.010094399837567807
2013-03-18,0.012070323782454763,0.011339999786731352,0.02255612514087992,0.008135582919497654,0.013340094016149905,0.009986851936618545
2013-03-19,0.011880347404421392,0.011085776479984665,0.02179737131421725,0.008142684434738033,0.01307262460081652,0.01127800642355093
2013-03-20,0.01293338028704155,0.012243892436723278,0.022076870792450274,0.008049647603584432,0.012815865626541325,0.01116755037141916
2013-03-21,0.01288878990880329,0.012436199361652493,0.021352031973623585,0.00794050220526715,0.012567530601747262,0.011236734744404168
2013-03-22,0.012735108406267128,0.012645057852118691,0.0207560407356375,0.00785112143987697,0.012693024908729686,0.011073923448881577
2013-03-25,0.01311363482877107,0.012286845989160466,0.020113793059737997,0.007800592565299231,0.013065036165641869,0.011041122601627954
2013-03-26,0.013270175314064648,0.012029556013500996,0.02010498920253491,0.007686533529982177,0.012838110567830812,0.010920785486304622
2013-03-27,0.013831206214940097,0.012177029390380442,0.021235225994567068,0.007667713993270268,0.012635906791784118,0.01074101471539405
2013-03-28,0.013459105554837505,0.011879675617375749,0.021641182230363168,0.007661146388051821,0.012403564363841142,0.010566003053587758
2013-04-01,0.0132517495540497,0.011608251270540484,0.02119977886469445,0.0077038930275003725,0.012374200288004145,0.01068834044068878
2013-04-02,0.012937793169836634,0.011695238219677924,0.02053088900106038,0.0076128869290902615,0.012510196639997974,0.010656848495176277
2013-04-03,0.012637027864891466,0.011472070972891258,0.0202083846397753,0.008201757447792266,0.013507243453031613,0.010486723108397928
2013-04-04,0.015423054988534668,0.015275061057184269,0.02031466911565557,0.008614272330927649,0.013735973367184023,0.01072867549320017
2013-04-05,0.015472349408356059,0.014889559397747937,0.01999833364433169,0.008466440001246031,0.013455711221864862,0.010622311485398153
2013-04-08,0.01508484147423018,0.015831692997563075,0.02344789092701556,0.00886549371810243,0.013700250873891396,0.010457748041672228
2013-04-09,0.014733791442701618,0.01529318463966812,0.022856493807197908,0.008721195091208462,0.013436602709924375,0.010430596619159993
2013-04-10,0.014513186813387473,0.015408557930460767,0.022613171573595582,0.008752721780814939,0.014481766278069193,0.011107682186257193
2013-04-11,0.014125833758735516,0.014891324952404628,0.02239509470570716,0.009376800854874833,0.014293381254991227,0.011022732384716299
2013-04-12,0.014276500557305399,0.015074218475303132,0.021976401298454754,0.009227355914130327,0.013996902452021377,0.010868142929104431
2013-04-15,0.01588270985855784,0.014955449585031482,0.022041576641427932,0.012502896446502735,0.017745989693428756,0.011757331750633402
2013-04-16,0.017889600175104676,0.016706599620619243,0.022194955654933155,0.023782946317927166,0.03181701092524246,0.012350869439527408
2013-04-17,0.017160395202016475,0.016030034915732287,0.021505612159426982,0.02348388269741917,0.031090137628832906,0.012233330608495852
2013-04-18,0.018127952803909452,0.01540164454461231,0.021143697260357034,0.022883019365656194,0.03043677971150901,0.014236063091680346
2013-04-19,0.017756377967936686,0.015338020310946785,0.024228957080183064,0.0223305811765271,0.02965355271848147,0.013990000327801904
2013-04-22,0.017057798330811523,0.014840301423284913,0.02336006373983772,0.021754632102039668,0.029017890691579163,0.014156522272755651
2013-04-23,0.016586468581315687,0.01447070697408317,0.024614504226041643,0.021513761394642356,0.028485222732763923,0.013938643251434851
2013-04-24,0.016016679061630103,0.013963057538578443,0.023816842028119286,0.021041883816333647,0.02818414301225182,0.013905480999322288
2013-04-25,0.01725938522159457,0.014158472568245048,0.023564277643004138,0.020606163368783573,0.02745991637253165,0.014270128005172971
2013-04-26,0.01815133397805538,0.014564590141636656,0.02273278442037463,0.020801274527084877,0.02950426470178973,0.014909558041101065
2013-04-29,0.017557691001840844,0.014071440006177573,0.02198858309457013,0.020303201274480633,0.02896274715974183,0.015014255029868993
2013-04-30,0.017550141856474376,0.013717833573051558,0.027149080489721172,0.01987210689679393,0.02841669063392229,0.014933491866088267
2013-05-01,0.01724312990087024,0.013996485508169575,0.026334871073126504,0.019373285108977005,0.027686012157986172,0.014842586802734077
2013-05-02,0.018622068637013222,0.015501250097828765,0.025369860040607678,0.019247211896097797,0.02810933517488944,0.01614595013626342
2013-05-03,0.02042525874025143,0.01733823828981861,0.03275068343083693,0.018991388680531365,0.027766647595335595,0.015871692957053235
2013-05-06,0.020191324700909632,0.017078558132657344,0.031408783170425475,0.018517099740085433,0.02710821082102939,0.020603993345696868
2013-05-07,0.019353944543482705,0.01678502335268606,0.030213117383610672,0.018054789991889853,0.02642048828440887,0.020142541162698452
2013-05-08,0.018612891849809982,0.016427962987643346,0.0298285641820267,0.01781835961423285,0.025784654777934284,0.019702316257896407
2013-05-09,0.01809756109118506,0.015772781962624854,0.02895472595423234,0.0177119345103508,0.025154634724174226,0.019751034446371617
2013-05-10,0.017376018859962365,0.015165741530767414,0.027807444697414852,0.01728539316964651,0.024518689958440146,0.019401644386219524
2013-05-13,0.01673956286549869,0.01470905117466256,0.027319214389364833,0.017478031460098797,0.02401478021367373,0.018990690518967374
2013-05-14,0.016388873175967267,0.014579979783218759,0.02628552985964492,0.01704529029428733,0.023414513729749654,0.018574454595009116
2013-05-15,0.01613839025140702,0.014080603840774274,0.026351274996304786,0.016687291774654587,0.023026195362751002,0.018720488038593858
2013-05-16,0.015551551859550814,0.013964833058548051,0.025569641751368607,0.0168089002604783,0.023494640993808952,0.018372969579036617
2013-05-17,0.015254868767969434,0.013494628193253646,0.026757523334705057,0.016457055621937295,0.022907272370806787,0.018037203947210912
2013-05-20,0.01498332572499543,0.013063409492900562,0.027321508520842225,0.016408413478360574,0.02254188051893185,0.017734427923626565
2013-05-21,0.014644987524843646,0.012662867000969344,0.026384110765995446,0.016255649053619557,0.02209849990878383,0.017489431342319933
2013-05-22,0.014322576120758464,0.012303921323734457,0.026417115352112875,0.015889272525113338,0.021589771130228686,0.017151243873037608
2013-05-23,0.015303216402829788,0.012637905016910029,0.025420475094991627,0.015582843453454549,0.021059737498575166,0.016946331014289752
2013-05-24,0.014789058361840038,0.01228590800748689,0.025033001534838995,0.01562157834692391,0.020548024387384203,0.017295200271072016
2013-05-28,0.014326023793117395,0.011960277757126839,0.02417985197060038,0.015263532330481965,0.02004942961820232,0.016931912563905742
2013-05-29,0.0141562070306055,0.012567086793332799,0.023762434458629668,0.014943120430119078,0.019798993039799685,0.01661482610159303
2013-05-30,0.015198373796991058,0.013408034863577419,0.023004315617492225,0.01468782679559494,0.019501204237209028,0.016316577436793357
2013-05-31,0.014762736572741596,0.013005966069511368,0.024080800535191252,0.014628791919192308,0.019166301059686367,0.01601622455812367
2013-06-03,0.01541153560336908,0.013820266836771854,0.023415102883122492,0.014561532762166388,0.019230366525629674,0.015742548122118526
2013-06-04,0.015665429995274083,0.014285490705819325,0.022596792361925397,0.014476801697172819,0.019379573514478336,0.015592658661845688
2013-06-05,0.015131604767360383,0.014224265736739863,0.021829193044031907,0.01430415793860471,0.019173346675435674,0.015444645884261816
2013-06-06,0.01468601029147508,0.013749375237053312,0.021105970609405385,0.01396392967446642,0.018726921097430058,0.015125305982269334
2013-06-07,0.014590551677373175,0.013392703418964768,0.024478915396920473,0.013857051477412398,0.018429533448005214,0.015161106046046782
2013-06-10,0.014702621093807646,0.013254901159330743,0.023591874271793968,0.014392725289757085,0.020439078636755127,0.015192004358257174
2013-06-11,0.014275335778287435,0.012982500526528433,0.022875661049343375,0.014055176404034092,0.020030198071610508,0.014984771096266575
2013-06-12,0.013925857736258733,0.012962174478243754,0.022935592618275914,0.013798272675335066,0.01975230158555008,0.014986243186633608
2013-06-13,0.013612097884502565,0.012659545171387907,0.02252912367356421,0.013643022329957486,0.019338437947340865,0.014820376097907338
2013-06-14,0.013478277985494953,0.012485288224810986,0.02194541389335961,0.013502040030261087,0.019005956467693243,0.014757271396099949
2013-06-17,0.013610205472906072,0.012131998106950235,0.02220649239529273,0.013258870957340983,0.01893605416558686,0.014509854854462035
2013-06-18,0.013251263436894754,0.01180887370817512,0.024178266695385857,0.01297210283597571,0.018595906453918624,0.01421897192051903
2013-06-19,0.013071266944507427,0.012570674516600589,0.023415015146702814,0.012919171205430435,0.018176503715873656,0.014252351075676784
2013-06-20,0.012781829238386977,0.012211828145966174,0.023005466859683382,0.012660745241762451,0.017759590002726866,0.013998812417269968
2013-06-21,0.015667798694571015,0.01690333314774036,0.023198602611689743,0.01848189185225313,0.026021029751092453,0.01480055207015374
2013-06-24,0.016228375309763895,0.016678297075199806,0.023929749551782366,0.01803447389048547,0.025404157160362515,0.014685051011773378
2013-06-25,0.016360330408436263,0.01601686102877987,0.023229432581428268,0.01775099774916636,0.02531560807268247,0.015179552205206615
2013-06-26,0.015757224797908212,0.015390558718128548,0.023671962201433035,0.017309865467606555,0.024677197976082435,0.015173854639303668
2013-06-27,0.015207833257165944,0.014852426022315686,0.023335531703002732,0.018486679121845373,0.026452601167817356,0.015007898956271111
2013-06-28,0.015502237541191404,0.01472127734447453,0.02481520734577745,0.01829354545699824,0.02578687529005018,0.01471981981416769
2013-07-01,0.015073131613260269,0.014346517001607028,0.023957008163247317,0.01794815284853019,0.027339807915347042,0.014422414564049529
2013-07-02,0.01524966881128791,0.014061397077207072,0.023119519577709483,0.01827975060454438,0.02666807462306002,0.01575977552148197
2013-07-03,0.015558322879852291,0.013892125385805787,0.023190845513182817,0.017942489584045256,0.02616270341998999,0.015457484123898906
2013-07-05,0.015829403513967447,0.01437891460820477,0.022563168221010902,0.01754259706765808,0.025883365140885822,0.015278268828843202
2013-07-08,0.016389439737181058,0.01497823453028938,0.022635422010170082,0.01835233930088341,0.02759905305657516,0.016237176575252393
2013-07-09,0.01578666008754996,0.014458313619463386,0.024059945281450026,0.018258183019044007,0.027120287947977238,0.016030117369690584
2013-07-10,0.015263163707427576,0.013983502282025632,0.024213359787507018,0.017885076874274753,0.02645169014703497,0.015881081891991868
2013-07-11,0.017195639272746577,0.013645814737825217,0.023410678511094688,0.01743641937700699,0.025779017742067874,0.01563567004110975
2013-07-12,0.017258665596891154,0.01340657215015862,0.023280160704144258,0.0178042281925691,0.02669420067360227,0.016244078408106665
2013-07-15,0.01683992641156583,0.013324991152060775,0.02260166988785644,0.017362641449969306,0.02607907599271996,0.015926737303319262
2013-07-16,0.016221440117849883,0.012922193625084424,0.021957670119581524,0.016952648053553575,0.025420861090728452,0.015607584440139972
2013-07-17,0.015667543039365617,0.012557590713471442,0.021226454618858907,0.016564759461016362,0.02479991051456699,0.015483201950891212
2013-07-18,0.015172099372426615,0.012200110882902727,0.020937923735292633,0.01629697717394597,0.024870317578769965,0.015660754291233103
2013-07-19,0.015321698712750574,0.011871201486598888,0.025047024746269964,0.01592741286817374,0.02424556415673774,0.015335239129691954
2013-07-22,0.014804135802317453,0.01218104148247963,0.024202344389120323,0.01559348604699846,0.023649891005407295,0.015025717445198244
2013-07-23,0.014758534032280246,0.011854085941136724,0.02505612699605484,0.016631015917721953,0.025860108161731274,0.014938212482848254
2013-07-24,0.01431021441136661,0.011574436518717167,0.024700115188597157,0.01622126714136685,0.025355324176527555,0.014642300628007114
2013-07-25,0.014985765481564517,0.011879149202165588,0.024092101501134323,0.016013429915339373,0.024848012326343438,0.014389664140303498
2013-07-26,0.014497153999075179,0.011643566472615994,0.02366584864349786,0.01568147397720579,0.024264696261393954,0.014106980402521743
2013-07-29,0.014280361956502785,0.01146021424830873,0.024042616207156007,0.01534597740861065,0.024039377842491515,0.014807962883114624
2013-07-30,0.013867533170736034,0.011217866317098582,0.024637279736390086,0.015004985823412698,0.023456603669925576,0.014514169399033796
2013-07-31,0.014258164015617105,0.011101084666209562,0.023867761724798563,0.014661994535787449,0.022970013680882615,0.015125498722376188
2013-08-01,0.014984441588404484,0.011089080576086381,0.02304522482980805,0.014434467384315619,0.022405528515505643,0.015701272462050237
2013-08-02,0.01671893483364151,0.01203776849684242,0.022868180438831175,0.014092609981186872,0.02185059653747831,0.015659573269597063
2013-08-05,0.016355375193685504,0.011857780053582942,0.02238361871821723,0.013759052592748771,0.021556193510358878,0.015337160287857601
2013-08-06,0.01580326967591533,0.011586579169267298,0.02178442223813208,0.01350160020636579,0.021139118373972296,0.015022118050576341
2013-08-07,0.015743685416934355,0.011422496089699854,0.021064525759144997,0.01356296509412534,0.020743931814089754,0.014717585985531618
2013-08-08,0.01547866219158719,0.011384102988377734,0.021435189774920867,0.0132514002647139,0.020240034750050696,0.01442267075761704
2013-08-09,0.015270286029140894,0.01136456583173308,0.021219398810735778,0.013505523477662542,0.021195952487779,0.01534094439564616
2013-08-12,0.01659789434087139,0.011941547821050424,0.021473899194617646,0.013192708662439111,0.020810001735656027,0.015209280697415659
2013-08-13,0.01597433400377697,0.011815518983929914,0.02200689928632354,0.013313046959695063,0.02261243295839789,0.01489746865427529
2013-08-14,0.015526061669619076,0.01175272950890324,0.021405120045854625,0.013183774281748597,0.02205130537446359,0.014611165667845675
2013-08-15,0.014990743798050779,0.011503761325802251,0.021322229724711917,0.013021724513459796,0.02199052990866519,0.014377902692480144
2013-08-16,0.014554693545340034,0.011503667995973053,0.0217094621072922,0.013387964606365712,0.024306488552076625,0.014090821421841936
2013-08-19,0.014104950823449036,0.011234733898276476,0.02149688103061239,0.013157381816900307,0.023986167020623502,0.013903814548111593
2013-08-20,0.013749210920149055,0.010989913172945646,0.022380177853379323,0.012884140785433276,0.02343312561418084,0.013745471826939575
2013-08-21,0.014878935824246759,0.011171870193469149,0.02169315805794165,0.012625789053735577,0.022866594611050478,0.013476557697687921
2013-08-22,0.014833924933516424,0.010984037290039708,0.0210181285335027,0.012346083888169252,0.022323175352479237,0.013336373030060224
2013-08-23,0.014756135434751003,0.01076256849697555,0.02158489633128911,0.012067366148629738,0.021781353397016888,0.013144029218374069
2013-08-26,0.01483365693374755,0.01101404822827807,0.02152426082294965,0.012334347212062353,0.022272964367604783,0.0129429530704939
2013-08-27,0.014453520759273785,0.010832465806526685,0.02094767226506264,0.012065123278984301,0.02187143013889509,0.012841028007541617
2013-08-28,0.016614440513563145,0.014582742075853718,0.020351030248770295,0.012453419378208612,0.022122381897740743,0.012613726781681116
2013-08-29,0.01626254777478636,0.015286740566296421,0.019894954436613238,0.012174954382794376,0.021706793339264892,0.012486805730513808
2013-08-30,0.01615015487182517,0.015250093757831646,0.019760755550825494,0.011940458569791097,0.021352715992693505,0.012906722312991798
2013-09-03,0.015957895851610088,0.015031794553086892,0.0194355987473568,0.011949156410863786,0.021647734601382078,0.012725461291167962
2013-09-04,0.015577070106536993,0.015145439802404343,0.0201114179106725,0.011903052051768566,0.02278092875463077,0.013281548227350067
2013-09-05,0.015563369112544544,0.014745355640287451,0.019541447461521585,0.012107122858904605,0.02415196017378301,0.013587982115983476
2013-09-06,0.01535642488071054,0.014237937848633569,0.02101968465116225,0.012115471031304798,0.023597872243357652,0.013325302892802728
2013-09-09,0.016030725377970963,0.013923063513467546,0.020720783365574126,0.012007324965210772,0.02378005696352596,0.013110180577047222
2013-09-10,0.015755480827675476,0.014998584091261091,0.02101280749745858,0.01173971315502912,0.023242813003988675,0.012904408358190627
2013-09-11,0.016487228203573012,0.016038322021925157,0.020426114448446952,0.011998304257489571,0.02364085600891737,0.012694554600322722
2013-09-12,0.01587430260885925,0.015420825597515729,0.019851878063769212,0.011731280898249687,0.02309685457411104,0.012461970694002535
2013-09-13,0.015576544978739934,0.015148318732863852,0.0201205042618297,0.012603479015689393,0.02468068806298752,0.012564774593598602
2013-09-16,0.015093404759513594,0.014588365249483436,0.019753508420346625,0.012809917650930047,0.024454980874669956,0.012337398322945144
2013-09-17,0.01540959035365528,0.014067711598458042,0.019769437990177406,0.012597639022070475,0.02402456523265124,0.012175285509253349
2013-09-18,0.015328071844082986,0.01358726091985086,0.019184877299780335,0.012389290296267954,0.023538381892608443,0.01195359683487804
2013-09-19,0.016684883113660058,0.014534387006068015,0.01882617432166161,0.012113855489641619,0.023064149248900233,0.012252090420797604
2013-09-20,0.01685172137777942,0.015002094447423262,0.01830549404696847,0.01515859169882325,0.028318617285887776,0.012718760032861945
2013-09-23,0.017049643623953184,0.014501216505712946,0.01803074776788571,0.01586058844233559,0.030725163834762884,0.01256363109881051
2013-09-24,0.016753368670522798,0.014336900163161548,0.018948610958780455,0.015500496197828577,0.029936553012890107,0.012394681224871194
2013-09-25,0.01619232864392127,0.01389488999899447,0.0206914145699632,0.015226812773640441,0.029291054651884498,0.012469832560729099
2013-09-26,0.01568393892525267,0.0134663617045968,0.02004072467630009,0.015165220260806078,0.02869787597302458,0.012272934858498029
2013-09-27,0.01516568352144476,0.013263239141777622,0.019435420348863874,0.014930213658437927,0.02798522234587342,0.012134510914370969
2013-09-30,0.014675855496198462,0.012966680486364113,0.020352685894869632,0.01474033959218674,0.02727366761318716,0.01198579237795775
2013-10-01,0.014331943155135798,0.01260218972224357,0.01988730967317077,0.014513301003132292,0.026608229785103642,0.01177448918931304
2013-10-02,0.013941465282279863,0.01231248910449185,0.019702856357873135,0.015581562605743195,0.026519171922184795,0.01198359017781403
2013-10-03,0.014877687064859457,0.012475424006730235,0.019960864537502686,0.016141848414380017,0.0269029227533905,0.012021794037825306
2013-10-04,0.014627520044370623,0.012139988723012658,0.019723173484630974,0.015754994000342692,0.02623903397265191,0.01222544679828313
2013-10-07,0.014243584021078065,0.011878445079950041,0.019142670166775767,0.015422957084294631,0.02557357413724965,0.012161139363716472
2013-10-08,0.014071566883145401,0.011588725350391262,0.02124753004098846,0.015223225867018703,0.025734353404631993,0.0119435158426977
2013-10-09,0.013719525511492286,0.01138285382599493,0.021730336031773986,0.014854938188886876,0.02508733360833139,0.01174049213215918
2013-10-10,0.014619128203649478,0.011585808662916662,0.021242343279509007,0.014763414060018973,0.02507930140512005,0.012179682170742836
2013-10-11,0.014760315689655468,0.013660420378861487,0.02084846223910219,0.014509147264024502,0.024445195645653638,0.012019418884452616
2013-10-14,0.014650624597590575,0.013302986204603693,0.020610854924021604,0.014917465332736211,0.024724627371935985,0.011896896988483728
2013-10-15,0.01422861744846627,0.01290591041632581,0.02025076837360115,0.014615518364729076,0.024120855117726155,0.011885415231663119
2013-10-16,0.014346840949565233,0.012909358901113801,0.019784130010690168,0.014278575017189177,0.023579137952451205,0.011674720846182764
2013-10-17,0.014274576966553576,0.012758607721173338,0.019274729882199214,0.01400776520432119,0.023060488841030752,0.011471824055648205
2013-10-18,0.014800310475468797,0.012384432950900295,0.018747689792331,0.0151010387441975,0.023272494225243166,0.011298604365099113
2013-10-21,0.014329848762298425,0.01203997138942408,0.018232228339366798,0.014799342246599866,0.022694604133409974,0.011106783736870835
2013-10-22,0.014840051453497378,0.01234632393214111,0.019416773106597757,0.014443858263799212,0.022432353266408613,0.01092018163417937
2013-10-23,0.01512312514381708,0.012034113868501693,0.020224194715955726,0.014684773252280306,0.022474254721936683,0.010923702035658098
2013-10-24,0.014973891595408993,0.01331996152006083,0.019844131850231116,0.014400322895922085,0.021983673660638466,0.011448209563156089
2013-10-25,0.014500086480518638,0.013130302353240293,0.019262881163829695,0.014267881487266609,0.021533395639802215,0.011256414089040124
2013-10-28,0.014229650279623147,0.012726897625244099,0.019739726307293603,0.01393082179302636,0.021082751297927742,0.011066669710599513
2013-10-29,0.014032192921137644,0.014526871517865768,0.022350417880147685,0.013602311378599654,0.020594512094591136,0.010885352736807675
2013-10-30,0.013735010516285895,0.01412767319085787,0.02247643702758679,0.013330007221130154,0.02009960363216869,0.010741299390962331
2013-10-31,0.014198226394125203,0.013839855984664797,0.024034546758920028,0.013030001267970028,0.02020169306527675,0.010930499559538547
2013-11-01,0.013854658202708432,0.01371262231158662,0.02341688799208801,0.0133443402179954,0.02262939639486087,0.010879051506007351
2013-11-04,0.014757344205264153,0.015822441128863492,0.02334504574568313,0.0131463664667694,0.02206981657325768,0.010699426398132046
2013-11-05,0.014288788958815704,0.015232412924987171,0.023308504714329478,0.012843074855923276,0.021564611448650607,0.010936679316933658
2013-11-06,0.014536468607112147,0.014920091131892039,0.022559073668246638,0.012597409307817397,0.021045685490529875,0.01075825055491245
2013-11-07,0.014830959523473469,0.014378524162748483,0.021952208800714922,0.012397016715352361,0.020575344160259364,0.010646103034574724
2013-11-08,0.014519880417707638,0.01489966700372693,0.021288970059924653,0.012213483492145134,0.02010645146557171,0.010508727745446504
2013-11-11,0.014120192358303136,0.015161693158197145,0.020862829868455758,0.012555510136291184,0.019924163921207917,0.010343107544357437
2013-11-12,0.013804329072225546,0.01505563523529233,0.02023465269017347,0.0122863536767572,0.01944787333483099,0.01019481184484208
2013-11-13,0.015246069020702434,0.014615163716700874,0.01992368871922866,0.012125790167511419,0.019725263035700512,0.010176627388421471
2013-11-14,0.014974909296672558,0.014582475291062465,0.019812523035842914,0.011865820344186309,0.019594772743275177,0.011093550050166328
2013-11-15,0.014498094630557925,0.014625284971872533,0.019479930191756284,0.011943706479170934,0.019361571104617906,0.010909007735812229
2013-11-18,0.014052123673297414,0.014101637161894958,0.019427589535270864,0.011678555021330066,0.018898791438713723,0.01075388339147289
2013-11-19,0.013953494498323494,0.013618543221517409,0.019211795789196743,0.01169451515973286,0.018881432472582747,0.010660653302059073
2013-11-20,0.013584767658756698,0.014030745175311006,0.01937568874094774,0.011437732533213498,0.018435363974318986,0.010500563556712781
2013-11-21,0.013222796215610164,0.013929723635066036,0.021178341637147553,0.011487840195776427,0.018260127042075962,0.010333265120719868
2013-11-22,0.01462512781961895,0.01461448811550526,0.020612413606914827,0.011501707217925997,0.017884465051963585,0.01043180324994162
2013-11-25,0.014332257541460988,0.014337635343357844,0.020637924441019112,0.011250592534595271,0.01748683810607002,0.01042990922433975
2013-11-26,0.014157325754732069,0.013837966199826779,0.020052500477714483,0.011021624928572506,0.017084197074950132,0.01029307166003301
2013-11-27,0.01382893754255859,0.013382274507141158,0.019567150589658956,0.010786515247834394,0.01669713702082535,0.010155685480275867
2013-11-29,0.014296889247184799,0.013003257683637016,0.019889218105332368,0.010580537488976017,0.016496410447875195,0.010176542929787058
2013-12-02,0.013926167504887076,0.01344911028859581,0.01979236114870442,0.010563512064525096,0.01658864454224006,0.010198754182934835
2013-12-03,0.013992097839564796,0.013901697539783346,0.019359875733421926,0.011406741126033546,0.018316414905513893,0.010080019783478162
2013-12-04,0.015394605386615462,0.013802272852764162,0.018824078674736882,0.011160059675147566,0.01807456990831976,0.009988876512903054
2013-12-05,0.015306411314317495,0.01351601627204998,0.018344725375944188,0.011764125548288817,0.019704693945454512,0.010817265211592758
2013-12-06,0.014795298517594537,0.013339405629281037,0.021908205138660822,0.011788341326403266,0.019458898210851665,0.010660841891170723
2013-12-09,0.014340112273664985,0.013023942279530316,0.021226805750454703,0.011541170466901134,0.01900184163837446,0.010498377265069376
2013-12-10,0.013957584778122449,0.014147470730963028,0.022197906012532145,0.01131506704435917,0.018660297937612022,0.010455276806002967
2013-12-11,0.014032199324431028,0.013661047236064892,0.021452588764973645,0.011921826260092205,0.019455258880874005,0.01029474532853207
2013-12-12,0.014102040520482757,0.013237309033526354,0.02187717941083725,0.011678435540973866,0.018994795342494694,0.010300210822152591
2013-12-13,0.013691210846807998,0.013179790426568033,0.02170104404736859,0.012670763816917936,0.021106843812777644,0.010139396005807964
2013-12-16,0.013675107524138315,0.012774553119482158,0.02137985799332924,0.012479880922339856,0.020667748216952147,0.010056457785683417
2013-12-17,0.013574232034686043,0.013215957599588735,0.02131004005512442,0.012297110883657224,0.020901906575169694,0.01000868514356768
2013-12-18,0.013250659101628886,0.012805491654803174,0.02062465474957852,0.01226903586871408,0.02059626557772868,0.009875925604198975
2013-12-19,0.013031169326424882,0.012426038461288006,0.020151862907873297,0.012016474248552223,0.020247093207503376,0.009738410779891543
2013-12-20,0.013057717787436553,0.012085646206460349,0.024240072706221576,0.0137119826402356,0.022115278884230198,0.009686742199239332
2013-12-23,0.012841969530161274,0.01245023130675077,0.02355277514290853,0.013493998382556448,0.02179984690868927,0.009556505398289273
2013-12-24,0.012635436012408232,0.012119320109042027,0.0229127729985081,0.013235216645454176,0.021268339934092273,0.0094220661006197
2013-12-26,0.012389056576124229,0.011827678954488227,0.022364331995163585,0.012973541171817657,0.020764709889799837,0.010148953657749045
2013-12-27,0.012171541998143775,0.01153091982148453,0.021632880486149052,0.012759875303461978,0.02083883275282933,0.010172191036852449
2013-12-30,0.012157116064687936,0.01126874164305499,0.021005247658315875,0.012470791888172765,0.02038012063806753,0.010086442400791812
2013-12-31,0.012415907151606398,0.011374161583029303,0.020373441571217395,0.012402017439727707,0.020476573509156597,0.010386123504690113
2014-01-02,0.012517884571898475,0.0111869267470452,0.0240911572867454,0.012124591766669177,0.020173383533557895,0.010296497877077473
2014-01-03,0.015755213633936088,0.014007923175619694,0.024068864761365542,0.01246993761226324,0.021469172580990493,0.010156496016106274
2014-01-06,0.01603806672849971,0.013796903806472794,0.023242273947716576,0.012381408879908087,0.0209622134849269,0.010127039431115701
2014-01-07,0.015582927883846383,0.013349359285771556,0.02243055997751721,0.012102705471160475,0.02048457736204325,0.009977394674654397
2014-01-08,0.015056003287954967,0.013038363913393686,0.021677182812339178,0.011923877132534405,0.020292985788028423,0.00982813587088579
2014-01-09,0.015309869401303071,0.012657844425508125,0.021796673286139306,0.01168362380952122,0.020001469373752575,0.009747285012434269
2014-01-10,0.014998356300834383,0.012508107344117801,0.02619578058531259,0.0114425785438463,0.019587349240250036,0.009920611846547996
2014-01-13,0.01491676445931325,0.012391386708301633,0.025446573615058973,0.01154855851285665,0.020037777263700186,0.00997483145821411
2014-01-14,0.014811945437161944,0.012146522785495717,0.02920012063273179,0.011313328801922451,0.01963177977709763,0.00985417098640438
2014-01-15,0.014561326927762535,0.011878038526461278,0.028785279179453515,0.011114819411961624,0.019199717003042148,0.009739781986065047
2014-01-16,0.015031517549372273,0.011759745960998592,0.02782487519172593,0.01094844900425245,0.018814500006901536,0.009660191948381016
2014-01-17,0.01456479518387551,0.011470215774382958,0.027015443421675736,0.010718678580895853,0.018389753313747842,0.009572936470383544
2014-01-21,0.014164087935457932,0.011205557815215586,0.02628029850711334,0.010660183894586917,0.018153260624091627,0.009472025808028448
2014-01-22,0.013878511534858147,0.010963354112282114,0.026269435471219724,0.010563680796935572,0.01836259784054909,0.009370606675273658
2014-01-23,0.014594127922810285,0.011272770651744235,0.030426749304406635,0.010362570437216945,0.017933932175885698,0.009302412686521155
2014-01-24,0.01424761597106262,0.011221961082293593,0.029303539101235346,0.01085146993423922,0.01762551920801588,0.00975421001331231
2014-01-27,0.014028691149309921,0.011004984292181661,0.039256813417082016,0.01062485203491174,0.017433864793928694,0.00968737607698987
2014-01-28,0.013994730194806673,0.011355402171691755,0.04264399786929578,0.010405378694208694,0.01703365662693213,0.009571358867080519
2014-01-29,0.014614977799608263,0.011279011117389865,0.04227447623380945,0.010414168402448685,0.016965091804980927,0.009453522943111959
2014-01-30,0.014162226976343307,0.011092732083026094,0.050156078701551456,0.010353323521884948,0.0165863771048124,0.009393242072385993
2014-01-31,0.013998004534107959,0.010861933315332185,0.05716672489832963,0.010688029372069894,0.01693071903045767,0.009469572309749104
2014-02-03,0.013836180889557497,0.011609985221405005,0.054693860201188806,0.010472545462400378,0.01654401727345922,0.009410624114029811
2014-02-04,0.013930856611069886,0.011390554061535298,0.05223994237382752,0.010771968423425283,0.016497543678854233,0.009386355431819983
2014-02-05,0.013731822416818163,0.011165057297422641,0.05691149803426843,0.010651793743414876,0.01612498477945356,0.009321725735754382
2014-02-06,0.013362189853879002,0.011001708896917211,0.05788101874550115,0.010464228822796335,0.01635099951411343,0.009197208827920838
2014-02-07,0.013086146977513893,0.011099982994564297,0.05554381844742033,0.010248016929975186,0.016040837588631375,0.009503539177762893
2014-02-10,0.01426531511418083,0.012802978740193845,0.053885307580929236,0.01007667413523049,0.01568285312292711,0.009398191616288899
2014-02-11,0.013845517472835562,0.012733459421044752,0.05296605259317909,0.01003798628984984,0.015463121357920067,0.009268709061312039
2014-02-12,0.01346923340394141,0.012359632793924335,0.05289415172876741,0.01012550030737492,0.01513079375763908,0.009145402441920539
2014-02-13,0.013170078502192407,0.012018826918463767,0.05047597884123569,0.00995035930887466,0.01494401548874757,0.009460223903305559
2014-02-14,0.012847434586646533,0.011708083867432145,0.05380520917002877,0.009780337256609855,0.014632702136779837,0.009346309969661758
2014-02-18,0.012557716032534886,0.011421449378375574,0.051343915786860865,0.010008858460662023,0.018016552756702588,0.009253884596095241
2014-02-19,0.013894856430599407,0.011159992521771578,0.05247106392022254,0.009842949837466322,0.018272279461723644,0.00920924807149033
2014-02-20,0.013738950175814436,0.011956722080717574,0.05873720926565566,0.00967436630556534,0.017850032399835316,0.009093406085176442
2014-02-21,0.01343099424428899,0.011662603230532108,0.056186579990131734,0.00950572002647361,0.017518438193663808,0.009007102056573775
2014-02-24,0.013298690060903909,0.011462526296245864,0.05370873975782746,0.009376208356213578,0.017142110761808594,0.00891992064598111
2014-02-25,0.013078493468302968,0.011400161828689404,0.06264172693571851,0.009450972778272266,0.016969733029028974,0.008916635524046129
2014-02-26,0.01316540942359946,0.011621237481364797,0.06300391950385364,0.009293449544640224,0.016605846829997134,0.008907195787389575
2014-02-27,0.013025184514042413,0.01134197479045701,0.06184368875175879,0.009419514240287113,0.017796262681082115,0.009817204750936441
2014-02-28,0.012736698883981783,0.011216974810758652,0.06302193735922763,0.009251319954813233,0.017392807745734217,0.009910083406817751
2014-03-03,0.012460303551660968,0.010975451557910975,0.06042843981148518,0.009228335678320893,0.017031467351748576,0.00976299445666987
2014-03-04,0.014037236988267983,0.012290031891776718,0.058159580235659585,0.010059548214472913,0.016833315250091088,0.009695529442837357
2014-03-05,0.014521359225921428,0.013152904952825607,0.05663449391607797,0.010050953202561785,0.01667537023532973,0.00990114070582818
2014-03-06,0.0152913762372155,0.013527980617575062,0.05486113309390681,0.009853637823064016,0.016304869942064454,0.009771527588913422
2014-03-07,0.014776746650050403,0.01311968764993985,0.053112778596997076,0.009807176035479571,0.016244752185125024,0.009729230490103371
2014-03-10,0.014615279060555009,0.012956602141732953,0.05076905788994245,0.00985393060083695,0.01727203309138966,0.01232869315308531
2014-03-11,0.014920552273128908,0.012861675710365563,0.04850190352884323,0.009668940096331886,0.016875575791663874,0.012492855264736803
2014-03-12,0.014879238419220751,0.012540534963014147,0.046411094650661705,0.009507478606273842,0.016522715934018207,0.013411792679358365
2014-03-13,0.015878088863608825,0.01229107961509298,0.04499120463950296,0.009980999640500568,0.017140166927294184,0.013157772195862531
2014-03-14,0.015320902008249024,0.012108525132273913,0.04360452404098379,0.009783911098075035,0.016831097347102295,0.013145690572475076
2014-03-17,0.014943319780066995,0.012245422693956452,0.04175608260455399,0.009638736644942159,0.01659877383629738,0.012983287578471421
2014-03-18,0.014721453771454078,0.011913704336265533,0.04058501066292528,0.00950258222702029,0.01628516333067174,0.012761944607492925
2014-03-19,0.015111263767822498,0.012712937379828948,0.039184725386217874,0.009570496688045022,0.01651369566444539,0.01253469276275956
2014-03-20,0.014740558041759382,0.012668604338880863,0.03751909538533753,0.009784995777196463,0.01614506385378978,0.012510474155150511
2014-03-21,0.014615957181052961,0.0124128082613931,0.03676343582309528,0.009752091068948955,0.01635901702013186,0.012809376410917648
2014-03-24,0.014159397989365918,0.012133197813976027,0.035409323923529065,0.009592829435835415,0.016043852777903697,0.012626536060755766
2014-03-25,0.013746109689124354,0.011817041534772765,0.03401019723771149,0.0102020000106851,0.01591651502470589,0.012395894972832541
2014-03-26,0.01344893445791071,0.011528476837620814,0.03387006413442032,0.009994861816360924,0.015594013850385195,0.01275403679127515
2014-03-27,0.013489091566755786,0.011257153086062555,0.032455597299253236,0.009885477912513351,0.01541035012528898,0.01275186521653945
2014-03-28,0.013479914097327603,0.011233545093612294,0.03338003765164276,0.009797963925371422,0.015093402889225102,0.01263397292289415
2014-03-31,0.013167654040466404,0.011004585336850243,0.032673325973730044,0.009607197906479273,0.014793896042046839,0.012487930488599168
2014-04-01,0.012851028121005912,0.010826086976046383,0.03228594412855083,0.009580102210942994,0.014483069365529202,0.012289103076523623
2014-04-02,0.013897422649387543,0.012383061539231601,0.03167086492959639,0.009419445303908392,0.014195658250362213,0.012075849497585868
2014-04-03,0.013516409979454485,0.012308725430392704,0.03096301179617603,0.009392683393621346,0.014476101156294578,0.011874453954033151
2014-04-04,0.013302945561678109,0.01260021383730159,0.03054387060342221,0.009273542301578622,0.014435305773869683,0.011731021928437028
2014-04-07,0.013204473374534533,0.012338450019831986,0.029387585680188986,0.009562441571196399,0.014216228695400594,0.011527644115582953
2014-04-08,0.0130924925010347,0.01230795383317717,0.028316128268786295,0.009420395407636896,0.01392415700266767,0.01140740080923649
2014-04-09,0.01430609112214331,0.01309930428303998,0.0274647310410701,0.009383605234324643,0.013737534221252174,0.011241499690179806
2014-04-10,0.014202133117876428,0.012720688276479158,0.02661109950394398,0.00922317080045783,0.01383805687113032,0.011075213412613149
2014-04-11,0.013804444335547863,0.01245212415319215,0.025972260728093177,0.009322301604104936,0.014022440553846988,0.010889046305817385
2014-04-14,0.013448705731727512,0.012110986568151696,0.025108553808448883,0.009150643159323018,0.01382724528128171,0.010710050223484655
2014-04-15,0.013120602382610607,0.012778927048155388,0.024518185901195196,0.009068886822804937,0.013561187367996427,0.010535527136811478
2014-04-16,0.012846373925486678,0.012445318627763774,0.02363153516551468,0.009910620745701143,0.014536836303520227,0.010941721404880285
2014-04-17,0.012553243922712039,0.012095577686542007,0.022938015391148897,0.009722835336383568,0.014321651208207421,0.01100109347821148
2014-04-21,0.012375587372976544,0.011942595720093424,0.02599108040823192,0.00966830667032171,0.01402653215887468,0.010889099679508194
2014-04-22,0.01212762292269814,0.011686989188129321,0.02518232908089011,0.009525743257994606,0.01402159375840018,0.010709591246586403
2014-04-23,0.013828381675990431,0.011582603436114058,0.024389947877527643,0.00942705901716097,0.013730129383060619,0.010556321312158256
2014-04-24,0.01364046770201266,0.011320209453367185,0.023517881153000776,0.009261314406401197,0.013477769417243959,0.010388712478341467
2014-04-25,0.013343852602237702,0.011571662331775246,0.022752491422212605,0.009136311550784289,0.013510030519649417,0.010843233937859567
2014-04-28,0.013713666153610232,0.011514869308743889,0.022303157793855517,0.009101833006339273,0.013235631664075416,0.010685532461643311
2014-04-29,0.013350962794618592,0.012036499764210316,0.02348628983696466,0.008940670097931806,0.013021688859789285,0.010589177877009278
2014-04-30,0.013065046135147146,0.011960160809532099,0.022761485561095154,0.008794400808382589,0.012813458080894402,0.010707029351024628
2014-05-01,0.013702709481044033,0.011964806128033094,0.022006918081642346,0.008638474560557172,0.013271676833890377,0.010945373034260564
2014-05-02,0.013381084551184547,0.011698109453739319,0.02214704579340503,0.008737529068109047,0.01309600398054033,0.010763321098554683
2014-05-05,0.01306816965405663,0.01164161198784455,0.02161055350569593,0.009110151849760285,0.014090869386504947,0.011162365273709023
2014-05-06,0.012797051392776005,0.011657263830269183,0.02091613736931318,0.008991580472145915,0.01380005670305336,0.010998748046579777
2014-05-07,0.012508346291877602,0.011552712074303107,0.021408765799295893,0.008829201719257142,0.013543915313652979,0.010817105493859338
2014-05-08,0.01283596689211145,0.011674404554574906,0.02106205468623149,0.00924613430081613,0.013710914026629885,0.010775256370469688
2014-05-09,0.012668224620354834,0.011395933588067739,0.023148929222693813,0.009076446390001974,0.013639864411672625,0.010810811026155984
2014-05-12,0.012433779753277956,0.011149051516268155,0.022519226851950767,0.00890955083515705,0.013362734121245836,0.010697198907154301
2014-05-13,0.01230119107147569,0.01100160276891563,0.022736044594134433,0.008838973098318355,0.013971054005364258,0.011385036690562584
2014-05-14,0.012504401225197616,0.011017322334350942,0.022587516985688696,0.008683387585473717,0.013680972496492113,0.011248716812906324
2014-05-15,0.012391337512575939,0.011102699603742211,0.02182252971347246,0.008698199807781555,0.013652358709106494,0.011167723991656678
2014-05-16,0.012476727957147375,0.010886433144227022,0.022183753802331355,0.008778584522566272,0.013772736192568353,0.011009535028378504
2014-05-19,0.012304029567115224,0.010673849561536566,0.02178907747709389,0.008622814897593202,0.013608951819985938,0.010825645808589164
2014-05-20,0.012175948024021901,0.01092487131124124,0.02140154462164502,0.008472258169229686,0.01333524807586952,0.01071175581496407
2014-05-21,0.011967978695601431,0.010738631520889119,0.02139085732427973,0.008327568459356088,0.013076509186480002,0.010656003988098848
2014-05-22,0.012711951668016596,0.010796056282011905,0.02138078763397329,0.008263153926642001,0.012836594562048165,0.010625309102033804
2014-05-23,0.012486501327341294,0.010609758766734076,0.022133241170548743,0.008192210913548985,0.012757440229267836,0.01054476348673684
2014-05-27,0.012343033731546138,0.010429745981622328,0.02160827294649985,0.008080045246778906,0.012565232648845166,0.010530744883810178
2014-05-28,0.012131606988001344,0.010378469065631874,0.02193365716868777,0.009044237630657571,0.012977175600554103,0.010396199114873059
2014-05-29,0.012703205358788803,0.010235815637165056,0.02246545852604049,0.008942248730058128,0.012721341124407403,0.010238761693599132
2014-05-30,0.012665813487839805,0.010089401627090502,0.02207410585427521,0.008797848683908222,0.012490004819502288,0.010348285298556808
2014-06-02,0.012710694156509376,0.010094158505807973,0.02137019286210316,0.008834441645081223,0.012864864423663375,0.010256401390236002
2014-06-03,0.012463224348251478,0.01010962455728509,0.021160756963592365,0.008684538765433007,0.012629655596456393,0.010476727407231413
2014-06-04,0.012213621458485511,0.009969877142329114,0.020504528848715405,0.00853173545551565,0.01238853787588761,0.01055230230373394
2014-06-05,0.011983917939412505,0.009929447416420645,0.019875490176733138,0.008385427856950378,0.01215948028507911,0.01096155750392909
2014-06-06,0.01179376809383642,0.00985986075847492,0.019655470125539438,0.008365940702858928,0.01240501192406745,0.010780754925060223
2014-06-09,0.011610610424744379,0.009763219218980108,0.01907883497083638,0.00822793164555646,0.012218345863694895,0.010922376332206605
2014-06-10,0.012557313206219129,0.010395962346890117,0.019023678711443066,0.008093963048992809,0.012026429436927779,0.010755097705044226
2014-06-11,0.012296481837830393,0.010328518052117677,0.020003350707588134,0.008022334816197726,0.011862472500342024,0.010596441544938485
2014-06-12,0.01205629421616687,0.01022920060359677,0.01946081280136971,0.007895247413196037,0.011646309841959124,0.01046707502556483
2014-06-13,0.013374744129889385,0.013192463050038796,0.025018580422901747,0.008031547744185899,0.01216645976589021,0.01045004006123123
2014-06-16,0.013065751472234514,0.0128185113410564,0.024149444827804373,0.0079036922931533,0.01201788190588977,0.010322441616112595
2014-06-17,0.012752440877958729,0.012453185476548192,0.02338045650484596,0.007781687452982807,0.011817907819549969,0.010219076026931435
2014-06-18,0.012593077549894346,0.012114431149912903,0.02256023029824664,0.007686052431760906,0.01160488603952435,0.010083604876332317
2014-06-19,0.012395609511731617,0.011982593624141566,0.022041302695135538,0.007571766133805367,0.011409059682240303,0.009931757549570206
2014-06-20,0.012204724233511646,0.011856334379584001,0.02188005259850971,0.00992621632293982,0.014750129045715009,0.009867331942458138
2014-06-23,0.012190203907655617,0.01158263095124891,0.021457639100083775,0.009734038071777397,0.014796401173466278,0.010121345553048935
2014-06-24,0.012435307867014194,0.011479239407888482,0.021553228926495846,0.009545587308719355,0.01448332139055458,0.010131528372794152
2014-06-25,0.012195584291915465,0.011243057797035112,0.02165700382450983,0.009369384725543654,0.014240630743016491,0.009976473723091458
2014-06-26,0.01202836151568571,0.011080570261857398,0.020972791247001556,0.009192491155013983,0.013961925324812427,0.009866287479073182
2014-06-27,0.012006878374927428,0.011084801042074514,0.022808527773337955,0.009079134518767702,0.013672490224778953,0.009720332707842344
2014-06-30,0.011805030622151692,0.010854070894688777,0.022029600645296844,0.00892015394664286,0.013395681490871144,0.009615701206491486
2014-07-01,0.011684675896319528,0.010981452450919164,0.021567813791299982,0.008766416584506897,0.013147053851049029,0.009808279868420556
2014-07-02,0.011509319996400475,0.010763062439732162,0.020866924503786178,0.008635082442331387,0.012900059150551564,0.009665562584419612
2014-07-03,0.011681146830775839,0.010988626615783544,0.02131751406181193,0.008505380243879437,0.012796876356505385,0.010307077665360298
2014-07-07,0.011593662085175333,0.01079336930888543,0.020883567729519797,0.008525874221475927,0.012669153982670827,0.010174234852383685
2014-07-08,0.011563628292036013,0.010824051981109615,0.023893680249994095,0.008406576762559308,0.0124939133330744,0.010077598891988353
2014-07-09,0.011412016137712548,0.011278529044072132,0.023097581311448838,0.00826546670624384,0.01225491265412158,0.009932210419065352
2014-07-10,0.011819315084326891,0.011209039543537249,0.022439544505790502,0.008210106672932283,0.012037832269530561,0.009794768364376046
2014-07-11,0.011766134713111265,0.011013966747157355,0.021996482177175664,0.008382570809132866,0.012668647000892428,0.009726767607413778
2014-07-14,0.013375051965906642,0.01231447100027587,0.021337849279495086,0.008247728955767144,0.01243415324905501,0.009586390222290813
2014-07-15,0.013031254670152936,0.012004802558028058,0.020645525102914012,0.009465455945647464,0.013500139493265046,0.009542549424257626
2014-07-16,0.013107295982736302,0.012050662797685421,0.020346791712591687,0.009414922332401564,0.013228454443149087,0.009408011152801708
2014-07-17,0.013321505869311728,0.011749409402642597,0.019776455958323585,0.00924250126436784,0.013023833962865938,0.009537213357280916
2014-07-18,0.014298379487545509,0.011460991683813189,0.02284897398765771,0.009445169503222462,0.013323405140612527,0.009405295953167908
2014-07-21,0.013874407693146788,0.011777698829497514,0.022063968413967527,0.009348685619476538,0.01332243008761692,0.00956278159301477
2014-07-22,0.01414651176257474,0.011545264012058343,0.022767906371236813,0.009193988891893658,0.013124020940525078,0.009459388614731556
2014-07-23,0.01374875115267076,0.011327625125788861,0.022838710142870543,0.009111347120994656,0.012862951209353404,0.009343646229234438
2014-07-24,0.013994980368072167,0.0112417795374399,0.022070228100664963,0.008948584600553323,0.012611895707839436,0.00921638686403263
2014-07-25,0.01401489072991482,0.01136935685556931,0.02233697795085703,0.009078665318165846,0.013849764047751748,0.009843739226358103
2014-07-28,0.013612363761094195,0.011722552947789913,0.02222514505109956,0.009117358940467432,0.01375601061369371,0.009860086805166597
2014-07-29,0.013328166406700632,0.011698715139636716,0.021660924000931184,0.0089486485308819,0.013490775891197501,0.009716747508327883
2014-07-30,0.01320066140176759,0.011417455916678053,0.02148235855826311,0.008828440774084104,0.013218555204272928,0.009682555809471192
2014-07-31,0.013089774015264762,0.01173207548876569,0.020862502263689183,0.008691774279954476,0.01295468551445518,0.009651855539249946
2014-08-01,0.014502416676772299,0.01154617408712401,0.02064131814157575,0.008831324920413662,0.012860950003059504,0.00953589262714272
2014-08-04,0.014099238791691317,0.011833796120738475,0.02029614232761857,0.008880815342322644,0.01261759801428738,0.00946691065185409
2014-08-05,0.013737030494442318,0.01164588805088173,0.019861152662714255,0.008779557609132684,0.012469006025815027,0.00952593395642518
2014-08-06,0.013717625328297465,0.011631948560713373,0.01985551953374807,0.008648714351381388,0.013024443250086686,0.009711107770845282
2014-08-07,0.01344582262938197,0.011352636881140566,0.01944360905251147,0.009212962594071339,0.012942465149531679,0.00987475768862386
2014-08-08,0.013149817111798976,0.011360428586102034,0.01940317694495155,0.009059313872209422,0.01269385470960315,0.009740556881690501
2014-08-11,0.012854137295364033,0.011185325058142213,0.019929626317463516,0.008900286420752619,0.012460574524370884,0.009604911176566495
2014-08-12,0.01261855666037957,0.011000906541483068,0.019329275812958104,0.008740431838404016,0.012346979145771465,0.009468110890580615
2014-08-13,0.012591319583068791,0.011921630973388955,0.018777587377856723,0.008585517606383949,0.012300415918867111,0.009416677697253874
2014-08-14,0.012334082561320516,0.012192161807893067,0.021381697912091435,0.008455151129203073,0.012088026692500189,0.009730511772373327
2014-08-15,0.01385005072313298,0.01376541107877937,0.0214673130460012,0.008311557366365937,0.011882398191380018,0.009694022343890284
2014-08-18,0.014594200233954245,0.013311301433690805,0.023176752656428698,0.008319405569566129,0.012443916702997788,0.009582142678637887
2014-08-19,0.014506117498005296,0.012943695877933321,0.022399762035866102,0.008260831473117316,0.012269389294000383,0.00945302065333685
2014-08-20,0.01551848634641073,0.01255448115614768,0.022616767616731644,0.008138350283265948,0.012285622043338624,0.009401048272737689
2014-08-21,0.015830949939913574,0.012376739632989193,0.022267430964667104,0.008013420249410071,0.012092151776029215,0.01096197219798803
2014-08-22,0.016881138782088464,0.012071547458171827,0.022101625119139708,0.008528260526191876,0.011906021225057163,0.010780496356627069
2014-08-25,0.016277996611337647,0.011807962489411987,0.021717138467207308,0.008412689395598768,0.011693325631617084,0.010742784358468802
2014-08-26,0.015723780159428623,0.01155560487562257,0.022269760403283836,0.008274745904854023,0.011486584886203426,0.010605412963247584
2014-08-27,0.015250563219229194,0.011295565345849672,0.021620169083051484,0.008196460384880646,0.011289511022432117,0.01064233191655839
2014-08-28,0.014738807223681377,0.011059669017574185,0.021187702138711014,0.00807078165369662,0.011097559305637416,0.01048360575423602
2014-08-29,0.014421951787825328,0.010866774983005844,0.021494754930986543,0.008007374414737275,0.011022742853749615,0.010806092298455996
2014-09-02,0.014692840983196533,0.010864090548844624,0.02084353098187703,0.007898421938924892,0.010951142086242462,0.010641249793161571
2014-09-03,0.017680710837679282,0.01385404730112597,0.02419796748595055,0.008593269341334538,0.011421599305863952,0.010469250502361065
2014-09-04,0.0190976591494561,0.015291603491398117,0.023581155748806985,0.008479942178974378,0.011229132513951454,0.010422562429913691
2014-09-05,0.01866487289796065,0.015014583899023952,0.022864543273343814,0.008363219982677712,0.011048832226475657,0.010407139068422626
2014-09-08,0.018334318612935125,0.01481450457375027,0.022181246455953388,0.008222575621176356,0.010864313935508501,0.010318495172885038
2014-09-09,0.017721391636187037,0.014419561110130277,0.022375322884906332,0.008387039696870928,0.010931096767472422,0.010157331852606966
2014-09-10,0.017005567988015363,0.014311878714749742,0.023111139406086275,0.008311442872611131,0.010762063719741295,0.01086297809840034
2014-09-11,0.016800303810425188,0.014286531412418308,0.022433640786266446,0.008195915603241765,0.010587438271269477,0.010701935074054744
2014-09-12,0.016601004698501856,0.013788769763235155,0.023971169833482714,0.008134451831525473,0.01111375806632498,0.010598030479147102
2014-09-15,0.016110845299745304,0.01371015991667053,0.023256785110004972,0.008111770813694985,0.0109259584947141,0.010472020464670656
2014-09-16,0.01566059353708268,0.013351643116791602,0.023137399206653367,0.00799980910679634,0.010744849693340804,0.010407866452263192
2014-09-17,0.016426279260921703,0.012928476323483276,0.02283417547049086,0.007875555516749901,0.010636050873284716,0.011502111595812103
2014-09-18,0.015907010901014314,0.014551643611949572,0.022083227974243197,0.007756272414020097,0.01046572857435922,0.011372292474443258
2014-09-19,0.016051157861398154,0.014630736199673937,0.022768662341641942,0.007791365591106885,0.010612964291990075,0.011657761335958304
2014-09-22,0.015659630961933787,0.01426232450533989,0.022731835728818796,0.007888645634313164,0.01332440447342522,0.011456632813516996
2014-09-23,0.015454556129828228,0.014528950963357818,0.021970841233382485,0.007768452786304048,0.01309826100213489,0.011782089998013412
2014-09-24,0.014924964508267538,0.014020918059351722,0.02141828271171345,0.007677898270768325,0.012839058016841591,0.011576207041125554
2014-09-25,0.01500805197116225,0.013545617250656955,0.02197017115317425,0.007578754590881983,0.012619949459239227,0.011494990283669786
2014-09-26,0.014558003929088563,0.01310607140631646,0.021705771801555893,0.007477934486662424,0.012829078979734393,0.011294836285533056
2014-09-29,0.014479224941456936,0.012702064479914297,0.021008592543550295,0.007481476113453752,0.012639014050309932,0.01130985478200347
2014-09-30,0.014416124837902238,0.012342814831869678,0.02386132302380545,0.007392940747601635,0.012404209617525586,0.011230513398829018
2014-10-01,0.018287058914511777,0.01461857939491655,0.023147250219426974,0.007398850037003239,0.013845072580490232,0.011523916664337242
2014-10-02,0.01760507281862555,0.014208203535254253,0.023518202833971304,0.007323320781364634,0.0138143486324795,0.011479434789485236
2014-10-03,0.016917110083062858,0.01395444334118999,0.02374142163676195,0.0072248823342536805,0.01380427111692351,0.011575125930841607
2014-10-06,0.016908327515739063,0.014017775256910234,0.024250770139540377,0.00810461536732748,0.013834378876129916,0.01137384142881675
2014-10-07,0.016372540915739742,0.01362630521971237,0.025750958780012337,0.008337220039938678,0.01452563968027915,0.01144236980647178
2014-10-08,0.016675766046459345,0.013396722440679534,0.025179426303383615,0.00823520285096915,0.01421745943185758,0.011246314621172529
2014-10-09,0.017027642309846845,0.013224417273844758,0.02552423623044341,0.008182676556620498,0.014109495696574706,0.011316743262447311
2014-10-10,0.017365117580564315,0.01363987104283063,0.02459051739497404,0.008669387485915645,0.014544548120865735,0.011282305931527735
2014-10-13,0.016677263206580663,0.013200591293765794,0.023717584238600188,0.008544039045367718,0.014313706933075114,0.01109145231885369
2014-10-14,0.016052036165708022,0.013627833209006674,0.023279957229770123,0.00850180920059951,0.014021923716717129,0.010907619193717924
2014-10-15,0.021481881417911772,0.01918993289296116,0.0238105428177062,0.00838139440685073,0.013750196130603859,0.011210644458681697
2014-10-16,0.020482455898048358,0.018948232837238704,0.023004541426830002,0.008410775960656394,0.01349009943049305,0.012338078068419033
2014-10-17,0.01984140208567137,0.018280776314053893,0.022211376660975987,0.008295177927849458,0.013221328472966063,0.012252105244011319
2014-10-20,0.018960484409193748,0.017492825608801953,0.02160753722419966,0.008168639187904829,0.013030081870831317,0.01212437423728548
2014-10-21,0.018149848855127115,0.0170375061227656,0.02233232860922431,0.008083627782896261,0.012775052635269924,0.011929261266586862
2014-10-22,0.017400832694666264,0.01658981809758858,0.021819644772102745,0.008028395643203002,0.012782293504699933,0.012036037670781496
2014-10-23,0.019001127418420072,0.01688475209273054,0.021540215224653908,0.007976318764016235,0.013187913268762666,0.011835306837741122
2014-10-24,0.019130070589963747,0.01790264179182225,0.021073259757682514,0.00833410604416148,0.012959622269606685,0.01176976585260023
2014-10-27,0.018816004057734936,0.017340861571639707,0.02039789575764515,0.008203533419614188,0.012707121555875283,0.011560869084948555
2014-10-28,0.018014882116184027,0.01666048992308544,0.020463769952354167,0.008079884094148126,0.012463951027263123,0.011499300993650527
2014-10-29,0.017337304644898313,0.01599847437895744,0.02111159632843586,0.007950148005118928,0.012258654997206943,0.01147674207597673
2014-10-30,0.01689320468143607,0.015844233958861368,0.021397191166359585,0.007876368750046074,0.012035523685152044,0.011278814407044837
2014-10-31,0.016817513436009023,0.01557702094583058,0.022118489966989233,0.008989653504913965,0.01614403045244462,0.011418397395924177
2014-11-03,0.016357282212898477,0.015054530893394109,0.021660795861290553,0.010040803549843711,0.016365153925028044,0.011248411633975221
2014-11-04,0.017303784059876773,0.015055202420767846,0.024683647725734222,0.009846116670132013,0.016052224610367635,0.011122572058756733
2014-11-05,0.017891830361948163,0.01628426771874154,0.024532708570975365,0.009660570296965567,0.01607054468744346,0.011386578772705769
2014-11-06,0.01814110668435036,0.015641956090811555,0.02408621334072518,0.010285352240886985,0.017306570601708607,0.011218366031225176
2014-11-07,0.017698648649107196,0.015048152130139538,0.027436168445321926,0.010094922026120112,0.016912289745695214,0.011038862643342291
2014-11-10,0.017216729705908887,0.014615710887925324,0.026378403076142875,0.01100424937592068,0.017098398934648776,0.0109518781570971
2014-11-11,0.017351180282869055,0.014666196275191246,0.027663447415765114,0.01092685320577804,0.016717407852601906,0.010911381380756273
2014-11-12,0.016787550952326525,0.014386129146003972,0.026597132981166234,0.010706700264426841,0.016337486459986,0.010769470835304768
2014-11-13,0.016474660541703542,0.01478029326210384,0.025981972181064975,0.010510019375606633,0.015983035443097496,0.0106057919672944
2014-11-14,0.02024843893949145,0.01730126041695909,0.029392591761454933,0.010297330498305135,0.01562653524413319,0.010720373135789149
2014-11-17,0.020438996720983336,0.016601510551924322,0.028392943904708933,0.010907422682446181,0.018081214078489886,0.011272056646942096
2014-11-18,0.019534845341457097,0.01707887459422401,0.035697748176911855,0.010684327576591464,0.01801280453669819,0.011096512487775798
2014-11-19,0.019213937022884806,0.016729644691553566,0.03486652647854593,0.010713867144236245,0.017664675385993877,0.011235609831358932
2014-11-20,0.01838330482153258,0.01612752896659471,0.03452424161302867,0.010506593368479306,0.01733161832976932,0.01130881311180898
2014-11-21,0.018072953459205898,0.016214923649343124,0.034001448141276126,0.010304810656250765,0.017071163283177298,0.011199896670284792
2014-11-24,0.017719183637668976,0.016062448061686024,0.036046490497876504,0.010154988063134845,0.017047443731072327,0.0110194430305153
2014-11-25,0.01730235648283233,0.01567558375097146,0.035496762920876675,0.009958042592016202,0.016658093352573605,0.011051909498539163
2014-11-26,0.01815535768519778,0.016025473574224264,0.035223464868162434,0.009761543441779996,0.016453012818435416,0.011284690949975968
2014-11-28,0.0175062810747293,0.015586566483491554,0.0340945357631553,0.009570965422980063,0.016081619845791487,0.011091878092059214
2014-12-01,0.03822293159534566,0.0355805070049341,0.037859506792526004,0.010127897224466671,0.021565837306702567,0.013067578564035337
2014-12-02,0.03841554171438694,0.03526330211660988,0.0367361728031157,0.012342205671510849,0.026473659803028335,0.013770081896868958
2014-12-03,0.03763064180912192,0.034553522883671854,0.036625951010329894,0.01250405138010318,0.026003116230827315,0.01355774072592705
2014-12-04,0.035597803771514884,0.03286038680964019,0.03548491357103011,0.012315775178405437,0.025351140005811033,0.013379457495977682
2014-12-05,0.0337510178619394,0.031173904143353286,0.036272280327258974,0.012040407068056092,0.02480393818632845,0.013412634525000253
2014-12-08,0.03226265042312862,0.02968047820934796,0.036822722444501466,0.012166349418548363,0.02458083399129073,0.013163999685789518
2014-12-09,0.03351921351962957,0.03119192289181069,0.03910723658507727,0.011915844231456696,0.023962772804656342,0.012959670580493148
2014-12-10,0.031899045406332344,0.029724687872319494,0.03768939951857256,0.013204450812559686,0.026070071993028923,0.012960812181832402
2014-12-11,0.03360101101473325,0.03084859822223942,0.03631856061450753,0.012908140283551275,0.025415555320870132,0.012930558363141387
2014-12-12,0.03221164602866615,0.029391959353326943,0.035278676182697435,0.012631294547361081,0.024790995366144743,0.012823932701368392
2014-12-15,0.032625825694432786,0.029371112876076494,0.036177446599179736,0.012357601040376788,0.024171369612443677,0.012586924062449645
2014-12-16,0.03267061818053438,0.028170375869220856,0.035178991696688436,0.012353403291636075,0.024459157064340972,0.012838428936472824
2014-12-17,0.030894570547234865,0.02747437828981325,0.034694505118696234,0.012303369085481524,0.026363580930947594,0.012687629298817093
2014-12-18,0.02937692417769095,0.02609128952390844,0.0339013021608013,0.012026013448937452,0.025810067798951394,0.012468613721988145
2014-12-19,0.031002207810704077,0.02495833167799606,0.032862899595921036,0.01175767025461911,0.025154548945961287,0.012289528891424697
2014-12-22,0.03234383865800414,0.026089142922945396,0.03496592433971723,0.01149895436744967,0.024554842307869904,0.01232393653576256
2014-12-23,0.031449579893484,0.025662487623014943,0.044481883839512404,0.01161392283490559,0.02441984132512064,0.012103073338611443
2014-12-24,0.03148852439720722,0.025672950869519998,0.04256768113140616,0.011365601540882763,0.023832165899652324,0.011884566809606907
2014-12-26,0.030682376623896515,0.025536911469327368,0.0429564213017773,0.01115092952231725,0.023249454597563703,0.0118463846669283
2014-12-29,0.02976238655249433,0.024637120410420307,0.04111952827322386,0.01153561200278564,0.02348700227277535,0.011987926210529085
2014-12-30,0.028968836039594437,0.024912547153743553,0.043066129702119545,0.011543749035968132,0.02347567229629902,0.011772952240232464
2014-12-31,0.027585129445049712,0.02368688654511807,0.042170718889580815,0.0117219158831999,0.02390621798671228,0.011775287135901504
2015-01-02,0.026658626162102208,0.022764326952430042,0.04532829124755401,0.011824640756204255,0.02516141422442173,0.011786470669029015
2015-01-05,0.02554752192994073,0.022268692207072286,0.044812629614432525,0.011566734795196402,0.02464123845485931,0.011577089157759443
2015-01-06,0.029334391440002393,0.028482206256670715,0.044591994896149394,0.01171308789420039,0.024807869811945972,0.011873839780007066
2015-01-07,0.031021418904027515,0.029644277209002805,0.04297891609161881,0.011738343655874934,0.02485638037116979,0.01168746249384694
2015-01-08,0.029704953573669132,0.028124799539449283,0.04167101245584368,0.011583754656572331,0.0242619925346929,0.011498810209127814
2015-01-09,0.028136204219444894,0.026727960558502288,0.04023968428988027,0.011338657653244901,0.023751602486187594,0.011325147574039025
2015-01-12,0.02682905571995943,0.02594754915138835,0.038520051205377485,0.011160903619584203,0.023161199879108287,0.011202665791600907
2015-01-13,0.029806936266264784,0.03011397389614788,0.040147818200463564,0.011263495957175991,0.022672304386594427,0.01121128920472811
2015-01-14,0.028256816261031426,0.029125574877966617,0.04137520309635545,0.011022098320585634,0.023445272120391648,0.012780560544981046
2015-01-15,0.03182675014793904,0.030841937584544853,0.048572182127959794,0.010787080806767664,0.022967614500762207,0.01608690113238283
2015-01-16,0.033668758791216225,0.03001049516650542,0.04692512276123482,0.011663742207860475,0.022447221824423744,0.016417469068629283
2015-01-20,0.0356667955952029,0.02846783893086946,0.044917435563974414,0.011567642987060143,0.023489171662666286,0.016417700468765773
2015-01-21,0.037081659797560784,0.027084103968421806,0.05237891830048743,0.011636274846054393,0.023047174719214233,0.016363856863634004
2015-01-22,0.03619840999790254,0.026556954104180863,0.052113300026348855,0.011381675244268119,0.022652794150243762,0.01601819637797571
2015-01-23,0.03564037894069171,0.025451704834940747,0.051808201112488794,0.011183830829646895,0.022182870794015323,0.015728022968944662
2015-01-26,0.03405798418974522,0.024247278777278534,0.05182437580134506,0.011027702130543705,0.021648289080349145,0.01623866848522275
2015-01-27,0.03235316623318086,0.023436624998122664,0.050642280552729575,0.011013106146084861,0.021475981270625936,0.016157376824383524
2015-01-28,0.031459070549569125,0.0240959530790009,0.04939735394837543,0.010946681175034268,0.020985189853722254,0.016575544590524335
2015-01-29,0.03231892544575325,0.024058390020924802,0.048646670894020944,0.010760670432354538,0.02047290482650598,0.01623551734305876
2015-01-30,0.030568677165473068,0.023256956661189702,0.049108516233804966,0.011735103108366594,0.02609998347381588,0.016464217505073774
2015-02-02,0.038337685925013215,0.03232517189728246,0.046993601348433785,0.012101407837493715,0.026063489373896104,0.01680111963764963
2015-02-03,0.03716213869750764,0.032269651992728486,0.04489713196261492,0.011838836039466907,0.025406309275898275,0.016506448330377142
2015-02-04,0.04105093046232894,0.03521705368227787,0.043647595678963945,0.011901794962096379,0.02477850395832285,0.017693598224729802
2015-02-05,0.04830938632441704,0.03943823756545325,0.042965063714819174,0.011653195794329196,0.02417132932977699,0.017334606370358854
2015-02-06,0.04729931176796226,0.03970157938864224,0.04168367429771709,0.01140286836072612,0.023705175422944372,0.0169614116045243
2015-02-09,0.04518066697070884,0.03815752110411688,0.0399246706445146,0.012116885968431189,0.024043214519399107,0.016616073246835467
2015-02-10,0.04315526178435207,0.03623384276031343,0.03822936249868216,0.01189528708750168,0.02395756625160469,0.016267086965912527
2015-02-11,0.04436203325095848,0.035888605977653934,0.037671322647807676,0.01174204659744828,0.02350148878006479,0.01620186052069077
2015-02-12,0.04253873977983562,0.03544985356653447,0.0383511530804361,0.011691431414949258,0.022963110622866566,0.01588369896833393
2015-02-13,0.042774877978653876,0.036111207752355684,0.037842936455699486,0.011434659636831641,0.022395514981299276,0.016194652888160254
2015-02-17,0.04142225592982198,0.034245449448954336,0.03751758243448759,0.011231704042963793,0.0227965232672821,0.015856767645646183
2015-02-18,0.039313875049256077,0.04203724719026297,0.036240776594699924,0.01144553709390469,0.025339040027649574,0.015603710258273317
2015-02-19,0.03806572401047199,0.041078545591628296,0.03552466337961879,0.011298071920138406,0.024745734823175013,0.01568426515341734
2015-02-20,0.03646429292859321,0.03891269819097981,0.03401312116043445,0.011119180590447711,0.02417697284229595,0.015358243508784973
2015-02-23,0.03484282459270994,0.03683517005003953,0.034750043135764096,0.010893788208655941,0.023616579914154497,0.01524766104130322
2015-02-24,0.033433677981229384,0.03558237379359943,0.03412256910064518,0.01069105818049879,0.023026796815730468,0.015103729996006393
2015-02-25,0.03163238872615362,0.03373101589847767,0.032766941435157626,0.010487620037392531,0.02247174013998523,0.015805710815681318
2015-02-26,0.03175494101040908,0.03545676615629679,0.03141888832902674,0.010290490606931036,0.022160923192154073,0.01547971017484858
2015-02-27,0.03510977447435117,0.03457639080485763,0.03691472810729521,0.010178233412429537,0.02171817748823606,0.015166042328296835
2015-03-02,0.03467870516984978,0.03517217579536267,0.03555360212475838,0.009981751552094013,0.021205505059463586,0.014854957177536684
2015-03-03,0.03279457337299443,0.03681942237809822,0.034284737532800307,0.009824145337520027,0.020737449350445507,0.014558725604386964
2015-03-04,0.03153140820466512,0.0356807339789529,0.032872120479656465,0.00965579396354998,0.02033625731959004,0.014565408848237144
2015-03-05,0.0304467782612733,0.03388902030340557,0.032101438012370205,0.00949025928341274,0.01992072289950404,0.01427328824566622
2015-03-06,0.029238069955262534,0.032114449785812994,0.03170758079771856,0.009349611433039641,0.01944078043250688,0.013994552167105854
2015-03-09,0.028668677103147057,0.0307054841595882,0.0304058764264227,0.010772490558427243,0.019592594887234485,0.014137627509057213
2015-03-10,0.027258036737228823,0.02982519078600145,0.03411273119965018,0.010551254464426936,0.01912743246771831,0.014569753150312314
2015-03-11,0.028161327234743662,0.03063573202028156,0.03320733017468999,0.010400343814194407,0.018782357857731375,0.014856179212632438
2015-03-12,0.026704525964365074,0.029712223471348432,0.03331720405018908,0.010336063639304022,0.018742658453438463,0.014590255365494596
2015-03-13,0.026450341641439012,0.028308278731830516,0.03341054954192843,0.010125892968927304,0.018421798917410626,0.01485759310495532
2015-03-16,0.02943996971196273,0.03011145542526114,0.03202521787130494,0.009921346323298616,0.01798971457949914,0.014557553044379551
2015-03-17,0.02874947456410372,0.029459836120555773,0.030732540785667953,0.009724071862273052,0.017657665542894545,0.014264301247571548
2015-03-18,0.02742456268562587,0.027951349587846886,0.03304674492174539,0.00958259045807766,0.017257324941887628,0.01426904746357301
2015-03-19,0.02733903387295329,0.03004476986977074,0.032365799040878634,0.00940984668654216,0.016868912760045228,0.014655025512232895
2015-03-20,0.026431784393609006,0.02973734434563707,0.033033446266745856,0.009734154251621434,0.01835110632342695,0.01592458104024046
2015-03-23,0.02790935429893387,0.02864652250214073,0.03179913486874201,0.009916207445867527,0.020712956673103956,0.017363302921435658
2015-03-24,0.028877157975874215,0.027384206793941906,0.03105308649084081,0.009731292070691311,0.02020896699839498,0.017160821612287568
2015-03-25,0.027355534036092925,0.02641802686638531,0.030323385487404653,0.009557866459221085,0.019755695152553533,0.016799214795241272
2015-03-26,0.02815510125457797,0.026217571233896102,0.029924360071279618,0.009416579156132827,0.01928190583127183,0.016459661674091942
2015-03-27,0.030035665632398588,0.028852167388416675,0.029299095210508816,0.00932473905314777,0.01891134126897228,0.016154214627310353
2015-03-30,0.03278965719698823,0.03128936869787804,0.0296866967603906,0.009200914375328518,0.018485777956864475,0.016197705739619685
2015-03-31,0.031037443166348058,0.029678534218461516,0.029144694272371714,0.009416612117625192,0.018795680703302543,0.015881760419822973
2015-04-01,0.0302563003671212,0.028948002856380092,0.0279907470429614,0.009244269841254354,0.018379515793968754,0.015853770655222133
2015-04-02,0.03278978485947747,0.029589401735271314,0.027210689599667815,0.010022073276778974,0.018963304779520355,0.015537216932446994
2015-04-06,0.0316255688588199,0.030569944664418248,0.028837443483918604,0.00990759584347652,0.019112204753659073,0.015230407193458813
2015-04-07,0.035219562156419804,0.0338353734719167,0.028609518981341675,0.010152124210784248,0.019418156980966432,0.014970005148663151
2015-04-08,0.03498614259307262,0.032468715599948926,0.02767664670604707,0.010049242770888223,0.019286073352150802,0.01504445820037488
2015-04-09,0.03957740746426293,0.03641932002596404,0.027515013258234234,0.009940162739839338,0.019524515074821027,0.01489841552869065
2015-04-10,0.03741336714580287,0.03494032290955003,0.028549080856520602,0.009891000839153157,0.01943011233549222,0.014597926670326443
2015-04-13,0.035690959395858375,0.03383293530396804,0.027506271198460035,0.009866041187375135,0.019171872618487473,0.014307905371818332
2015-04-14,0.03374922041017132,0.03205923407773968,0.026440866568337183,0.009720216193073276,0.01875627356283687,0.014062019879878382
2015-04-15,0.032922204753497275,0.030501920665581883,0.02552961070164224,0.009604320839555853,0.018399385460943746,0.013851601771351958
2015-04-16,0.03582081668510407,0.030562579834507872,0.0262705280226484,0.009526955013103,0.01803803777585551,0.013597950526639263
2015-04-17,0.03387693111504448,0.028987890997555922,0.026610106516895396,0.009367604759663225,0.017616407913038565,0.013975083192263853
2015-04-20,0.03251261284239514,0.031480717403125226,0.026237081874177896,0.009222551854539615,0.017225063677410207,0.013699876049102968
2015-04-21,0.030939011994270692,0.0298485672695011,0.027747793721056083,0.009206936719774985,0.01747577446347047,0.01392263265531404
2015-04-22,0.029995189427427436,0.02915036343555829,0.027044349194762424,0.009167922540842107,0.017150987596636264,0.013853165407958863
2015-04-23,0.028824000591945596,0.027840257601276747,0.026240361745337087,0.0094352461186269,0.017019209308565198,0.013864611052231935
2015-04-24,0.028630135332370216,0.028365878207692322,0.026768609072476718,0.009337156259399505,0.01663554575228868,0.013763518141619566
2015-04-27,0.02733917406096441,0.026996164742992584,0.025746053476326955,0.009779481012147897,0.016489322149971744,0.014098365149411339
2015-04-28,0.02594291108195573,0.025739152302688858,0.025286121138035172,0.01073252652275715,0.019265656956594945,0.013912407611541711
2015-04-29,0.024622338241758582,0.024482399082713543,0.02455320934196749,0.01065432332612736,0.01899128877035038,0.013643834595127826
2015-04-30,0.02477179111165486,0.023960740289539206,0.025830954971279282,0.010461182107225115,0.0185722945446034,0.013420627044406558
2015-05-01,0.024155201517910143,0.0232041982116271,0.029676440325184964,0.011318933041497751,0.019601184945088362,0.01475344998476067
2015-05-04,0.02312056133976024,0.022145604133741316,0.028607390513108188,0.011169256498474032,0.019132015996473444,0.014799721395231174
2015-05-05,0.022039516847694327,0.021098202770287833,0.027884535776745788,0.01112701243940831,0.019141073358364055,0.014510292634252596
2015-05-06,0.022337448162022756,0.02070654469311328,0.027173669090011062,0.010938405731666871,0.018777755414208067,0.01426001634570754
2015-05-07,0.021429112599321787,0.019781654321836505,0.026132795760326614,0.010721364206316884,0.018360264010825928,0.013986805068869729
2015-05-08,0.023052268676036224,0.02164295562821145,0.025580931322754866,0.010595689325084066,0.018161778707762165,0.013719174203136184
2015-05-11,0.02204842730953322,0.020644035644225664,0.029133181360139284,0.010433288622786386,0.017884775035406312,0.013453922151777526
2015-05-12,0.02102358429445805,0.019841039795396545,0.029198747853710922,0.010276988814432233,0.017579320089669205,0.013231084250360686
2015-05-13,0.021496207546849014,0.021043339488152714,0.02974552021080223,0.010188903455748468,0.017409333601545562,0.013179286702529072
2015-05-14,0.02054483736015425,0.020070587692998677,0.028806859464541514,0.010894173576321407,0.019337808162156012,0.012926875501648137
2015-05-15,0.019908734420972407,0.019193196006542578,0.028612578642000237,0.010721767446263217,0.019128239665082824,0.012686073334291375
2015-05-18,0.01905905285635205,0.018342838711119427,0.027492312860610747,0.010496888011467833,0.018711591593379453,0.012449670482126675
2015-05-19,0.018303857842969385,0.017614787582559837,0.026436788762080686,0.010284515326918932,0.01838869098397879,0.012298015015655963
2015-05-20,0.02122053410266969,0.020087878307291192,0.026218156402772284,0.010706319451978051,0.019870133887700127,0.013055259786496203
2015-05-21,0.022227470300670165,0.019766926853501492,0.025467819093983844,0.010485429365687013,0.019399040870696826,0.012829581441141524
2015-05-22,0.02301501757072384,0.020160908108604908,0.024754980702111747,0.01030282932229315,0.018936489531224433,0.01266277857871457
2015-05-26,0.022562304458850498,0.02005545989204041,0.024720489814538137,0.010092506005414923,0.018517939753166266,0.012733222219315044
2015-05-27,0.023389176464435186,0.020786338438502146,0.02481390207283122,0.010342803356034333,0.018502388580961662,0.01257500312673415
2015-05-28,0.02245144431023556,0.0215159026936383,0.023921748609138326,0.010135043470955871,0.01811273881545382,0.012653944630063349
2015-05-29,0.02139089249198046,0.020662385581858178,0.025998204712246707,0.009935162088875083,0.017689560811981368,0.012540097809532825
2015-06-01,0.024673066644488637,0.024441478556361345,0.02606562100620514,0.009738517698039618,0.017283264002166267,0.012569523083508036
2015-06-02,0.023450635151245604,0.02348720912874574,0.02509373798827977,0.009551037439172625,0.016887547303592418,0.012419669113332608
2015-06-03,0.02293787417828324,0.022530692275454012,0.024769617512823645,0.009413686080133292,0.01657656087219655,0.012253854922756865
2015-06-04,0.023480689713797333,0.022998051425447464,0.024964838955737024,0.009390287724690125,0.01676051465172026,0.012045097699524356
2015-06-05,0.024075766595672735,0.023633698886355376,0.02407006716256857,0.009383660660458929,0.017170529456559402,0.012133841316949617
2015-06-08,0.02364233821273124,0.02335246174498492,0.02359479462878251,0.009299927292891414,0.016857665191839573,0.011922157193642641
2015-06-09,0.023148877561282016,0.022452212228357138,0.026202095039333562,0.009167532941158093,0.016475711045512598,0.011719140222373317
2015-06-10,0.024413093926447763,0.023885342151778254,0.029438909255587734,0.00902066263760358,0.016103359373298185,0.011656159330447785
2015-06-11,0.02410434131832072,0.02304548285932171,0.0286383470117973,0.008977171885133684,0.015742932968502037,0.011679771706389636
2015-06-12,0.023191168088372002,0.022132622735356437,0.028397567429003904,0.008888687946023438,0.015394146334555074,0.012960271409722186
2015-06-15,0.022501488178382597,0.02195356744779494,0.028486799748876607,0.008732185953912598,0.01517749410135543,0.012722626846583169
2015-06-16,0.021569244182691887,0.021854949550247957,0.031084742015198015,0.00864406163908828,0.01527533126038949,0.012885205939003956
2015-06-17,0.020678165471547084,0.020826036913841314,0.029819053803159003,0.008541186151183044,0.015033578705617508,0.012906835268746667
2015-06-18,0.019739104227379636,0.02076084962049019,0.028925768534207887,0.00843067594441611,0.014710429123988168,0.012666528465010344
2015-06-19,0.019046442671131463,0.019886194617390843,0.02903263934538065,0.009337968043344684,0.014679735647960972,0.012435822279486497
2015-06-22,0.018797561896855206,0.019972151651011218,0.0281791921289118,0.009161463535343693,0.014379423894389662,0.012558498625992023
2015-06-23,0.01799776490701658,0.019125856498823323,0.02856560963882545,0.009529922698497964,0.014082452646948278,0.012330230217246869
2015-06-24,0.01855221420274561,0.019041648280235645,0.027452992011652584,0.009448301950633297,0.01491389736474824,0.012635707974828509
2015-06-25,0.018222184208554777,0.018820877901044267,0.026624531351945414,0.009294225617824236,0.014682124785647035,0.0124355989006765
2015-06-26,0.017752935815085493,0.01805990844043701,0.027374905388631438,0.0091228248229002,0.014381619054675034,0.012206371815601606
2015-06-29,0.017042676872567573,0.017287698384335772,0.027608715507059466,0.008955627355573063,0.014113567474296942,0.011983964515967735
2015-06-30,0.0178717714634718,0.01774020025047669,0.026748338708703613,0.008840524867286936,0.013856556835441904,0.011781313320133975
2015-07-01,0.018148041348979457,0.018681856427304706,0.025876956689047322,0.00877897349764339,0.013667905056707862,0.011637143189457324
2015-07-02,0.02221710702531995,0.0195615669790604,0.025475710814309126,0.0086377209533952,0.01338809351332769,0.011468494804863692
2015-07-06,0.021162636350027943,0.018686301547612045,0.02486762011228278,0.008562032304950751,0.013119908315594913,0.011269837353393406
2015-07-07,0.03261934679695916,0.03430419098152992,0.025023031135943608,0.008581169591135814,0.01313522675221609,0.013324096457523414
2015-07-08,0.030877394579640446,0.032541299126742355,0.02452014918202808,0.009216134634793512,0.01712884978350967,0.015175782401424906
2015-07-09,0.02953651370339892,0.030860906308985928,0.02389673297635557,0.009237298742505477,0.016985521401922152,0.015505621443436304
2015-07-10,0.028755561837338326,0.030431044394083506,0.023473006017735804,0.009102570954228622,0.016844815664845348,0.01580962384959884
2015-07-13,0.027244308762243027,0.028867735116250702,0.023133819361102512,0.008939386816844554,0.01655487412509323,0.015515971517100172
2015-07-14,0.026059374200601088,0.02781602075799131,0.02444417972617293,0.008792261863357423,0.016186981945852438,0.015214096361416785
2015-07-15,0.025206847645106046,0.02663279568859847,0.023705991477614968,0.008645094081731686,0.015957629856373452,0.014930843727697289
2015-07-16,0.025960231925389467,0.026534085608696925,0.024243818576173432,0.008573443985417852,0.016092327611106863,0.014674594988922159
2015-07-17,0.02485271166985713,0.02532159822375487,0.02433373133621695,0.008452377706594705,0.015761963534313635,0.014377466871820774
2015-07-20,0.023609160023787767,0.024070099357445827,0.023508790164308787,0.00860812096356713,0.015564853045341602,0.014271572133417454
2015-07-21,0.02296043123587994,0.02340914051649513,0.023240762231812605,0.009682252243541453,0.01526503085897437,0.014095774522019835
2015-07-22,0.021879833022594372,0.02237328537619146,0.023250971755068864,0.009518029846174288,0.014935858218772325,0.013828136729610856
2015-07-23,0.022192678073386218,0.021918897787146677,0.0224863110880888,0.009621889370783253,0.01463807558490276,0.01411852525713124
2015-07-24,0.021713178868379705,0.021459160810643182,0.023375989661770225,0.009444527810597516,0.01433383674417563,0.014409890481439274
2015-07-27,0.020809647878286493,0.02080587419685874,0.022982600352952215,0.009412296824138449,0.01438431983508915,0.014125902591027528
2015-07-28,0.020510447915985778,0.02096373669412942,0.022225298964941506,0.009447067500936199,0.014192194106941565,0.014119471146969756
2015-07-29,0.019934015616544898,0.020023431924237816,0.021734058617992106,0.009267004746164065,0.013905441748465662,0.014570374983025727
2015-07-30,0.019724069106939378,0.01911950247377703,0.022076353646428504,0.009123641384654763,0.013705264515662806,0.014281600576696902
2015-07-31,0.018950265926977027,0.018280243390025316,0.024814814311597776,0.008998243994032224,0.013440773077174553,0.014191372165619935
2015-08-03,0.020445297861899827,0.018702145751999136,0.024603411514918093,0.008910229769210293,0.013194066749123738,0.013966271145332878
2015-08-04,0.023758513563815295,0.02442964017846573,0.02395515339067557,0.008819304602147093,0.01340138293252356,0.013808988346806104
2015-08-05,0.02290745405876718,0.02340949962655678,0.024088720334752546,0.008663282442775819,0.01314043337006232,0.013620811245160583
2015-08-06,0.02221637492112491,0.02243224010203052,0.023280507446380872,0.008572099959999193,0.012878998950428946,0.013400192964506149
2015-08-07,0.02146736264721673,0.0213725036681721,0.0225170580845774,0.008460224051774844,0.012765130227642385,0.01314981167898626
2015-08-10,0.021276172291421192,0.02121205382452302,0.0218173582182275,0.00834280357334809,0.01270704643223615,0.012912924456203463
2015-08-11,0.02166324500069214,0.023154897422007836,0.02158968715747998,0.008405402546499945,0.014287592323294877,0.013911497402254345
2015-08-12,0.024771710149302656,0.023389039786222688,0.02088158194975986,0.008282540257519878,0.013987441764604966,0.01484909095875682
2015-08-13,0.023576093406061576,0.022453812734918394,0.02211970776943629,0.008621735277954103,0.013973657552757672,0.014644185598703407
2015-08-14,0.023835613087510085,0.021579142842631037,0.026269920170771108,0.00859539162930655,0.013729899921436545,0.014353434376181863
2015-08-17,0.02273716159148712,0.020609870356543283,0.02531556498534714,0.008466355336374182,0.013721495734533976,0.01406676171716417
2015-08-18,0.022189406224783822,0.019663379753835815,0.025673402328982367,0.008380287485746046,0.01349570500217757,0.01407615706710375
2015-08-19,0.02182504179583169,0.018840318416897695,0.024868717411339197,0.008246140090663977,0.015224175577893795,0.014171136589992018
2015-08-20,0.025059344495940536,0.021030248247123396,0.023989948098101288,0.008343461040864659,0.015972338390402515,0.013950915511358335
2015-08-21,0.02392577343230143,0.02039409621999101,0.02350928345488729,0.009333836874537779,0.016378374473830726,0.014134926983913176
2015-08-24,0.02340686379991738,0.021033774240630684,0.02435011785296152,0.009224675758764704,0.016314410636130837,0.013932627782171879
2015-08-25,0.028599055864828693,0.028157237791715035,0.02366686045268093,0.009128397809160244,0.017846643554858488,0.014099040588171989
2015-08-26,0.028416005928076127,0.02698180173730172,0.023151463744626666,0.00939117977918231,0.017585029211881955,0.01464762892278345
2015-08-27,0.02757185856193854,0.025633266675586783,0.022359463622864992,0.009560932036447959,0.019304747932557705,0.015796163344083392
2015-08-28,0.04034640117640875,0.038963019641673105,0.02250597985932816,0.009388169484539813,0.019738106239315215,0.017189171782741434
2015-08-31,0.0425556341593317,0.04014838457743866,0.023365071431825504,0.00940279675856211,0.019342126863044293,0.01685404657452243
2015-09-01,0.04811118122825527,0.04522549519939747,0.022744137832030383,0.00923007562845778,0.018890325417177698,0.01651358664258717
2015-09-02,0.052040771425821114,0.051016315141671494,0.02200474932704828,0.009139901793591275,0.018449758418553085,0.01648282374829782
2015-09-03,0.049348849851676695,0.04857509589423004,0.022149153454597635,0.009050069373019234,0.01802930613652185,0.016357813330917598
2015-09-04,0.046615671103137614,0.04594205270459951,0.0230422272120594,0.009041889852557265,0.017618214041061748,0.016770476302554675
2015-09-08,0.04421975480963943,0.0439758763351938,0.02361589979751223,0.008898931789848904,0.017379596011375228,0.017573016808034633
2015-09-09,0.0417083868880671,0.04160547655877355,0.02357678853217135,0.008738769803829378,0.0172627174052529,0.02008324721778863
2015-09-10,0.04136000217984672,0.04133523779927036,0.023718554130718817,0.009254900435296557,0.017093554586389476,0.01963650320882351
2015-09-11,0.040903528573148676,0.04000553751190612,0.023145646183619237,0.009173498955040995,0.01673088466282195,0.01922458794015489
2015-09-14,0.03967169296802565,0.038183386682916425,0.022363114901050515,0.009081151631865297,0.01650046233821294,0.01880836851975181
2015-09-15,0.03773026495443092,0.03803065829833961,0.02273645163983019,0.0089425694314449,0.01625981632173211,0.018855008935468254
2015-09-16,0.03585263309346926,0.0360431968033541,0.022216613777861584,0.008835407671381466,0.015905916366589515,0.01853192431429038
2015-09-17,0.038119710074843834,0.03413704273205989,0.022807709079606588,0.009177104469881785,0.017733998069628148,0.018249788280702908
2015-09-18,0.03603576914896511,0.03610784072173432,0.022045828365716842,0.009015949914443062,0.017380873625542526,0.017851102861307564
2015-09-21,0.037408757164169935,0.03578146452241359,0.02200287845481692,0.009612894494854416,0.017182673217559095,0.018331042817344535
2015-09-22,0.037881969107517593,0.03514608468526494,0.021608914871898883,0.009477139804856032,0.016811561347635035,0.017930276893979025
2015-09-23,0.0362632023421878,0.03330556267289893,0.02090251882966812,0.009424397225504309,0.017838491313305643,0.019338705014066312
2015-09-24,0.03558048690552078,0.03273738312992806,0.0202646698865012,0.009314908021723703,0.017428403812799597,0.018910820690514904
2015-09-25,0.033736121803190855,0.031141071337342344,0.019796151166738118,0.009957901744317028,0.01778139947711072,0.018501860575797988
2015-09-28,0.032335052565901835,0.029650858676679208,0.01947797320648461,0.009869725562273179,0.017370150115366977,0.018195315253204697
2015-09-29,0.03190338440668142,0.029333027660123367,0.018908523011474165,0.01002094400442883,0.019006678037317305,0.018100356207742946
2015-09-30,0.030670977769379184,0.028414926986925132,0.018557826015894348,0.00986749183392742,0.01856046401599073,0.017707865963802777
2015-10-01,0.02905059359918889,0.026982428045622005,0.019510069150355636,0.009921350258038631,0.01814348290006529,0.019206768013807246
2015-10-02,0.027642325148540193,0.0260233728478629,0.021978710121407605,0.009728844001996391,0.017718810393900167,0.019094851648559286
2015-10-05,0.02676199450160022,0.024882730776953067,0.021351075080273375,0.010399613741258322,0.020635655486109537,0.01877277555639167
2015-10-06,0.0258324035673521,0.024700147378951664,0.020659091292260876,0.010186232519717855,0.021124863586187797,0.018552389008692334
2015-10-07,0.028737113863909494,0.028654274363198305,0.020147722492023436,0.010092935401281198,0.020970972706406975,0.01814575444862808
2015-10-08,0.027661634750161316,0.02744179285501117,0.019536391348411338,0.009894961404550054,0.020514004467667647,0.017781463365859323
2015-10-09,0.028199364580162967,0.027986166428278864,0.01916832162467968,0.0097351694202064,0.020539723447827254,0.017534925211273023
2015-10-12,0.026745699239961947,0.026682236505596493,0.018622359382484667,0.009755563931368368,0.02005232743563089,0.018201510194684543
2015-10-13,0.030387643082549532,0.030589297191459083,0.018513312938055627,0.00967564003036122,0.01957855704198344,0.017804958278335524
2015-10-14,0.028934359568948086,0.02928732900151308,0.018568427610688637,0.009487281608706665,0.019117692567434882,0.017592336872693393
2015-10-15,0.027409618949496926,0.027797086105880456,0.01820541131954374,0.009623855544543486,0.018877354724456234,0.0173819820114896
2015-10-16,0.026059246860898385,0.026550763504962663,0.01943299227309676,0.009525428904868105,0.018441827567300367,0.017014010949822925
2015-10-19,0.02539549702701109,0.025222006019728037,0.01909247541998565,0.00937782479898172,0.018021319379977908,0.0167342713456584
2015-10-20,0.025908713158982848,0.023992522518948414,0.018599215037285302,0.009389421721429696,0.018011650258988463,0.016675603848652562
2015-10-21,0.024718766930403042,0.022831897970774943,0.018538763451834837,0.009242064806690837,0.017622087323265895,0.016322351786306963
2015-10-22,0.02362758220336244,0.022466547647178137,0.020146374434099244,0.00926661987498415,0.017466858371890232,0.01598631518589867
2015-10-23,0.022495154366586844,0.021443581322947568,0.019673726236741823,0.009095752452880568,0.01715563944522351,0.01574947276885463
2015-10-26,0.022152395281246556,0.020453122454014157,0.0230906793749327,0.008951748372671164,0.016761803095193477,0.01572524623293245
2015-10-27,0.02159571174965371,0.01975293589106723,0.03830167255707757,0.008808732635163028,0.016419652687053032,0.01540684922887618
2015-10-28,0.02139462034653715,0.019499268068012627,0.03688594322037097,0.00865188620397452,0.016060465425295756,0.015088650797910708
2015-10-29,0.028074140094468635,0.02361799305687632,0.03635986166544207,0.008678809328676103,0.016790691253736955,0.014783566297644275
2015-10-30,0.026614134710825205,0.022538810870284632,0.04685325943933072,0.010090358039672136,0.01944819204862995,0.014905043624463613
2015-11-02,0.025480746787134273,0.021981284568682504,0.04551086482188832,0.009948008215850629,0.01898507328679004,0.014602812252484117
2015-11-03,0.024407679087538967,0.021531668624571895,0.044323932152231474,0.009812052916756311,0.01866614590647469,0.014308397521835308
2015-11-04,0.025966650864560896,0.023249451511590004,0.04234893692894397,0.010434130273913204,0.018391980943882818,0.014056887484472662
2015-11-05,0.026900202434063755,0.025400872881455788,0.04048900215558012,0.010329077154708892,0.018157888565430897,0.013796414834041829
2015-11-06,0.02671253322779764,0.02447101626631343,0.04089361043085538,0.01012802045043794,0.017768237688249203,0.01481861190194081
2015-11-09,0.026184973184516534,0.023576793098106966,0.03910313116546797,0.010439720128969878,0.017904625347546065,0.014563013140742829
2015-11-10,0.02505008795274975,0.02249465331894895,0.03852710729367515,0.010224336334586206,0.018001754734543567,0.014312462185491773
2015-11-11,0.023899110533809408,0.021480317134774683,0.03693902757171015,0.010016364470633707,0.017608197370134394,0.014086657677064995
2015-11-12,0.02461493634498222,0.02325933513389532,0.036156186086110716,0.00984312185163892,0.017263481317482725,0.013806861765127982
2015-11-13,0.025054984574584174,0.025316905766379925,0.034613472725146074,0.009682719490798297,0.01687707030669403,0.014163252785445302
2015-11-16,0.025078955256508766,0.024292105097186538,0.0356314267894706,0.00949391621108494,0.016495468006842064,0.013885036887961616
2015-11-17,0.024971535549161185,0.02310800193480878,0.03424027523086975,0.009324267601967555,0.016124623558247845,0.014533195150925462
2015-11-18,0.025157642521436187,0.021998340913611095,0.032851153919452786,0.009613307554069946,0.015784651801328566,0.014297107474371431
2015-11-19,0.023895117937428347,0.02133205405454778,0.03164317320570335,0.009426843555919738,0.015501232847536102,0.014284223940500463
2015-11-20,0.02278903308083851,0.020338323286005152,0.031750929774256836,0.00940301545927362,0.015370735870403704,0.013999838142554344
2015-11-23,0.021732047138184156,0.01968506826870032,0.03534164976868609,0.009231581267297001,0.015187798477734384,0.013915825206123958
2015-11-24,0.023134326255581886,0.018831895668591957,0.0349869762348111,0.009260620587591788,0.01489279544144438,0.014100516757383812
2015-11-25,0.023491030262853103,0.02002919336203429,0.03353588522881566,0.009191178732026756,0.014707306057572714,0.01424091879960711
2015-11-27,0.022368239768542783,0.019122796037728974,0.032139873229941135,0.00905531694740834,0.014392550142038987,0.01398924854187534
2015-11-30,0.023575083997285817,0.020416650110901685,0.030820966693729964,0.009335485014962971,0.014316865776931722,0.01372406166834342
2015-12-01,0.02242887377691841,0.019570079891687832,0.029720278951521028,0.00933501856414191,0.01403023633189385,0.013470804098775754
2015-12-02,0.021398655207180203,0.018737762233009894,0.028535375968022927,0.009169778132558341,0.013738267266281587,0.013389256475331986
2015-12-03,0.025294709000228184,0.022819876113026022,0.028894722924014803,0.009207005847896004,0.013511696856070097,0.013684881382771913
2015-12-04,0.025557465669787803,0.02378833743761211,0.027830072746478973,0.00914272130971484,0.01328805750979244,0.013688275329809823
2015-12-07,0.025822701136681357,0.023454681779405163,0.026752279331837145,0.009963708808296626,0.014803689490000962,0.013537004512276579
2015-12-08,0.03106894012673925,0.028095032726569803,0.030813204885960965,0.00989838781437772,0.014809635549862074,0.01361408193074204
2015-12-09,0.02943010974509113,0.026929554635581936,0.02956163345437295,0.009702144368929192,0.014886769002363244,0.01335202224108582
2015-12-10,0.028046214712093013,0.025608430333386573,0.02840675619219787,0.009514139381434918,0.014610266416680093,0.013146767005911032
2015-12-11,0.02682215970141707,0.02453235249447895,0.028183329793333153,0.009377797941360821,0.014354381752486052,0.012903425987569137
2015-12-14,0.027386225177191564,0.02752183446010682,0.02735232810833953,0.009223506396525303,0.014510819313260346,0.013353877534340782
2015-12-15,0.02662718822203234,0.026133169173094203,0.030266311006980448,0.009370808098453153,0.014546145627335885,0.013103254793487916
2015-12-16,0.026736109768617178,0.025190370596168767,0.031337262582109074,0.009202402947008631,0.014286199513164323,0.013924274592719972
2015-12-17,0.030021826687674582,0.026155521085840343,0.030542008969936755,0.009470364218560495,0.01592124585163959,0.013683753163150854
2015-12-18,0.02891022838394657,0.02485217069684104,0.02992079867895455,0.010724519969302602,0.01776870435359234,0.013692346871175813
2015-12-21,0.027471175433475534,0.02377648832186654,0.028783634951909734,0.010904422141281131,0.018484293897916903,0.0150735736302782
2015-12-22,0.026044409821799043,0.02309123793003602,0.03627473599097417,0.011075684378864754,0.0183765598300319,0.014977853800818251
2015-12-23,0.0276214631602497,0.022088869840855244,0.03492349560364993,0.010932909136269778,0.017944194625381167,0.015015974642656738
2015-12-24,0.02860610402046134,0.023538594635386097,0.0365239102226613,0.010758330829794492,0.017530022953667818,0.014774688405309043
2015-12-28,0.027532846970724695,0.02281087261308419,0.0356137960841263,0.010629584903503459,0.01718259842358659,0.014474636089533728
2015-12-29,0.02835253678749887,0.02423931245128917,0.04416354951115671,0.010496242939979736,0.018531700531910576,0.01488888283952755
2015-12-30,0.028274181829156437,0.02502832516981216,0.04617467895053447,0.01035845570687127,0.01810766507045187,0.015686314662001995
2015-12-31,0.028949565804718726,0.026343779026081385,0.04878275541963559,0.010713044015503919,0.01776257796286844,0.015401387089095024
2016-01-04,0.027658799089183162,0.025950384704815047,0.04930407879242819,0.010488375079433905,0.017361429569889723,0.015128062579106705
2016-01-05,0.026344938229187397,0.024666593637990952,0.04707142281075693,0.010646631270231053,0.016973808770814065,0.01580644114892281
2016-01-06,0.02596958962258254,0.024448629943929604,0.04496888331989983,0.01043954289408659,0.016718425105538445,0.015576359693740749
2016-01-07,0.030682007192845497,0.030342702829823927,0.043643134597235046,0.01052720132963319,0.01633863969836071,0.015276186753161107
2016-01-08,0.029814496903942687,0.02913174050143991,0.04424832730567351,0.010710698829192346,0.017040255008725903,0.016374178085068438
2016-01-11,0.028254985758100197,0.027712179384390828,0.04369856060057725,0.010661734053142637,0.017969240533750562,0.016028133913411173
2016-01-12,0.0318927804508893,0.0326431025298912,0.042820673678487235,0.010443482151058399,0.017570999660696876,0.016520285936189552
2016-01-13,0.03181320214743679,0.031725450196417024,0.04474273020619802,0.010448862810868627,0.01726587717977712,0.016247246380836293
2016-01-14,0.030094880895945048,0.030617836473803017,0.042769182917020504,0.010237372294535318,0.018063370075388215,0.0159076878873046
2016-01-15,0.029390250824659073,0.029927939050753385,0.04460557084575922,0.010379391564493256,0.01881466110535497,0.01572060079930667
2016-01-19,0.03356526591047717,0.028391903621567943,0.042984624072438166,0.010687556091461098,0.018519335377981446,0.015763623218006985
2016-01-20,0.03347591350388846,0.03585856609837532,0.04110011289074365,0.01047032863794931,0.018434302369745414,0.015844171226610165
2016-01-21,0.03863092981670589,0.03535311933018584,0.03947051684336423,0.010733859815004488,0.018009097052574623,0.015628702981916705
2016-01-22,0.04951309358196418,0.036654284150136676,0.03784576752130807,0.010625104787359601,0.017618148952144475,0.015783495570704437
2016-01-25,0.053968265102224286,0.04572079101594558,0.03620888568519204,0.01041213072591874,0.01722177746999859,0.015463348395716857
2016-01-26,0.054234066359367734,0.046416235507758426,0.03475430924679911,0.010326059600836905,0.017107011622870746,0.015147402879929326
2016-01-27,0.05229641005075348,0.045769642676303596,0.03341459163648629,0.01049842426875344,0.017361032591647774,0.015350325149929947
2016-01-28,0.049955387931273604,0.04503884074810407,0.03203745641148954,0.010340215707458711,0.017037303621060415,0.015311963278312933
2016-01-29,0.04787224090702929,0.04321813002266575,0.030734306171875156,0.010129525218357296,0.01701132983549658,0.015067159693611045
2016-02-01,0.04526447740409747,0.04159611883162293,0.03330851507202945,0.009925151970335043,0.016622904977685003,0.014832291161664249
2016-02-02,0.0469535981034914,0.03936396388883896,0.03759293160280794,0.00994199840616239,0.01631912849020257,0.014589174567830878
2016-02-03,0.0478103142483018,0.04154789564903091,0.0404088305166398,0.009745469782576848,0.015973958817919423,0.014294495837122551
2016-02-04,0.0511856961578769,0.044726305235667924,0.038679069288283435,0.009872675333231544,0.017038932374691694,0.014562741789001838
2016-02-05,0.048561876331502926,0.0426396277475195,0.03832844562330745,0.010092995950820987,0.016738640789488578,0.014694708491632602
2016-02-08,0.04655990894632409,0.04051619693093931,0.039065904992522944,0.009889622166858398,0.016394821155072486,0.014657451078813711
2016-02-09,0.04569325563582922,0.039925330430432976,0.03893058790673827,0.011946041043014676,0.01869031622543528,0.014413797666079054
2016-02-10,0.0472432719543244,0.045558402031206036,0.0377270904986167,0.011680516887398637,0.01825234711907252,0.015013186145557932
2016-02-11,0.04490265494605658,0.04340506243019148,0.03689960229029866,0.011448783550105176,0.01799010213124855,0.014775086704823921
2016-02-12,0.04484961327581255,0.04185603913294181,0.03617553666092527,0.014338186329246484,0.019039012554766824,0.014643193702222753
2016-02-16,0.05593052576380473,0.051218699658520085,0.034901312644404235,0.014080143351036599,0.01858626866220286,0.014535723285759906
2016-02-17,0.05286564347983241,0.049735921376019156,0.034859907253037156,0.014750435576591949,0.019293907953471315,0.01441254569060324
2016-02-18,0.05262418555096758,0.05177837266049349,0.033919901532268135,0.014403799787401837,0.0188429991915854,0.01433986831791735
2016-02-19,0.04958298292642833,0.04899311230076785,0.035537198680255164,0.01427704967365144,0.018412708706664116,0.01405557567598972
2016-02-22,0.04824206830775978,0.04782988604882338,0.03495356674049307,0.013952566939919957,0.01800027495625796,0.013781340096798086
2016-02-23,0.04923369904681759,0.047787489038597114,0.03358287219961785,0.01409450956777307,0.01779733331145708,0.014004889755453644
2016-02-24,0.0465449240103018,0.047069098023927766,0.03284982808989025,0.013921318935193773,0.01740168751555282,0.013755729226195225
2016-02-25,0.04395292063388965,0.045720100985974226,0.03149298825353317,0.013856385036259194,0.017019454354855735,0.013521596751703526
2016-02-26,0.04236326887413311,0.04394000627350172,0.03237595715107801,0.013530442571798822,0.01673513346960886,0.013604048346391822
2016-02-29,0.0400689515718222,0.04160476153706443,0.033907823788996726,0.013588498334197546,0.017839723858308162,0.01432975172807714
2016-03-01,0.03888164903294558,0.04008737089677055,0.035315963102919706,0.013469919909551282,0.017698448071399364,0.014077429233295453
2016-03-02,0.0371667395109351,0.03794079558630191,0.03422872766131954,0.013172508497545253,0.017462735320971364,0.013852244156473115
2016-03-03,0.03516635589990726,0.03685070983474105,0.03470224109263802,0.012984584162970731,0.01752923449927134,0.014006002977496523
2016-03-04,0.03324123357064422,0.03491246946497666,0.03400136675878647,0.012955806154603448,0.017226070242347284,0.013958814729150353
2016-03-07,0.033623420223540625,0.03573029978880347,0.0329264105960408,0.012811399948430583,0.01861072792288216,0.015000767142994174
2016-03-08,0.03595556430148547,0.03768207928972549,0.031834845747120186,0.012571679943611351,0.018190598392939798,0.014717353735613049
2016-03-09,0.036049034413259705,0.03688152966367351,0.030759326679063902,0.0122881833236834,0.018096565934483676,0.015535476376103722
2016-03-10,0.0372008731742852,0.03658785165618303,0.030294206747962557,0.012050647460198564,0.01767832241019497,0.015248469380725193
2016-03-11,0.03534578786744162,0.03555187079713035,0.02968730059399892,0.012034333274791859,0.017483859912236947,0.014983735507122327
2016-03-14,0.03381225198722118,0.033770341861925034,0.02903655041397733,0.011977980720101606,0.017100929185594596,0.014802762684611939
2016-03-15,0.033870168262707494,0.0327202996374463,0.027889602338552866,0.011961548475042097,0.01675841465308946,0.014502965517548762
2016-03-16,0.03285968545240438,0.03166879205003223,0.02729222749517368,0.011941292627243898,0.01681822550218849,0.014223531337456723
2016-03-17,0.035794651419325356,0.032515883976597375,0.02637273074978035,0.01167846979254039,0.0164464215706565,0.013939619097555755
2016-03-18,0.03653332793704953,0.03214942222380786,0.027523316177239247,0.01279965024853372,0.0197775098192968,0.014640658174193476
2016-03-21,0.0350588904997133,0.03059317620273044,0.02686126515239197,0.012639219588191919,0.019540232357409506,0.014373186791563202
2016-03-22,0.03331860970544885,0.029119998336045363,0.028847345582574575,0.012471132414938553,0.019077896883332487,0.014111694084385975
2016-03-23,0.033641072471035316,0.027689098372486596,0.028267029503364228,0.012206362164228567,0.018630259518383117,0.013840028683223255
2016-03-24,0.034395415997637395,0.02817590519909661,0.029477655348158494,0.012640910322803258,0.020211061611495457,0.014468030205230263
2016-03-28,0.03262676441508971,0.026748117541955104,0.028363477948880403,0.01236115562340174,0.019751277706903905,0.014189722760500335
2016-03-29,0.030862258940288333,0.025446435319366422,0.028089383552549956,0.012086244027518383,0.019276529503204264,0.013992248492758525
2016-03-30,0.030625936439178266,0.025807152849757008,0.028366766078701658,0.012094229536301897,0.01882634449379008,0.014068096780246285
2016-03-31,0.028986160049124802,0.024540047949354212,0.030759419550097245,0.011922449551911843,0.018386039726913782,0.013944724605469803
2016-04-01,0.027456202527992028,0.023482225550396706,0.030060802344791058,0.011715056095707619,0.01832616133909569,0.013680811091872313
2016-04-04,0.02919955425663031,0.02235096118728681,0.02885499705422849,0.011646256595821618,0.018915311876371015,0.013562597289134599
2016-04-05,0.0293030911772728,0.026651264039301494,0.028418226454004606,0.01141712000297866,0.01852733039732566,0.013490849197463507
2016-04-06,0.027792715229336275,0.025354423269656746,0.02813540724482285,0.011296256980439593,0.018267151490046502,0.013233015387879828
2016-04-07,0.030728252721149537,0.028797183380828838,0.027875593746226408,0.011103183101234902,0.01786255162254978,0.01298814381022518
2016-04-08,0.02939815911343654,0.027531582620991736,0.0313591271079691,0.011093657639087902,0.01751225140499814,0.014333453217309531
2016-04-11,0.03431546004512814,0.03243621658834459,0.030382000337725482,0.010900636287990767,0.017419320343552546,0.014094073200298755
2016-04-12,0.03279735132544825,0.031419120155139375,0.0315788236244328,0.010911444982483118,0.01897902366846849,0.013814894020064295
2016-04-13,0.033908941510001116,0.03258265165273993,0.033382722743302305,0.010686642215911328,0.018835818866016377,0.014624210172732983
2016-04-14,0.03221690938559958,0.03110298848247537,0.03232604603302085,0.010681557931286771,0.018442072152378114,0.014486200843992311
2016-04-15,0.030546382950670244,0.029600649478569503,0.032568687584248995,0.011100191503641636,0.01813315268173878,0.014197591963875194
2016-04-18,0.030275582932008653,0.028601820320564263,0.032992848594415335,0.010939501515423094,0.01781066873106269,0.014039921391471177
2016-04-19,0.029050031932134294,0.027186013043531784,0.0321562006695841,0.010707148692923591,0.01741613763889199,0.013806660144472493
2016-04-20,0.02927841909235099,0.027016806018396754,0.03789288084284249,0.010949352387096472,0.019553962938091255,0.014633054704649625
2016-04-21,0.030037903683950637,0.0284235749939851,0.036365502547946044,0.010716715162412443,0.01920213713291724,0.014441191138758771
2016-04-22,0.028701354143378557,0.02840644604267111,0.034808783858155085,0.010519629445373616,0.018753904647367474,0.014178512607753532
2016-04-25,0.027459726442815774,0.02724998832832191,0.03486196635328829,0.01086755622495186,0.018480979317957676,0.013979319409369138
2016-04-26,0.027282084344571383,0.026265445393760224,0.035192903957731274,0.01076382343389044,0.018100973126592722,0.013739674438598517
2016-04-27,0.027752696796399735,0.026407156256425292,0.03401910287499021,0.010548427467205926,0.017725252259911978,0.013504757500149588
2016-04-28,0.027792345229851776,0.02685988223283285,0.03307185176757719,0.01038721472976509,0.017467699890923866,0.013505230685419489
2016-04-29,0.026755735115222036,0.02625467092123584,0.03395022522792952,0.010504582831297413,0.017399514404063596,0.013246925763490482
2016-05-02,0.02539494068811212,0.024944968582517518,0.03542870019310374,0.01095729635494786,0.017253846967493474,0.013921091796689357
2016-05-03,0.025444098509750376,0.02371906772815025,0.03913329625853064,0.01075511249520587,0.0169411141574106,0.013745247834906436
2016-05-04,0.025530032179355358,0.024298392629271744,0.03795741349774703,0.010552832154156887,0.01671651291410486,0.014180816248170764
2016-05-05,0.02424946475475255,0.027381210456983766,0.037129200335010784,0.010727116983100334,0.016533299498666557,0.014223779631629165
2016-05-06,0.023343077014550306,0.026132647613556822,0.03674849455165006,0.010508717830450653,0.016161948232279108,0.014284277764929854
2016-05-09,0.022318161702715864,0.024945106363139354,0.03534441994747523,0.010839321247132437,0.016013767415836704,0.01399863227983914
2016-05-10,0.02305572592833861,0.026730386208537335,0.03384608021723719,0.011520332121129889,0.016645232084121574,0.014485857944218616
2016-05-11,0.0235612816132371,0.02860009903373766,0.0334927087671548,0.01127392570367423,0.016267474370054835,0.014266314697492842
2016-05-12,0.02485814016245199,0.03048484640752851,0.03215234875207955,0.01115714704189867,0.016169163901560132,0.014020627283563285
2016-05-13,0.023806003152658038,0.02907250306656285,0.03093424215981257,0.010944473198332498,0.016053376599773374,0.014032404128082503
2016-05-16,0.0229049377810801,0.027641498020370203,0.030855840819479695,0.010713666100985035,0.015698421588474062,0.013755074093836146
2016-05-17,0.02398425929701407,0.02723261203445764,0.031205754265032973,0.010490405206739748,0.015354744800392223,0.0135748055708492
2016-05-18,0.02310130368147819,0.02592918810102735,0.030052426040209503,0.01028054266977172,0.015065708649939247,0.013310347803900517
2016-05-19,0.022001117063294173,0.024749074450330824,0.029700324321860427,0.010081795324879078,0.014816082647710773,0.01309916131290182
2016-05-20,0.02096291566419791,0.023549723371382614,0.029047187527443882,0.010403748508463949,0.016818103196630317,0.012988886528273175
2016-05-23,0.020203680500596538,0.022421161268400294,0.02808507679871277,0.010196156661225184,0.01644312663619248,0.012751717385983545
2016-05-24,0.019399658850431215,0.02149914697538343,0.027009524712529785,0.009993174759235888,0.01614087457601723,0.012512951242637316
2016-05-25,0.01885481224080043,0.020554301550279378,0.028321941962099823,0.010495883037548398,0.015955515133968624,0.012336287442679823
2016-05-26,0.01898587545651147,0.02085302332843368,0.02726364401698046,0.010325216335012074,0.015601353401410728,0.012605465339704887
2016-05-27,0.018183186399603757,0.01991745792392575,0.0265981944199959,0.010134284456069365,0.01529818963010681,0.01237084354890709
2016-05-31,0.017466952326890824,0.01910261932080706,0.039386232723121466,0.009994697474431082,0.015018135760732394,0.012163102600736147
2016-06-01,0.016851860213710403,0.018394203319268405,0.040917125137602796,0.00979522364772187,0.015178633632122445,0.012058537308504046
2016-06-02,0.01622299068203215,0.017597685210285784,0.040886042213872376,0.009618717172286602,0.014877954261904964,0.012109751471851084
2016-06-03,0.015652222365994627,0.01697149430439423,0.039196844442326906,0.009441619568468198,0.014621585200298139,0.01189505867415026
2016-06-06,0.015559575579982434,0.016482544048964664,0.03750080306383013,0.010550364450420792,0.015056904267772082,0.012411670702452778
2016-06-07,0.016454828621341466,0.016777107494483717,0.03683392120980539,0.010353650882069838,0.014771537992878054,0.012190924103971905
2016-06-08,0.016355053326614057,0.01696338539681496,0.03526202306318795,0.010141725235287164,0.014472006790672403,0.01368680290823252
2016-06-09,0.016601433459450643,0.017459182245680566,0.033774218295640104,0.01024103379880224,0.016213376023840702,0.013465751346278865
2016-06-10,0.016553838812619046,0.017080333686626953,0.036809514375717646,0.010164666448935416,0.016275035846498788,0.013407868024279419
2016-06-13,0.018619812965028022,0.018545460565436565,0.035956528691686605,0.00996903161343314,0.01592835627601304,0.013179871686805216
2016-06-14,0.017887461775322588,0.017784345982444893,0.03457845598842692,0.009918892637326718,0.015639469624256223,0.01318747802664625
2016-06-15,0.017369939555950887,0.017355676959626986,0.033184309733333965,0.009722337915961806,0.015296030795434273,0.013006110653698283
2016-06-16,0.017008660444625946,0.017531160351086955,0.031820030563705366,0.009531957078727848,0.014994762729566362,0.013664234517727096
2016-06-17,0.020437768695676442,0.02045599327064232,0.030566253961898333,0.00948145607864621,0.014729594286755642,0.01410588744067932
2016-06-20,0.022763296124579276,0.02331792197141867,0.029729226045575464,0.009321854846039918,0.014627245741608168,0.013827083077764393
2016-06-21,0.023410653317112107,0.024016246767081414,0.03170108395024974,0.009157709479126754,0.014374015741878774,0.014155082326138125
2016-06-22,0.0225441912470922,0.022849381607467252,0.03047710945079255,0.009547708983702424,0.014286418606146404,0.014051926223863065
2016-06-23,0.021525705410195085,0.02225854509609602,0.030958647198332342,0.00937555421352088,0.013985989157611208,0.013892784937470141
2016-06-24,0.021400751240129367,0.02211766916690595,0.02978232296877227,0.0092730729938297,0.013705905382823163,0.013878244107196484
2016-06-27,0.026031965074506874,0.02636503796676302,0.028885626736547758,0.013058842377030968,0.01451949408277217,0.014515152986812482
2016-06-28,0.026290691381245464,0.026380977844981394,0.028370976866059744,0.012761333801375898,0.014222822295156045,0.014289756280968837
2016-06-29,0.02689149036893756,0.026690960226268542,0.03464982153174722,0.012526727333684116,0.013977979750640033,0.01461330236793435
2016-06-30,0.028616261073299187,0.02835843473080003,0.033675367375913846,0.012309004111055568,0.015121312973129604,0.014372371296813534
2016-07-01,0.02895273755066709,0.02755612042624289,0.03286290178627325,0.012067392749107448,0.015026473482523197,0.014119864458611136
2016-07-05,0.0277330023202655,0.02618041958192739,0.03212314121180822,0.012122197695221373,0.018504471270709213,0.013968147198538053
2016-07-06,0.030773697587159043,0.02767208055803818,0.03871486123068977,0.012215053882585213,0.018428669155966665,0.014064487536522483
2016-07-07,0.029622921865172357,0.02680899478211478,0.037102194009072546,0.012003248418910949,0.01828749967871038,0.01409244461702449
2016-07-08,0.03220899179178132,0.030004919771574986,0.035521308520464936,0.011762743632910955,0.01831272892448788,0.014107146397101202
2016-07-11,0.030511744192190045,0.02855686882698521,0.0341003189281227,0.011518756448647131,0.018114851589209773,0.013833513695934998
2016-07-12,0.02926448527466706,0.0273321938244708,0.03444681156075967,0.011271409284427294,0.01783468870140849,0.013835548603645737
2016-07-13,0.031020797655216058,0.029761765389089267,0.0331723313705832,0.011507446227740208,0.017483305924755263,0.014862134862025875
2016-07-14,0.03267196718547012,0.03182890312539009,0.031789019775084595,0.011321608091839576,0.01727968298147928,0.01477024560622109
2016-07-15,0.03153924444477108,0.031049952858793254,0.030504894210098457,0.011219805884598524,0.016910840803743648,0.01447220592938367
2016-07-18,0.02988618643615145,0.02948111270809614,0.029430761819105936,0.011008360677544,0.01661566114753748,0.0142176037605038
2016-07-19,0.028751260353530938,0.02831448558191571,0.028514484048387075,0.010776092072168562,0.01626454445968185,0.013936774640213055
2016-07-20,0.027578448479203876,0.026958230744660687,0.02739670381299146,0.010557374398371573,0.015918270392847222,0.013889412647572555
2016-07-21,0.02621157604679999,0.025815966734545087,0.02750437680823361,0.01053983552861748,0.016186504235878394,0.013646376824903536
2016-07-22,0.024917299340139573,0.02540471637950811,0.02670022143430051,0.010470096427290122,0.01598568223386798,0.013383660492378189
2016-07-25,0.024029474730384,0.024410411478351844,0.02729960675994165,0.01032638543723668,0.01569632999137232,0.01328911480240794
2016-07-26,0.02415479016172072,0.024194692678633292,0.026461499475177636,0.010136658465800983,0.015356970365941431,0.013147063055624948
2016-07-27,0.02302261914808105,0.02303421898064658,0.025763003847399518,0.009932865704113265,0.015027154282204256,0.012920338150643971
2016-07-28,0.0231982974689526,0.024106168723268758,0.025217578989400934,0.009772455041458227,0.015106446885896822,0.013238858692710376
2016-07-29,0.022901626260142357,0.023626682312970333,0.032592784568141006,0.009615215403811212,0.014934192881862636,0.013130096601623448
2016-08-01,0.02205057431289546,0.02255991076887029,0.031241250840307207,0.009757190714096883,0.014705734292942212,0.012946700329230587
2016-08-02,0.024245328624201864,0.021485742105653443,0.032022998625321736,0.009570203769996968,0.014486091070817754,0.012908685784869525
2016-08-03,0.023486833528075023,0.021064733254491482,0.030995999751577286,0.009578323035033176,0.014342724798518693,0.012696533097154444
2016-08-04,0.024568784157090042,0.02221235840060029,0.03182720322521337,0.00948694134156953,0.0142629358125858,0.012501600099056471
2016-08-05,0.02475564910125737,0.022773619091596184,0.03052378086457352,0.009311181896123913,0.013967210089697223,0.0124548105841354
2016-08-08,0.02354534598100995,0.02168623314198709,0.030056547119738417,0.009786660071249178,0.015347646060901565,0.01239736403185919
2016-08-09,0.02410863746739495,0.022061471437161796,0.028973311452134352,0.00960878185227283,0.015012508140688987,0.012211371574482202
2016-08-10,0.023004174343185003,0.02122316559267988,0.0316265322251096,0.009456200295575335,0.014696200155507948,0.012074978042760842
2016-08-11,0.023345019268322043,0.02129502199932565,0.03099204232394724,0.0093054417843841,0.014814904628661767,0.012021142408211729
2016-08-12,0.025759106683021712,0.024504182971230342,0.0297560273230249,0.00913640174597129,0.014593955254454418,0.011943923457415573
2016-08-15,0.02543905960264456,0.024103807136187747,0.028841002930891056,0.00903468440070489,0.014711362129249745,0.012675127789032282
2016-08-16,0.025637260505002514,0.024617214979909003,0.027701214165784527,0.008891115037376895,0.014492552936595732,0.012480129798144562
2016-08-17,0.02497028199992167,0.0240574620769743,0.026795330677465656,0.008858770307732383,0.01418782528941825,0.012400577582352183
2016-08-18,0.02374969023880301,0.02320209546982597,0.02577134774646396,0.008791358003777883,0.014115809191345837,0.012330036244583247
2016-08-19,0.02444363628797069,0.022982966569361506,0.025559788704680855,0.008722872123742384,0.01385972536668633,0.012184767792638948
2016-08-22,0.023296063796198217,0.021881301875372072,0.02671864241943703,0.008741517369426448,0.014398600447089864,0.01196309892969374
2016-08-23,0.024274520033702188,0.023506475012751004,0.027864309873192772,0.008600278721241174,0.015082665930965612,0.012033491037394498
2016-08-24,0.024055068291073945,0.022911613418581705,0.028242667977632516,0.008459103055579337,0.01477581990027117,0.012075648021405552
2016-08-25,0.024589637833603906,0.02258414323086476,0.02738473583574347,0.008707541404566747,0.01510232699754699,0.012487825470638047
2016-08-26,0.023637841864590677,0.02184604907852432,0.026841845093481913,0.008585932474542606,0.014797383051859165,0.01225672875322555
2016-08-29,0.02255815436739274,0.020869673910806755,0.025938788402497467,0.008438107249775034,0.014615710761727662,0.012032824984397108
2016-08-30,0.021960349100667,0.02035660744841036,0.025044204747511952,0.008295865682689472,0.014370254628047675,0.011819216815287342
2016-08-31,0.021388484735483364,0.020274295733343682,0.024291773110737647,0.008360185126211566,0.01424165372133526,0.011615403075211634
2016-09-01,0.023481007221894012,0.021264614349965173,0.024228772989009943,0.008261082308144624,0.013952236828095948,0.011411394873324881
2016-09-02,0.025013260020857606,0.0202745157788311,0.025476491275093768,0.008160574347721189,0.013942726176299268,0.011214830734190431
2016-09-06,0.02543191452731368,0.0194132860486103,0.024529979561850032,0.008164291812877629,0.014500778160880806,0.011026779901837059
2016-09-07,0.02428492197160034,0.018751202643366292,0.025054051428727582,0.009046348340241166,0.01667360193829208,0.010909243774754331
2016-09-08,0.023518700172360817,0.018518273217174717,0.024581730850340596,0.008920978657610627,0.016618677634429167,0.010762183294361098
2016-09-09,0.02651627748659386,0.02181671176181427,0.027609103485705982,0.008844883100866225,0.016354772068450193,0.010589006746305928
2016-09-12,0.0278493433691766,0.024382116125488844,0.02655902652218654,0.008756572947986378,0.016377996701233976,0.010448277617704456
2016-09-13,0.0265287529631811,0.0232690368127019,0.02837289184985087,0.008729139074723008,0.016576324853460715,0.010306589346634481
2016-09-14,0.02701427251648793,0.02358173165415302,0.02726695725647296,0.00858313149454528,0.016203677647618316,0.010145966219207039
2016-09-15,0.02736312314698196,0.024000572584752012,0.026305483421249148,0.008440267417917752,0.01587591067037974,0.011222510991366251
2016-09-16,0.026038141724636536,0.023354658837526382,0.025598586303982897,0.008401836483496884,0.015525453436352905,0.011036559080503178
2016-09-19,0.025570380698424242,0.022935750680272756,0.024729916693501285,0.008359094290449433,0.015330925102757131,0.010851624883240516
2016-09-20,0.024342049359629074,0.02186572071750248,0.023877057826524703,0.008298410293156082,0.01579872731729751,0.010676166517202683
2016-09-21,0.023148271639633126,0.020844043445987972,0.025639799666585722,0.008160188243519707,0.015448799058160035,0.010519138935699111
2016-09-22,0.025767698930252617,0.02085940446616983,0.024699303575444323,0.008273027170444303,0.0161193682641553,0.010404980451872735
2016-09-23,0.025332224359352153,0.02059774167953317,0.0247437719970509,0.008384565340032403,0.016195006165780818,0.01101050733735062
2016-09-26,0.027340547350349746,0.022957871843504396,0.024117864725695187,0.008262211695929219,0.01615884244474169,0.010834733855338641
2016-09-27,0.027777603725487068,0.023911578048264062,0.02361986264791943,0.008131522930598843,0.01599032717052827,0.010659718567321891
2016-09-28,0.02781687489144068,0.02459567551214844,0.022785836245776063,0.00829994225499854,0.01640508300230123,0.010846599233996744
2016-09-29,0.030974814411584246,0.029441131559077176,0.022468776851649767,0.008233522228167825,0.016043328045264798,0.010799872258673245
2016-09-30,0.029740159446303708,0.028141268665398303,0.02171362929031686,0.008102968944976988,0.01570590716740559,0.01062282681084429
2016-10-03,0.028272798922487755,0.026742525185350922,0.02171635329205333,0.008092210283969758,0.015360587164987359,0.010632291623954461
2016-10-04,0.02702492881977792,0.02540224758272206,0.02106509086524136,0.007996846445936897,0.015563155820018403,0.01061393401422091
2016-10-05,0.025646243703527936,0.026523777448274465,0.02079707513355815,0.010490206087698675,0.020170414546418575,0.010723971619919129
2016-10-06,0.02537443727152624,0.025884989283493934,0.021533320167920426,0.010276090336729424,0.01970888106948782,0.010552757078516424
2016-10-07,0.02437185692072466,0.024889291393639518,0.020839955259389753,0.01039776565945078,0.01973991577017694,0.010415470215691128
2016-10-10,0.02352889222496597,0.023933185461214864,0.024443296704733584,0.010186139200241716,0.01927069756889466,0.010280451057666489
2016-10-11,0.022377883644536266,0.02277008083818112,0.02355860630898657,0.009979716510416575,0.018810681347958266,0.010120386623319164
2016-10-12,0.02213625945691907,0.021858972126041078,0.02308027141738812,0.009799252711710145,0.01844120277262031,0.010178869471448993
2016-10-13,0.021460018322219422,0.021155776922798658,0.022432273249399382,0.009613711966150603,0.018006850609235705,0.010062873066806886
2016-10-14,0.020510597749062623,0.020210100538705804,0.024743525665479094,0.009444690032588042,0.01759596222307284,0.011257920215642371
2016-10-17,0.019593095181477137,0.01929876733284196,0.02439881410952864,0.009271983220765872,0.017189600054705267,0.011127886225610305
2016-10-18,0.01893303069082102,0.01863653444405669,0.02383477866454224,0.009098774897762762,0.016799386860183795,0.010948374472347143
2016-10-19,0.018236013532033916,0.0178445616008262,0.02304646949493735,0.008984861122130825,0.01654853288406912,0.010767643310239376
2016-10-20,0.019208977913388138,0.018055405666992066,0.023926188599066246,0.008888537993036395,0.0161765838241848,0.010592120569212233
2016-10-21,0.019821092102809273,0.018983168238470422,0.023250068326859587,0.008739430014824336,0.015881360877577588,0.010444207673654764
2016-10-24,0.019099982635606094,0.018294710531468986,0.026786853212644606,0.008584549202992144,0.015544083229609248,0.010305172274270562
2016-10-25,0.018411389128733257,0.017623208098552265,0.030786059230506903,0.008465030714148893,0.015269438957137242,0.010150487182009591
2016-10-26,0.018024034333803715,0.017394364041956226,0.030182777870720504,0.008463476628176307,0.015094662966127152,0.010920651476636196
2016-10-27,0.018034726851645852,0.017438219377987268,0.029360282677673738,0.008408991477093253,0.014891674205481849,0.010758239468474335
2016-10-28,0.017602732448109552,0.01696733871186721,0.028407004405055454,0.008278101166888352,0.014572506844698194,0.010867478302542581
2016-10-31,0.018186980884232297,0.016976653880052192,0.04432228949003122,0.008224088128942968,0.014398457156830994,0.01090356555195969
2016-11-01,0.021370020497349505,0.01864921359764868,0.043067633123867424,0.008120504677266735,0.014093970886305538,0.01077860201747105
2016-11-02,0.020426864587930957,0.017835342406864952,0.043069408203151666,0.008325801026091787,0.015788158127410988,0.01083122975046178
2016-11-03,0.021614440967634364,0.019669212982796426,0.042796933354189444,0.008785861106765559,0.015785477183382614,0.010653120451606627
2016-11-04,0.021188318021362652,0.019112668550340293,0.04098057935856721,0.008667594600166847,0.015794796811365704,0.010614583854682941
2016-11-07,0.020675692336149964,0.01903067614298311,0.039178830180271206,0.008516243304003936,0.015452873747275102,0.0105480851144278
2016-11-08,0.02052864823159244,0.018580683875922675,0.03782798449048251,0.009310768895262816,0.015349634657471412,0.011162423916779024
2016-11-09,0.019601437695985782,0.017791343700985764,0.04151124710537369,0.009175728203769272,0.015221027792062691,0.012705396459991879
2016-11-10,0.018831120235630678,0.017161765652415853,0.040184853701832376,0.009007013193012937,0.014892548814636794,0.014223908828523237
2016-11-11,0.018572050193826545,0.016846465214893545,0.03899715958420784,0.008926969870628423,0.01519346669812725,0.015823099219317526
2016-11-14,0.017789487695328794,0.01615902633106449,0.0372990989492124,0.008765408825548089,0.014862629621252448,0.015492713701009011
2016-11-15,0.01968668907646342,0.018393026519649483,0.03798327929255324,0.011383449453049234,0.02727653769011091,0.015391269607809985
2016-11-16,0.02570757277401916,0.024575224583827094,0.03661823077514547,0.011143635611728873,0.026652140951317835,0.015139147660072662
2016-11-17,0.02447115237286209,0.023477824739994487,0.035548721266323635,0.010905745924166252,0.02601687272327615,0.015158314772019548
2016-11-18,0.023284299129888275,0.022367835161432603,0.034711577167451726,0.010746256825819887,0.025437395314060213,0.01496194764180445
2016-11-21,0.022215637060900403,0.021438056867193227,0.036513380630685745,0.010617794280814658,0.024872791833720705,0.014794790599943828
2016-11-22,0.024352702444174056,0.024344336613632177,0.03664501451868039,0.010397013663188959,0.02428374010267436,0.015040790122321067
2016-11-23,0.023392006342479336,0.023191543036250917,0.03521340102222072,0.010184525600844173,0.023719113671310615,0.014932059883499825
2016-11-25,0.022259110930825287,0.022107497697347142,0.0339923008465268,0.01069400150414122,0.02335354886718755,0.015489802238931562
2016-11-28,0.024847984672484568,0.02386384784106224,0.03306071428988164,0.010654647554989452,0.022796128912964203,0.015903542606383922
2016-11-29,0.024552058942928726,0.02360411307262898,0.03460355610063087,0.010641094080403358,0.022281584851440814,0.015596945866719331
2016-11-30,0.026636106942485204,0.025655240926679593,0.033986775892256446,0.010432737982768137,0.021758018662807813,0.016034156031188258
2016-12-01,0.03770976376567871,0.03588717951661284,0.032719022880406665,0.010669093930917079,0.021501825571642735,0.015834153293882616
2016-12-02,0.0369909887558703,0.033989928792594076,0.03407826648635704,0.010473440384991498,0.020975679927824585,0.015521582443054906
2016-12-05,0.0351223807663182,0.040021804363418755,0.03320707607665297,0.010349525889331428,0.0209241208150668,0.015259817301338945
2016-12-06,0.03318907412718933,0.03797094831574597,0.03676783224981021,0.010140626556315565,0.020434707641435384,0.01602097797454965
2016-12-07,0.03185193175610234,0.036430404667644335,0.035228223599185156,0.010007794100589893,0.019971209923252586,0.015743977444897247
2016-12-08,0.031040267066321698,0.03494212204929252,0.033844937737988745,0.009885385596135072,0.020412187729178695,0.015665942296601024
2016-12-09,0.03009612699701704,0.03349309341387206,0.033278022934001734,0.00973932840619887,0.020053675095083757,0.015402772197261777
2016-12-12,0.02875856750945435,0.03183306645241966,0.03214133435512248,0.00973893659657818,0.01964325415561821,0.015179898252418523
2016-12-13,0.0283657181966419,0.031129888975174044,0.036707913712687015,0.009570860525864379,0.019383233402245202,0.015051144606950713
2016-12-14,0.026887635068709816,0.029518990497388247,0.0352552816374445,0.009472953470229716,0.019111803223275717,0.01483416727007417
2016-12-15,0.028172971317150942,0.029904566952272667,0.034213387582586505,0.009321855020891359,0.01891890101244937,0.01454160642922251
2016-12-16,0.026718430414290416,0.02837465742819298,0.03405354380564622,0.011009812496242657,0.0250737888765681,0.014252933329689254
2016-12-19,0.026040607463913745,0.027757325266692674,0.0326692012884513,0.010853707997642341,0.02469572004100256,0.014259802736987577
2016-12-20,0.02473986755752727,0.026411166845314638,0.03138541194443232,0.010660440718276583,0.024138298898968517,0.014965720864685656
2016-12-21,0.023507644922892115,0.025200064782049475,0.0323206981613913,0.010576499528341885,0.023534842923205707,0.01466151609645695
2016-12-22,0.022401329494880287,0.024507340592099348,0.03956239674056595,0.01035740264177906,0.02302587294031366,0.014382231793831479
2016-12-23,0.021487498546564877,0.023535880435179214,0.037836795516523976,0.010156660516773774,0.02250006031876017,0.01409518075708818
2016-12-27,0.02048518955446299,0.022404194553485413,0.037629247530210665,0.009963550229370368,0.021999546551017504,0.013943353286084901
2016-12-28,0.02019439583772966,0.021947530461188823,0.03686707897329143,0.009807604264057296,0.02168755858770222,0.013977768624156405
2016-12-29,0.019302052300428293,0.020921914602679316,0.03764757060268949,0.009619262562656357,0.02116953713699192,0.013747200700924347
2016-12-30,0.018557002514190422,0.0199618595087113,0.037402173304767354,0.00989751939005013,0.020791960631585026,0.013548114401776215
2017-01-03,0.0177808797918402,0.019059100253359787,0.036346394216806834,0.009777029414206377,0.02053164981106107,0.013369515764862254
2017-01-04,0.01904527893664995,0.018608523680252377,0.04867237257122567,0.0097514312999479,0.020851411740860772,0.013188064508262346
2017-01-05,0.019009438344640524,0.01860829991747394,0.04680338466810787,0.009575048306355872,0.020434026700607618,0.014059275424276112
2017-01-06,0.018404252840750215,0.017941726707034197,0.044699217138090344,0.0097818218108417,0.019970415954509796,0.013868219913001335
2017-01-09,0.01767342683129314,0.01720891435218792,0.042713494052063906,0.009697103911715205,0.019555186206463814,0.013610718645948101
2017-01-10,0.020950693766537545,0.020492262884413654,0.04431882960764254,0.009709732247554276,0.019212073006003905,0.013363377012816442
2017-01-11,0.02124086028153356,0.02097397374649338,0.04541272204675376,0.00951988082187013,0.01889332532896228,0.014381566496641303
2017-01-12,0.022009540335779922,0.02165678075588537,0.04367714300764055,0.009531068049787487,0.01844708717577488,0.014095065678407143
2017-01-13,0.021423982842551263,0.02124359393834598,0.0442329502174002,0.009360887078240634,0.01801261583176974,0.014582739526368245
2017-01-17,0.020815672124293236,0.020512536020997566,0.04235369815733323,0.009209275303184342,0.01761045588973982,0.014368669875666653
2017-01-18,0.01986769877721181,0.019572288778768706,0.04048492193692386,0.009462344082981492,0.01791974601322762,0.01496732155033506
2017-01-19,0.020894722793267113,0.020732294175870632,0.03997047494891029,0.009283031833337101,0.017585093023820497,0.014679240967242926
2017-01-20,0.020000523101399232,0.01981947109881607,0.038667063080465074,0.009295024030996442,0.017532489027783506,0.014392883186190385
2017-01-23,0.020098249241706678,0.020353469009866728,0.03996115453051856,0.009134451828795303,0.01713070064320412,0.014154548812114752
2017-01-24,0.019283516847039762,0.019486966902816816,0.03837573526340652,0.009136792398427768,0.016854373535995486,0.013981536013436173
2017-01-25,0.01860039940536643,0.018647431371119648,0.03685183046666575,0.009009501430307295,0.016469901022514465,0.01449390486789252
2017-01-26,0.018024283653719417,0.017960880774308918,0.03558351423487662,0.009139977135787167,0.016322105719971645,0.014202465223456064
2017-01-27,0.018278952717897316,0.01835376095313467,0.034349013598375805,0.009082356519289299,0.01604849499384475,0.014212850356026716
2017-01-30,0.017921814387802604,0.018038750030224295,0.03290799064492882,0.00892031322501755,0.016130479473810723,0.013968705303429196
2017-01-31,0.017522773068391416,0.017353961228569678,0.03473653800912742,0.008796892807199473,0.015771479565048183,0.01393391048300586
2017-02-01,0.016846839169944266,0.016824755882250065,0.03504099136374256,0.009018861310198906,0.016213774292195615,0.01480035977857574
2017-02-02,0.01733854361325438,0.016141805951402802,0.03389452546615953,0.008872844736641659,0.01589441441564139,0.01456193829294695
2017-02-03,0.016794135010154972,0.016266242423275165,0.03251531583810555,0.008902977119276146,0.01554267225625312,0.014420740442140163
2017-02-06,0.016225689409856497,0.015672751155881223,0.03341502327307385,0.00874526151249498,0.01521371796435431,0.015141664548297493
2017-02-07,0.016419942808810605,0.016279667016181044,0.032047329802461534,0.008792755126299082,0.015125362411229108,0.015095115215201254
2017-02-08,0.016650380174955955,0.01610753838797185,0.031674112645195616,0.008659368110236538,0.014819202198531382,0.014870158860143099
2017-02-09,0.01604359390317487,0.015476061053581083,0.03037653864208425,0.008522197506861949,0.014515063888009565,0.014811169977973016
2017-02-10,0.015922902609781145,0.015145852901820168,0.02917834878386237,0.00838956843187817,0.014213796881832226,0.014545997409161005
2017-02-13,0.016123486044725136,0.015715935744174885,0.0299322625778846,0.008249887239709033,0.014118710189409094,0.016717875332869565
2017-02-14,0.01654394904443719,0.01636403908874999,0.030155134162010468,0.00830060534870425,0.013890785385935037,0.01639555604399287
2017-02-15,0.015987842945955736,0.015841903561636554,0.029229699565258196,0.008163650134870762,0.01362892649846071,0.016422520113375846
2017-02-16,0.015429238602836846,0.015284981105903584,0.02813413858019366,0.008126759293236138,0.01338194823048526,0.01607856295326786
2017-02-17,0.014959713323777936,0.014726128107499232,0.028053083803996137,0.00810364771916992,0.013188651029856426,0.01581892838759869
2017-02-21,0.014472945858934563,0.014217112153930327,0.02704702515335263,0.00798664274769108,0.012937431480957478,0.015511841567262739
2017-02-22,0.014512783292730315,0.014484235957627642,0.0398885907513468,0.007860824850740585,0.012688375545816151,0.015486702481451469
2017-02-23,0.014367938091010415,0.014727161801449385,0.03827464636639574,0.007802638374629563,0.012457532466928602,0.015200898342183555
2017-02-24,0.014758876534386985,0.014753496853865995,0.03672099340078518,0.008236963176408806,0.012398768042462417,0.016459554164720176
2017-02-27,0.014572061078619249,0.014615364411531545,0.03515992428336187,0.008167279949058422,0.012459227323009145,0.01636870883774291
2017-02-28,0.014120339271146897,0.014098978214164832,0.034464717087198914,0.00803401311256496,0.012223345199688474,0.01603180695856226
2017-03-01,0.013713820296647377,0.013762639368333371,0.03416843372519503,0.007952573606543663,0.012019598285131576,0.015743756220238433
2017-03-02,0.013394691608009742,0.013305817131486052,0.032832988049516225,0.007857191361518563,0.011800475132548043,0.015507318027037288
2017-03-03,0.015013603477930444,0.013238413917325331,0.03147052870263463,0.008263948134356101,0.014745962842593559,0.015621675426437373
2017-03-06,0.015098044380394577,0.013597680860916587,0.03027246235132833,0.008207504518528788,0.014430361358878839,0.015306555432197912
2017-03-07,0.014629538423175334,0.013163975275085584,0.030047169181709386,0.008076171031821037,0.014128805296411404,0.015389831817531592
2017-03-08,0.014181408602184501,0.01276906843126916,0.02997972274530549,0.008118800597462282,0.014147839467662833,0.01531158966411347
2017-03-09,0.022403941066129987,0.020414324420991975,0.02986418726525066,0.008076471835420138,0.014179666176954606,0.015065182525253793
2017-03-10,0.022309671119333477,0.020259512258639353,0.029599319157246437,0.008024720558233271,0.01430557652404687,0.014868095027117396
2017-03-13,0.021893228529658377,0.01998507139186842,0.028607641904045508,0.007905224552268334,0.014080511662819525,0.014622372309045489
2017-03-14,0.02087347084647118,0.01908139938786929,0.02768618598024164,0.007785369063495,0.013802952250080477,0.014519825101409011
2017-03-15,0.020450369705257366,0.018440619360425518,0.028670550742001685,0.007668556190889981,0.013533477758903689,0.014237975417334075
2017-03-16,0.02084374149963681,0.018425782453204545,0.02786780981438933,0.007564321810769035,0.013258272760317227,0.01405177736883739
2017-03-17,0.01990719671906178,0.017634767669159966,0.028004667652059084,0.008675479231002915,0.014034412013247184,0.01385733542679978
2017-03-20,0.019021298279538856,0.016891164396688117,0.027306524307771605,0.008536912799898301,0.01378231494096763,0.013624763520591887
2017-03-21,0.01860055366907284,0.01622779950807915,0.02783472174756601,0.008408943148190098,0.013501755386440098,0.013495382043665589
2017-03-22,0.018797990916836014,0.01612082834671065,0.02721426511652893,0.008509481202024334,0.013357671896149783,0.013725159561091804
2017-03-23,0.018544872387457483,0.015623042639059316,0.027417339948309097,0.00837596265845194,0.0130887387071083,0.013487049911635032
2017-03-24,0.017927484203598267,0.01503595759323659,0.026639938065462162,0.00824791489074684,0.012830627499773616,0.01327134317521864
2017-03-27,0.01727045914564413,0.014546839538924567,0.025732843748560517,0.008112877558760258,0.012732801409995284,0.013059937199460579
2017-03-28,0.016683110388522503,0.01403490584784236,0.02489263914609581,0.008060254627819704,0.013260842704439703,0.012811156759611572
2017-03-29,0.016552309587592053,0.013990120090349046,0.024347346456722336,0.007931566798522492,0.013114319364084685,0.013026866697277236
2017-03-30,0.017482485588000824,0.014985572838527916,0.024633199137602077,0.007816784152245843,0.012853575283153684,0.012778912562906041
2017-03-31,0.01755842964526693,0.014764961394108695,0.02377888970988437,0.007834572816897551,0.012613581432819671,0.0125459434183868
2017-04-03,0.01691282543326608,0.014256893205143523,0.02293509592880928,0.007720635832575422,0.012384703826978012,0.012402873524009792
2017-04-04,0.01644217244810174,0.013855667859975038,0.022943289160608,0.007622037275330875,0.012162237094907366,0.012794110263323949
2017-04-05,0.016531617020193682,0.014683640011371395,0.026963958821791527,0.007536194900576769,0.012010091037108973,0.012569458216084389
2017-04-06,0.015921900611762848,0.014190404054863541,0.02605775884170266,0.007610690639960892,0.011907370324861747,0.013481943469406326
2017-04-07,0.015685406609017363,0.01401111738008552,0.025746099877822753,0.007536166846311343,0.011710750980283657,0.013317198578690348
2017-04-10,0.015453810824991194,0.013665964605327253,0.025620248732668046,0.007451392306644746,0.011560448588562137,0.013089132439718149
2017-04-11,0.015700955896596643,0.013827211063472487,0.024765720849295937,0.007370672887543505,0.011728927528361325,0.013296229665581652
2017-04-12,0.015248949790057953,0.013427835948323707,0.025295379335609183,0.007955088823467182,0.012248576548815615,0.013043009169246755
2017-04-13,0.014858187966756033,0.013176318077779333,0.024597717539475164,0.007852871983880466,0.012030696991052721,0.013757795287982776
2017-04-17,0.014382236593303543,0.012766429887600484,0.02398364921441356,0.007905010097148387,0.012076441957383176,0.013640475419683424
2017-04-18,0.014340705925211285,0.012766505535479004,0.023925523206407243,0.007797613949862687,0.011852399680645028,0.01352488139559054
2017-04-19,0.014002046640537552,0.012694653904915998,0.023143528083452568,0.0076846399160960584,0.012005268226447856,0.014322117470717788
2017-04-20,0.01833399383582007,0.016835869234107827,0.022643006472813355,0.007764591190754649,0.011869643525309528,0.014039134534930416
2017-04-21,0.017612865431862305,0.016150914888760807,0.022018615457929835,0.007647053839221329,0.011790233642041901,0.013772645337900735
2017-04-24,0.017440818897113162,0.01672036887662642,0.02202778748336875,0.007578475936534248,0.011753618895935413,0.013508391288233399
2017-04-25,0.016958048638640696,0.01620188321378576,0.021580277815318235,0.007716894752005181,0.011543126631259414,0.013314372076940577
2017-04-26,0.016418536166905952,0.015831772484135205,0.021006287792947692,0.0077957654900604224,0.01183058242068348,0.013253497626540283
2017-04-27,0.015809284249155314,0.015321793071569705,0.022461285786385763,0.007703770803910565,0.011978373696441722,0.013016533368890519
2017-04-28,0.015856056599489635,0.014939488931166317,0.02351114361526334,0.007591118024563659,0.011813894213480997,0.012802526639684406
2017-05-01,0.015442338387784032,0.014487187319081099,0.022924490932105895,0.007487530698470222,0.011640113440892514,0.012627040689960227
2017-05-02,0.015280979086346742,0.014041002703527473,0.0228693845644355,0.007694177634735565,0.012647947836810124,0.01308579438055457
2017-05-03,0.016751589036946856,0.015083057199500774,0.022169172023852424,0.007582881017884758,0.012404561615452243,0.012993386109192134
2017-05-04,0.016138054393624,0.014653556682998094,0.02163225954391652,0.007623388214115949,0.012747489522358033,0.014775620843764777
2017-05-05,0.022147241831468434,0.0208264664118051,0.021308262898350035,0.008245628748231856,0.012934663397809926,0.014708332167293765
2017-05-08,0.021603423326269505,0.020373412288567774,0.021894198124624068,0.008117135727522859,0.012686927550001519,0.014478974124159575
2017-05-09,0.02062984520648166,0.019494706394380282,0.022958644218386087,0.007985807162845176,0.012443347835042706,0.014475283993141092
2017-05-10,0.020080297522601435,0.019045316144754087,0.022738070087569038,0.008094439838001379,0.012492739685224265,0.014187900649599633
2017-05-11,0.02148350215892181,0.0204516000398751,0.022737349032112397,0.007976257261555092,0.01241062417661877,0.013908127884561684
2017-05-12,0.02072154479881668,0.01979379713247212,0.0231977724284095,0.007896060759375222,0.01219974661030752,0.013680109356156423
2017-05-15,0.019774736781915284,0.01890465302989478,0.02277018595965614,0.007790931160791771,0.012114950723224892,0.013482072582660461
2017-05-16,0.01996618814006977,0.01900320316386434,0.02300575585807575,0.007679714511363982,0.012237448030584281,0.013274204424411164
2017-05-17,0.019127411112967854,0.018199676160003158,0.024780339223542044,0.007632325353644775,0.01213501928569213,0.013049873628074565
2017-05-18,0.018468877191779268,0.017721688788717625,0.024154564008899943,0.008367866354477763,0.012092148638624596,0.012802819239254042
2017-05-19,0.017768449629921374,0.017056243411454165,0.023310544338300706,0.00829061350873063,0.012264048092240522,0.012634731072919923
2017-05-22,0.01809061054048796,0.017555948714910584,0.023506092005880545,0.008153181789547806,0.012153807185210759,0.012979149186557608
2017-05-23,0.01750134436524387,0.016877261301070104,0.023637459882200593,0.008117231230941137,0.01299323576008739,0.012786101640063512
2017-05-24,0.01737214021969454,0.016258797078760365,0.025022818856754503,0.00805328824057688,0.012755545867967342,0.012545708534419558
2017-05-25,0.016705244845210753,0.015659299074550256,0.02412542231584414,0.007938039904889999,0.012508890782620343,0.012357114609276926
2017-05-26,0.02246912256520593,0.02120808193949513,0.02338893227951593,0.00782919437591923,0.012306939736696158,0.012178269940136736
2017-05-30,0.022114587407799223,0.020626637566841424,0.023068210506018434,0.007932226240273866,0.012190957090024119,0.012250986370439833
2017-05-31,0.021091623930009757,0.01977646218263358,0.023902085846660818,0.007867953011159322,0.012036952816367621,0.012027176996446544
2017-06-01,0.02196847380425028,0.021125913735702332,0.02416894868184156,0.007899778048618319,0.01181743581724667,0.01187665173128807
2017-06-02,0.020929624963243642,0.020144964216378316,0.024147982259941497,0.007826977912591156,0.011716180595930097,0.011677939841198574
2017-06-05,0.020532374606748026,0.019387114343713624,0.023302498889144457,0.007856792415349458,0.011919897060460078,0.011523812632240891
2017-06-06,0.019691475488233662,0.018783228731956723,0.022559910444292237,0.007742922158058666,0.011725329492921646,0.011411858947971849
2017-06-07,0.01949020218827898,0.018396467574036166,0.02257436253251222,0.007983453843889952,0.011628744630824927,0.011247215634708107
2017-06-08,0.025104843742530795,0.022014494030737387,0.021923436263615804,0.007893726652772437,0.01147909648345582,0.01105985935483614
2017-06-09,0.02385278036163763,0.021021998409079434,0.02120531674410175,0.00810298787954547,0.011573667673739532,0.011824194983760049
2017-06-12,0.02270687550848853,0.02012773204509939,0.020545400277699438,0.00808366137046712,0.011635102358997557,0.012007644023588228
2017-06-13,0.021669784717941787,0.019230256786627625,0.019967603935322237,0.007966936578037341,0.012000062963823013,0.012095453842903541
2017-06-14,0.02079484019193589,0.01856990623715021,0.020252201048451886,0.007842306644653125,0.01201052555248713,0.011983867056864194
2017-06-15,0.02328204076154705,0.02107227074615578,0.019934290730808015,0.0077959548928005565,0.012745942961603939,0.011913813322215042
2017-06-16,0.022246122457260844,0.02010476493472146,0.022897135731311073,0.008415610423434748,0.013656709427836639,0.011714164254585163
2017-06-19,0.021264529773870368,0.01940767104786485,0.022195004453608738,0.008276018456907779,0.013398397770775236,0.011508169769701133
2017-06-20,0.02067055674589413,0.018807449689879338,0.02595779277153129,0.008312805202416885,0.013290968758303507,0.011508566104819689
2017-06-21,0.020997708971994017,0.018985404973330608,0.025013809166271116,0.008196065719426384,0.013076431803166155,0.011658096506116704
2017-06-22,0.020728893088856153,0.019981923910087376,0.02414469652329005,0.0080684981410248,0.012831092977038416,0.01205258346052584
2017-06-23,0.019829891395666235,0.019264556889594078,0.023277843331807137,0.007963979812678683,0.012710723647430124,0.011840267013803196
2017-06-26,0.01903722581100967,0.01852850838516588,0.022737871810050256,0.007954675872719108,0.012599456312936788,0.011791946214135983
2017-06-27,0.018393982687189885,0.017822846843273468,0.02404841930856541,0.00801351788550134,0.012391646717381183,0.011582905158187934
2017-06-28,0.01863122436317842,0.017914466703191433,0.02320458387417159,0.007886361813156348,0.012157910628901631,0.011499969311455714
2017-06-29,0.01816160359772808,0.017680911608563856,0.022576935110520814,0.0077665120938279885,0.012072837301391208,0.01136052904636274
2017-06-30,0.01744966038237053,0.016945687311774857,0.021956656231665747,0.007680844372325537,0.011976460366774527,0.011278040800895046
2017-07-03,0.01837841508531196,0.016559429574949703,0.02123984582935482,0.007594647011320469,0.011758816173963372,0.011149273621909235
2017-07-05,0.01888856103348448,0.019432084312607525,0.02226137943568962,0.008443317585758375,0.013649135437187458,0.011053915704518559
2017-07-06,0.02255848253078658,0.022230187463415475,0.02445958350558229,0.008307147453936639,0.013648594603565385,0.011161597164601635
2017-07-07,0.02162766703912928,0.021269941446458517,0.02408692444018619,0.008171938449269667,0.013421157544794518,0.010973299275196009
2017-07-10,0.022601367325002234,0.02232463548975392,0.023370073907366742,0.008384979208177757,0.015360293660875412,0.01085059933537601
2017-07-11,0.021541614878472976,0.021290371593055996,0.023512343873058835,0.008260422391886157,0.015311288152410342,0.010672025845447797
2017-07-12,0.020991225947759,0.020716877445838926,0.02556544875892506,0.008125735716010352,0.01507219066946271,0.010673165059074407
2017-07-13,0.02024391382574964,0.01980881011370066,0.02540435091362632,0.008024470074028872,0.014879262880882784,0.010541208600480427
2017-07-14,0.019723466081521434,0.019403828594534378,0.02459247612642768,0.007905599523903626,0.014826820790070033,0.010527303718609842
2017-07-17,0.01908441240951109,0.018787456183913736,0.023768791656912796,0.007961272225357507,0.014902747648918115,0.010602549677748367
2017-07-18,0.018637673975154295,0.018255015833520124,0.023256527807898008,0.007896482678574228,0.014762071535525344,0.010727784152225816
2017-07-19,0.018014036657887308,0.017660936122384847,0.02339523587835205,0.007885174232615809,0.014637077437602303,0.010562481955137622
2017-07-20,0.017902932377228092,0.01774456463567452,0.022686222833679156,0.007763039601742278,0.014329718248240754,0.010517675348058718
2017-07-21,0.017338326812688428,0.017194910214102778,0.022036395624604913,0.007663992160112026,0.01404218816507934,0.010356562626453292
2017-07-24,0.018120984530403356,0.018349866994378985,0.02255212179068651,0.007699152986693262,0.013830948940622,0.010204094358280633
2017-07-25,0.017772194080325866,0.017881811951337943,0.023000926215666163,0.007585399643179235,0.013546769983427069,0.010099143600029973
2017-07-26,0.019890677015446844,0.019843469657399145,0.022662906486977663,0.00748748628140832,0.013337179764672961,0.012953194793716625
2017-07-27,0.019775176058262824,0.01951320123710041,0.021992601046721533,0.0073990353098516235,0.013117218976464572,0.012869767748124044
2017-07-28,0.01897612445948036,0.018892197539911643,0.021729310965334307,0.007487457137903885,0.012946727917392112,0.012630637534350859
2017-07-31,0.01862360414140088,0.01906236966399732,0.021218540074700684,0.0075076758297039315,0.012818470326532005,0.0123983071658721
2017-08-01,0.0180460580107712,0.01823241266785316,0.02574997794396204,0.0074092952664286315,0.01261887607253404,0.012231055943207463
2017-08-02,0.0185222057963916,0.017448431610616065,0.024921142359238327,0.007362515179640783,0.012379312776621309,0.012027525987996607
2017-08-03,0.017930055180010045,0.01680485843017436,0.024026551177520106,0.007263891319287111,0.01215197875531177,0.011812340756471312
2017-08-04,0.01760436942653785,0.016268998739490493,0.023202237266307314,0.007202761759391868,0.012006575059352688,0.011610391278024481
2017-08-07,0.017228024245528818,0.01579971938049173,0.022581107448010118,0.007291606706612847,0.01282980223541371,0.0114191511038872
2017-08-08,0.016609129013126965,0.015193091220828679,0.02199134315313387,0.007193683534267161,0.012578998323531508,0.011336645110130501
2017-08-09,0.016060991713884885,0.014700508897553555,0.021365809714906807,0.007108687194533764,0.012480375205848626,0.011400268190286656
2017-08-10,0.01565433627992818,0.014537207279299453,0.021621579545020392,0.007501371083610358,0.013791721686366519,0.011241576914499875
2017-08-11,0.016417515367508774,0.01484595776787841,0.023340121187180474,0.007579461931495113,0.013763927888128899,0.01118811175640962
2017-08-14,0.015862243816257792,0.014347913134686092,0.022524380088638093,0.007491470544483103,0.01348093404687787,0.0110106631828073
2017-08-15,0.017378826014425947,0.016211114015457974,0.021903984772279124,0.007411869349140057,0.013224165963159944,0.010841654780089598
2017-08-16,0.016695581483908463,0.015572760371566177,0.021328902268683888,0.007519427836129136,0.014015049729048957,0.01078578741474363
2017-08-17,0.016925623615542992,0.015354023959879566,0.02117718700785934,0.007425417003161482,0.014046678012408798,0.011707840716191343
2017-08-18,0.016386127180854613,0.015473045053517495,0.02086956105397098,0.007466920297596984,0.013832163437501606,0.011564191952623011
2017-08-21,0.018279965753600594,0.017983521670753965,0.020565892478000475,0.0073635479840997295,0.013563398072365253,0.01136262336583109
2017-08-22,0.01913541194645784,0.018384378355477304,0.021116043197266704,0.007300928982826439,0.013288389404596156,0.011514231112583737
2017-08-23,0.018380622291813583,0.017627407125405573,0.02058390946077111,0.007269147359938276,0.013029356292100924,0.011318628083592328
2017-08-24,0.018281956098127484,0.017373537732780272,0.019978052259658766,0.0071921754475240615,0.012803375504292527,0.011133688740996213
2017-08-25,0.018738215270346227,0.016965951408812737,0.019482376713493385,0.007112400321099654,0.012598622565411853,0.011531319333208207
2017-08-28,0.018151634596295287,0.01640686011136298,0.019833269986214125,0.00707824881729365,0.01240587378281275,0.011330254031297409
2017-08-29,0.019537622155913415,0.01607591976907036,0.019522523155884503,0.007481015079167716,0.013183235509737143,0.011339976375990275
2017-08-30,0.018709587540139527,0.015454149972817393,0.019284546567126293,0.0073897034694970646,0.012920751271250227,0.01119347581808528
2017-08-31,0.018246300894202132,0.01644661629959305,0.01887315244374574,0.007337635732615944,0.012669129429755583,0.011064069914280071
2017-09-01,0.019425039323836085,0.01822814969567071,0.02092678724043137,0.007337740217230829,0.012460622386854327,0.010918518730640122
2017-09-05,0.018577246961027017,0.01744909516728498,0.020461199182258624,0.007341739967349973,0.012588407029159818,0.010808392009095844
2017-09-06,0.019880245437338913,0.017822271700892966,0.022145475156213176,0.007573054941303313,0.01244470949328428,0.0106472690809918
2017-09-07,0.019241934157361324,0.017692756654177848,0.02157445916603339,0.007515987925229727,0.012213325008993824,0.010590426260802994
2017-09-08,0.018417232435316122,0.017017683449408856,0.02096390341462485,0.007592744288081722,0.012236812588218588,0.010437577158442592
2017-09-11,0.020648798925489053,0.016849657955680178,0.02238108822629743,0.0074823863831282155,0.012007568881495652,0.012387891699059279
2017-09-12,0.020058386101375718,0.016163627696760326,0.02246303853342009,0.007753391666367685,0.012103408270075278,0.012269687567073974
2017-09-13,0.01918127488987685,0.015707966655783653,0.022281797558999013,0.007655054987384082,0.011879516089055528,0.01223331773416362
2017-09-14,0.01956078224012279,0.01590553629276071,0.022237190139555385,0.007582814849181393,0.01166652271011613,0.012609034644809326
2017-09-15,0.019043384411885415,0.01537519808150813,0.021514955863346997,0.007473745067211729,0.011496340792814877,0.012500154888816705
2017-09-18,0.018224262243053194,0.014813616482811072,0.021323499589759633,0.0074051023167682715,0.011348285634602552,0.012285310332068174
2017-09-19,0.017468159823682966,0.014302970471368647,0.023771837708450434,0.007653147263897247,0.013144509022143567,0.012146626080082436
2017-09-20,0.01702243393798669,0.013951069533000317,0.02305352618453996,0.007540510081797931,0.012981391390729489,0.01192581521123068
2017-09-21,0.017333890088360292,0.01490322424574725,0.022430451100981276,0.007480265493556005,0.012744985753383073,0.011712022157363666
2017-09-22,0.01666354066979941,0.01437429465494965,0.02627352292578847,0.00815138408776345,0.013156160122498275,0.011787204030631495
2017-09-25,0.01604101214771104,0.01405517239407395,0.0253094321933911,0.008026989780927337,0.01290229695242428,0.011599310270913243
2017-09-26,0.018108905761774107,0.01783174623963272,0.024731526487837444,0.008168873916612897,0.012811141626861883,0.011408649267687672
2017-09-27,0.017505471081045675,0.017369230741527922,0.023830148917005523,0.008198626364096965,0.013006226222470838,0.01130784035818816
2017-09-28,0.016865486253286644,0.01691283732952221,0.02366027180438083,0.008372467645427652,0.012771876100854174,0.01115225213404481
2017-09-29,0.016637186365163183,0.016452907164879464,0.023210060245068786,0.00823577318217234,0.012527068711736582,0.01154254625833246
2017-10-02,0.01601640518777752,0.015805201037528912,0.022427277439339473,0.008131251284243959,0.01248827366815942,0.011483939883539185
2017-10-03,0.01691824393544181,0.017130371606237628,0.023598349992650022,0.008137916451666515,0.012253434829304402,0.0112845800786752
2017-10-04,0.01630882181000945,0.016440334101511276,0.022878276366888127,0.008010113182437401,0.012023198932437964,0.011107145610344309
2017-10-05,0.01598084816071841,0.015828692091315523,0.022551469048036718,0.007888234557712027,0.011803857060864857,0.010924356059678297
2017-10-06,0.0161721504421546,0.016567111135287443,0.02186060682964863,0.007796146948042106,0.011592118755409296,0.012316158828330995
2017-10-09,0.018332067866805062,0.017693581932494148,0.022066792024880728,0.007680182451122768,0.011563177950554528,0.012150773036301379
2017-10-10,0.01764812948358108,0.016967439124621696,0.021577670450525843,0.007730425497224203,0.011607715025302825,0.011930547562858697
2017-10-11,0.018848057093458763,0.01687251581303079,0.021715764919579907,0.00773269052964634,0.011817798618548168,0.011872249380674542
2017-10-12,0.01817469027878489,0.016273990133765747,0.02100162173609305,0.007662590572172667,0.01164438090146262,0.011885619661982089
2017-10-13,0.017998862187769037,0.016109594153811947,0.022721361273095774,0.007634082600050713,0.011557932525844517,0.011778789018418515
2017-10-16,0.017998441905526404,0.01625519765116361,0.021964863830852346,0.007623314156746458,0.011501129125667644,0.011606804855499442
2017-10-17,0.017426422016783013,0.015984039718038266,0.0219508481636266,0.007518348659380431,0.011310458329242132,0.013322110798093631
2017-10-18,0.016733996450118624,0.01536035990124354,0.021274685233173506,0.007914317658166314,0.011910074831893465,0.013376964740013438
2017-10-19,0.016117402581028263,0.01484324747345797,0.023475614350922283,0.007811643728063355,0.011707094523244912,0.013169369183549098
2017-10-20,0.016246171891569194,0.015180235887906521,0.022728871998545584,0.007765059576879538,0.011975543549190983,0.012937887732081144
2017-10-23,0.015677871673152904,0.01486728887225086,0.022360215649069204,0.007813633358736846,0.011987389829656811,0.012693381314861661
2017-10-24,0.01532823913225186,0.014487472636597559,0.02291727128513327,0.007694170416362382,0.011766521191352979,0.01253855133255681
2017-10-25,0.015169561707609651,0.014872877388145094,0.02220001168078288,0.007596325981619225,0.011657664864356744,0.012330035325765834
2017-10-26,0.014790199720120049,0.014338627824984664,0.02220257906126696,0.007485496798176901,0.011461095153331413,0.012146794432329511
2017-10-27,0.014553450115837889,0.014541024792119644,0.021679145526241898,0.00754041727805535,0.011345539743405561,0.011929869400948336
2017-10-30,0.015886374194429356,0.015197523220293671,0.025680709388480598,0.00743753438831153,0.011179946450529105,0.012724852999701981
2017-10-31,0.0153746261794031,0.014805901283662713,0.03339144814572283,0.007381503821808447,0.011067157695920869,0.01249732459675352
2017-11-01,0.014897894534081886,0.014453453545456059,0.0328154940076939,0.007381834861965983,0.011082769149332676,0.01228637792465399
2017-11-02,0.014430421108298836,0.013951990977871385,0.03145366398061567,0.007360662296134445,0.012642898054861598,0.012360145862778626
2017-11-03,0.014043631477444092,0.01393631430661618,0.030460892112518952,0.007259658881472836,0.01240915988668664,0.01213330382122974
2017-11-06,0.014959822353716075,0.015314453785789222,0.029632508379783103,0.007305340082671185,0.012802245260209504,0.01203491296584443
2017-11-07,0.017262167911504804,0.0182687848864273,0.03200360213821011,0.007486820977606099,0.01360419312725015,0.012104483808164286
2017-11-08,0.016612697462758036,0.01772538303708937,0.030726830555802834,0.007446921328740788,0.01386006467922247,0.012739433053187732
2017-11-09,0.016155760567729514,0.017009860846836075,0.029552081290442348,0.0074414861275169135,0.013824133081723856,0.012517979277798953
2017-11-10,0.01567390187528843,0.016440207766204428,0.028459484098832203,0.0073595610560744165,0.013708774198709067,0.012319941774848273
2017-11-13,0.015340697694919116,0.015922204063109104,0.027362018292395332,0.00758603338153246,0.013492555439592912,0.012117145723860372
2017-11-14,0.014820945140173753,0.015415969978948696,0.026677151583119004,0.007510929140176351,0.013424414456746641,0.01221977394164975
2017-11-15,0.015603472980912523,0.015601727089730476,0.026432284023824314,0.007428739835691872,0.01315796373817731,0.012501956186163184
2017-11-16,0.015232734972065048,0.015113593644504639,0.02552793901905641,0.007377119841457016,0.012966548786151319,0.01229560985165341
2017-11-17,0.014775919503563802,0.014798800198861182,0.02473166217380941,0.0072755941152526085,0.012784969772450623,0.012077375216607695
2017-11-20,0.016302790725579986,0.01578174739381885,0.024198070205199384,0.00773890475141192,0.013127552114646451,0.011924899518899414
2017-11-21,0.015941654859483366,0.015392717739670358,0.02385792759854109,0.00838097121887625,0.014620215965190437,0.01185689323105259
2017-11-22,0.01587688306748379,0.01490330332275133,0.023213620515438325,0.008298174882715621,0.014396908514594313,0.011870905141582334
2017-11-24,0.016590229291509745,0.014809610089524396,0.022961391409530112,0.008319489052172956,0.01423013062643983,0.011672073775147375
2017-11-27,0.016689123028357903,0.01449907207633225,0.02748446581680518,0.008224992554743014,0.014021279298680007,0.011646476547308125
2017-11-28,0.016733436588449124,0.013986292583207088,0.029002399903930817,0.008160091783163305,0.013733960767228458,0.011662084699158158
2017-11-29,0.01611796611172988,0.013567462549401001,0.03142257873321783,0.00802744518259899,0.013705959823458323,0.012204226006975138
2017-11-30,0.016028829739502783,0.013374590192219968,0.03175471382793549,0.008172276527781549,0.0142441589582025,0.012167940316285781
2017-12-01,0.015455296824911056,0.013129589429571334,0.03396518623515287,0.00817955717044971,0.013983155622655466,0.01194902421204841
2017-12-04,0.015765787030275976,0.012732815248702843,0.03272126345910011,0.008089572764744634,0.013743032427052817,0.011887846104889023
2017-12-05,0.016021095821112556,0.013433254347224225,0.03228614569604754,0.007999236430014593,0.013462056995531282,0.011677099098142178
2017-12-06,0.015457358613038168,0.01314764217355762,0.03181106736807029,0.008158806064658781,0.013877351722862958,0.015195064128193663
2017-12-07,0.017652073075737226,0.015241381991551263,0.0305106373472954,0.008026881252542492,0.013671470934918932,0.014923032788828087
2017-12-08,0.017391238807106447,0.015457621973527274,0.03382490047635073,0.00820268966145537,0.013567221352700722,0.014620589013833708
2017-12-11,0.01707384895247335,0.015990554870861158,0.03241693679684965,0.008110834646970782,0.013293836160111268,0.014358656031411607
2017-12-12,0.016735275233511603,0.016568914233668953,0.03163351449341999,0.007986068356991406,0.01303929697854132,0.014252905394044908
2017-12-13,0.016811404534164888,0.017252755481605497,0.03453549804802891,0.007915350346184673,0.012887916684580883,0.013988690808190617
2017-12-14,0.01647734600955731,0.01715708565081128,0.03332159811364298,0.007866626303481151,0.012953763014810927,0.013861354909035733
2017-12-15,0.016024804505020206,0.016982213880448616,0.032126856396178106,0.007857322526771307,0.012731463752483218,0.013646528338505333
2017-12-18,0.015498898398349921,0.016292267370200134,0.031895664447014055,0.007736123794020099,0.01260995443609664,0.013999299398953651
2017-12-19,0.01499528504321664,0.015664423681913082,0.03399776780949835,0.007718608134411059,0.0125206928955652,0.013743081111006607
2017-12-20,0.014581159399305979,0.015172038577793746,0.03311111812726038,0.007609396448439915,0.012304496362765451,0.013477368315803796
2017-12-21,0.014503232481889004,0.015045130690647229,0.03235265723007461,0.007542380575906226,0.012187286071148913,0.013523370276840458
2017-12-22,0.014116135201259152,0.01457153396202339,0.031350900934098536,0.00743482104197352,0.011970189510772665,0.013340823699926627
2017-12-26,0.013710603541139545,0.014140773904559471,0.03106054847081853,0.007436479906278969,0.01207801914831686,0.013143646133476872
2017-12-27,0.015471924828367732,0.01596459912419472,0.029926580581482294,0.00745342784484201,0.012055356809578732,0.01315763076614276
2017-12-28,0.015063290898014654,0.015597142964482962,0.03059274636608203,0.007359182751162584,0.011905003559651064,0.012905665638590257
2017-12-29,0.014594444084015407,0.015049546355666035,0.034778876493545594,0.007336539100876418,0.01202333223303806,0.012789314311368314
2018-01-02,0.014430238573864463,0.014508644918158557,0.033534876747159735,0.0074751282045246205,0.012172539236275277,0.01255679638013874
2018-01-03,0.013996644773326149,0.01399579890650129,0.033717690531526,0.00745102677008433,0.011970423953078915,0.012419051533650829
2018-01-04,0.015011976850204223,0.014716777421834672,0.032668201657652315,0.007353268611905833,0.011778453987495129,0.012254784578652509
2018-01-05,0.014628520810005104,0.014218429927236355,0.03397741945078483,0.007265305966104889,0.011565220452636374,0.012034627949950255
2018-01-08,0.014504299909647366,0.013896830733029851,0.033802686880427146,0.007168337316686371,0.011361352709186064,0.01204580046897616
2018-01-09,0.014119207750110324,0.013444656791141233,0.03265241062829479,0.007082964903287332,0.011315793807440246,0.011836036480864669
2018-01-10,0.014991799678220008,0.013823509455682146,0.03259385423561855,0.007087944050803731,0.01124795761805723,0.01163431490635343
2018-01-11,0.014785383695083434,0.013460109000875155,0.03129663356719767,0.007046985334653437,0.011059433054828477,0.01150232851813351
2018-01-12,0.014346676646998634,0.01302837260438712,0.034896341921134846,0.006972282979756712,0.010912037986761164,0.011302791967646877
2018-01-16,0.01410259543206531,0.012904061846111994,0.03518707487189537,0.007152257174325807,0.010970847558508951,0.011146755273212598
2018-01-17,0.014014070885661057,0.012953609329581726,0.03438346160466364,0.007063762062740005,0.010808643490222954,0.010958373090783647
2018-01-18,0.013649251009980067,0.012596749203867684,0.03431803853704601,0.006982844503721723,0.010634143710124248,0.010991724242766518
2018-01-19,0.01328247559554691,0.012241165845232127,0.03313003335119249,0.007163343145694304,0.010830979959243526,0.010827271759338366
2018-01-22,0.013302429563422015,0.012350011793183987,0.03175181184232279,0.00712125729896116,0.010705942487593332,0.010671724168619888
2018-01-23,0.012972249255627004,0.012143710739146942,0.03065393550289077,0.007033482154108106,0.010549494190168422,0.01051839522388081
2018-01-24,0.01350200278750509,0.012505809002021853,0.03543881782980255,0.0069787517222814075,0.010432191864326748,0.011909770114007023
2018-01-25,0.014202895920514835,0.012393215478972508,0.034378738892818485,0.00753385810063349,0.012657581316637922,0.014075629748768475
2018-01-26,0.0137984374553416,0.012061888320789575,0.03337946184053445,0.007482549680768656,0.012514267341386524,0.01381185307393543
2018-01-29,0.013716250235382558,0.01174940272330672,0.032360694586010305,0.007573393316521191,0.012465472135190472,0.013586332964702727
2018-01-30,0.01366459272185157,0.01243710075239032,0.03276061560630297,0.007463799639236448,0.012227489594963569,0.013321469698627242
2018-01-31,0.01432205673070255,0.012266478841944284,0.049768580107766566,0.0077926801822563105,0.012922607912686852,0.013070708892898616
2018-02-01,0.01392425883879048,0.011931604809349152,0.0513794280774945,0.007689586499747285,0.012907669477340747,0.012828133412616955
2018-02-02,0.014429945090377188,0.011625266258802997,0.05111076682006977,0.007612018667827047,0.012704761781392246,0.012612039197415088
2018-02-05,0.014112605384374182,0.011590410449837486,0.04879677273917105,0.0076925048702082876,0.013762892508305497,0.01245365473911522
2018-02-06,0.015172906036944444,0.01217843606518964,0.04781401084100903,0.00757989442739816,0.013489536779536791,0.01241541278645789
2018-02-07,0.015188051395587735,0.012395449313948575,0.045671524142130854,0.0075566813336998715,0.013273759995719503,0.012382141565551381
2018-02-08,0.01684583165688898,0.013680564467930362,0.044088470941419454,0.007807937165232815,0.013821188786343284,0.013912445057962651
2018-02-09,0.016566589303676094,0.013674688662118368,0.04212790377348211,0.007726799272520092,0.01361519262966547,0.013642171675852884
2018-02-12,0.019050301901867267,0.01658072979222451,0.042307064347264944,0.007639909171966104,0.01361545498226846,0.01377371502675538
2018-02-13,0.018232480322111666,0.015949785840609437,0.04061743896620009,0.007711361100535163,0.01457684276994593,0.013968820109681802
2018-02-14,0.017489891439836695,0.015336833551071382,0.03913082297200628,0.007615137055506364,0.01427773980403877,0.014613383795744582
2018-02-15,0.01830188555637274,0.01677569524626403,0.03743668834613136,0.008579642986605317,0.01473847961351344,0.015097353068614695
2018-02-16,0.01791949219533241,0.016094878474511753,0.03583335215872067,0.00845121541799294,0.014463777182105501,0.014801447097332639
2018-02-20,0.017259711491106576,0.015642195796230586,0.034408846173023984,0.008307708507561492,0.014200427844434836,0.014502149335179172
2018-02-21,0.016607874044772698,0.015158146904567729,0.03362133460133285,0.009024976009379607,0.014374082212660358,0.014692813473226268
2018-02-22,0.01603416904245971,0.014611512228347888,0.03256947477898232,0.008860349548383344,0.014273734471876435,0.014485812064443389
2018-02-23,0.016362698676193208,0.014791372428250954,0.03135702753412639,0.00870100885337054,0.013977851980107642,0.014288330054830703
2018-02-26,0.01619380876443334,0.014862360075897888,0.030094452771819907,0.008558968769005627,0.013759487300179176,0.014132993951426618
2018-02-27,0.015685342824481124,0.014341902289983386,0.028920275305470432,0.00841692417912564,0.013504951185026991,0.013878119835840053
2018-02-28,0.01583684390427255,0.01445028031259203,0.028198710203267443,0.008628459533952297,0.013498146623140665,0.013844397494186103
2018-03-01,0.01685571987081387,0.014534230017917397,0.027159848976497113,0.008477966870847384,0.013227926315978628,0.013983094816541839
2018-03-02,0.016588103954239385,0.014024014534690812,0.02633203890546885,0.008584024406476485,0.013076333139977928,0.013718527202239554
2018-03-05,0.016006650863940694,0.015043616395677242,0.02533856888117215,0.00888879617425566,0.013080126376959442,0.013449764516140552
2018-03-06,0.016773364822843584,0.015509369549281673,0.02441677173889224,0.008745010150890136,0.012842575153790234,0.013191509219545698
2018-03-07,0.016133510972866267,0.014958936562945441,0.024031873410324138,0.008906180832684227,0.013573847318220781,0.013101509647344854
2018-03-08,0.01729904902560778,0.01605009180384763,0.023358991302234195,0.008834265993017012,0.013851091089911538,0.012947347663357384
2018-03-09,0.01751776327788719,0.015849988441653595,0.02266596003132102,0.008735981970974112,0.013565359251139102,0.013254513056925842
2018-03-12,0.019453345990408728,0.01769983330486392,0.022059886537874586,0.008587299294031259,0.013370238810943671,0.013554250541797661
2018-03-13,0.018958303587003573,0.017163433621650036,0.021883552522394933,0.008455250885149583,0.013140978365812895,0.013317157425722752
2018-03-14,0.018487224849144043,0.016530210148400788,0.021170364061765073,0.008365017536781821,0.012932508930375241,0.013095741474500796
2018-03-15,0.017746452198977625,0.015903885115929904,0.021378479845797046,0.008229748993253426,0.012740363885665467,0.012916998682810574
2018-03-16,0.017058663330785807,0.015317625971146836,0.021444886353787468,0.008191572908895224,0.01259030081181029,0.012825261086642479
2018-03-19,0.017365159405662568,0.015596535736654425,0.02075700663751019,0.008111444030346636,0.012522582545743656,0.012645408424786547
2018-03-20,0.01675342774027564,0.015024073282537338,0.020551232631468838,0.008020144932874108,0.012303191169245947,0.012515758736976855
2018-03-21,0.01741031022237574,0.01579081286750041,0.020080408916581912,0.007951546409678448,0.012205380783013664,0.012656282983285532
2018-03-22,0.018774959944061,0.01778601916459659,0.019937497484435417,0.007958409297697871,0.012388827207223388,0.012514210976170434
2018-03-23,0.018512137483827865,0.01723361926906959,0.019497985561099024,0.007879708235486376,0.012160529335877367,0.012544054148039845
2018-03-26,0.019258558451040086,0.01786847428503576,0.019179173873312524,0.008488095089308511,0.012240686516577289,0.012464725998429693
2018-03-27,0.018505956858417966,0.017180080833606007,0.01887192124683873,0.008372987112338422,0.012086955464644732,0.01235482743646813
2018-03-28,0.0178018185822207,0.016469189416909433,0.020083462954060178,0.008490807568180133,0.012020293327058005,0.012312779949356091
2018-03-29,0.017641365057686965,0.01603690289195836,0.019484467735823123,0.00877894525406283,0.012422890200690944,0.012087498285228029
2018-04-02,0.017125304474689657,0.015739024704848906,0.019287427923873036,0.008627367544051289,0.012188607738164025,0.011988286326592384
2018-04-03,0.019112089925613317,0.019330008192388896,0.01956585847873353,0.008969048335215217,0.013151297353441315,0.011859737740285542
2018-04-04,0.01843476661242862,0.018589817743841913,0.019045831749575366,0.008933919171289382,0.013438512994368601,0.011704942968782758
2018-04-05,0.017683475743347738,0.017788531571303067,0.018638732722647572,0.008780821100820811,0.013303836775948364,0.012032171867723363
2018-04-06,0.016983625046322517,0.017085479085951767,0.01877596302292767,0.008822430476556231,0.013123173231306136,0.012553783872748546
2018-04-09,0.018021080898969196,0.017354915985413433,0.01846808585458186,0.008736095650269476,0.012862955105519856,0.01236898650896761
2018-04-10,0.018530389196605605,0.018043027049133444,0.0179934655259406,0.008603291239817,0.012810495788581937,0.01219541549602538
2018-04-11,0.020417511388178218,0.020266582012442632,0.018036052019028116,0.008492462569751408,0.01259165187803156,0.012609254533634918
2018-04-12,0.02042376647369693,0.019828063280707985,0.017682766684267145,0.00862098092112743,0.012559174539229832,0.012443179548706787
2018-04-13,0.01952513059982975,0.01893564239668486,0.017272954278314184,0.008937101279703078,0.012945103349815976,0.012719108178516039
2018-04-16,0.01871596180834626,0.018250424631763126,0.017681498925088156,0.008822933520575992,0.012930001653383537,0.012489299607400655
2018-04-17,0.01881000944515276,0.018203785589795837,0.017324606177948773,0.008671878636425132,0.012683271414331586,0.012359411114137644
2018-04-18,0.01805212680402855,0.017430814734552737,0.01698193812622724,0.00852025916182282,0.012521940135040351,0.012186960198475516
2018-04-19,0.019496819999199517,0.01855981279964026,0.01658504234854665,0.008391295398210857,0.013670840621215373,0.013049554902243325
2018-04-20,0.018669113752124055,0.01779073542749241,0.018504444640906784,0.008282921373410211,0.013391584652378805,0.012917641675541172
2018-04-23,0.017879865583226445,0.017070768729709637,0.01999699099806297,0.008306149151656126,0.01315847288079153,0.012674411299600492
2018-04-24,0.01718181132838942,0.01657768549046783,0.01939176761624363,0.008479799036551557,0.014986544882735849,0.012541095515339282
2018-04-25,0.017120154226620197,0.016328659584996096,0.019327694057219756,0.008438557828491929,0.014743090529210596,0.012468201306937552
2018-04-26,0.01651680867486868,0.01568598689710898,0.01877224969312818,0.008459584781575437,0.014680908639552988,0.012246532479820833
2018-04-27,0.015905248815391782,0.015380646392689778,0.018612405773467837,0.008357262530811885,0.014366998834225533,0.012093682083861086
2018-04-30,0.01534869233679625,0.014808893877640552,0.018913041088714302,0.008235766735264563,0.014108695254159864,0.012724977596615155
2018-05-01,0.0149631740773359,0.014426879153987606,0.018406099258359718,0.008131132143101042,0.013874705579157097,0.012492689628245547
2018-05-02,0.015796253169626465,0.013918613576359082,0.01837607175119059,0.008252438178254506,0.014103613715583673,0.012537195874899397
2018-05-03,0.015532611703696629,0.015508215703645533,0.018650039672973472,0.008120025304427325,0.014235860538135255,0.012497850679674674
2018-05-04,0.015149647132793391,0.01495195775571465,0.01841161515129267,0.008080467994566971,0.01396940082236917,0.012288561080556655
2018-05-07,0.015730587141352444,0.01530211454647127,0.017999856973807404,0.007954386831020586,0.013713194293405138,0.012069950704205705
2018-05-08,0.015797014610761505,0.015646848417301136,0.01782239036604962,0.007830753003056981,0.013435213055769429,0.011860082300312304
2018-05-09,0.017087784310680768,0.016042740969575996,0.01739956354665698,0.007711236946252284,0.013168180769446066,0.011725053282230342
2018-05-10,0.018833341016690028,0.01816363475018854,0.016978530750315843,0.007597917235569149,0.012939327074706252,0.01151807620093195
2018-05-11,0.01804767420687659,0.017409173322820038,0.018522092777327307,0.007621674392092909,0.01302803183318032,0.01186357274118311
2018-05-14,0.017582887795232035,0.016750064584310637,0.01804173059910912,0.007518017097304145,0.012770459496602167,0.011652358419648918
2018-05-15,0.016906627402079905,0.016653062149561183,0.017962507780807203,0.007424687951593172,0.012603981413153805,0.011505319697974359
2018-05-16,0.01631487838429119,0.015994521340886237,0.01751112371987202,0.008570177516976956,0.013384741215736224,0.011576247787279994
2018-05-17,0.015725297740930656,0.015713015942121326,0.01723545211366115,0.00842275937016139,0.013188894313281027,0.011421913548308751
2018-05-18,0.015173595651494454,0.015107602055514558,0.017429803755614145,0.008288892110896166,0.013019989071659603,0.011289594202278647
2018-05-21,0.014709436351820718,0.014901465992133718,0.017055475066751122,0.008154869355386705,0.012767856158099162,0.011242613038603997
2018-05-22,0.014812488052862694,0.014611506725091705,0.017135958430302432,0.008022360434664396,0.012549148559877385,0.011287466794830945
2018-05-23,0.014353297582831954,0.014146783850364577,0.01960325739873475,0.007896567067343952,0.012330511777356699,0.011311482761018343
2018-05-24,0.013994744752966432,0.013683476647185949,0.019031290607440212,0.0077870301842420594,0.012318532137134592,0.011810141312370275
2018-05-25,0.014549960735335533,0.01384816085846368,0.018669015459270022,0.007986663257001526,0.012672984881009723,0.011717078024123046
2018-05-29,0.019243235017338708,0.016453002375196295,0.018154266187444094,0.007861490862617181,0.012572361525933176,0.011582396725514657
2018-05-30,0.01923449262943977,0.016401539030222026,0.018911543619299254,0.0077814101312702645,0.01256386471087157,0.011428990471904979
2018-05-31,0.019606185493638902,0.017909944416052176,0.01840337629601174,0.007672490506766684,0.012544602672260896,0.011240757844227347
2018-06-01,0.019575038580826994,0.017149092760907526,0.01915769300611325,0.007564219954720152,0.012349406931238937,0.011049738627938182
2018-06-04,0.019662087594479426,0.016440074910333995,0.01863116708702392,0.007510540680403615,0.012117300142129764,0.011090021013224682
2018-06-05,0.019530318570199007,0.018425168185793907,0.0184287349291859,0.007410996973451849,0.01189255065698406,0.011143553502250077
2018-06-06,0.019011290323511888,0.017628635399207185,0.018423628364156366,0.007335207718952135,0.011771508882120087,0.011736442630204841
2018-06-07,0.018630419238851014,0.01688642320958441,0.017932303793029302,0.007236197506918088,0.011733010606997949,0.01222340501483431
2018-06-08,0.018742446822623122,0.01803372622070728,0.017798020922590148,0.007142508649218083,0.011637391237040726,0.012028199135787919
2018-06-11,0.017984565487380488,0.017632889285955765,0.01785319359884077,0.007052187127192863,0.011470822872056292,0.011911794240562865
2018-06-12,0.01731748149786075,0.0168896903407289,0.018394636440270524,0.006964000440184838,0.011607721678215251,0.01201672092687506
2018-06-13,0.01666793226819633,0.01638759169942623,0.017932845039943114,0.006912347446789465,0.011425707949205145,0.01181303905716729
2018-06-14,0.016078723851050948,0.016101613050697527,0.017625192873052378,0.00683336483451719,0.011306972982918561,0.011606910077509436
2018-06-15,0.015529466693712933,0.015831801848595322,0.017182420659433012,0.006837254816181664,0.011663112218624578,0.011589857655750857
2018-06-18,0.017461087365442832,0.018527043105276773,0.017691648464032362,0.008283665603858537,0.015381519939447004,0.012431843081845034
2018-06-19,0.017157949498537384,0.01939831916021228,0.018709122706567115,0.008148169751560274,0.015054883989659762,0.012464445282275378
2018-06-20,0.01695142221254335,0.018570509189669192,0.018960612720898586,0.00801734191141953,0.014804963777542722,0.01284126694783983
2018-06-21,0.01715994209978059,0.01782654970056242,0.01952840316466363,0.00792871688855225,0.014488420527940962,0.01259900396825172
2018-06-22,0.016843077783901535,0.018545894667923436,0.018981482471898046,0.007837937435312326,0.014182571206059716,0.012456848523091694
2018-06-25,0.021525688492293468,0.02057575415185975,0.018711603875376424,0.007717572450759784,0.014000884175173263,0.012235548138920577
2018-06-26,0.020669179042528157,0.019942875545599665,0.01834494800379908,0.007610542720782159,0.013827406716211904,0.012343690371277909
2018-06-27,0.022594152974213667,0.02010193141063611,0.017917989208023212,0.0076568889222145605,0.01357722662280084,0.012120585143875652
2018-06-28,0.02358737546728557,0.019887737545619996,0.018356097030765565,0.007575630061735147,0.013371869434084489,0.011913935629149594
2018-06-29,0.022607611801040983,0.019007334356475877,0.01877400212448581,0.007519269881640176,0.013363268751553707,0.011978389479303221
2018-07-02,0.02170750707571732,0.01920537843492006,0.018333992307857993,0.0074291809743306835,0.01326319974715384,0.011764887962787372
2018-07-03,0.020715114676524295,0.02028476742638428,0.019006508429206797,0.007588078185084517,0.013946366152255944,0.011643380588880458
2018-07-05,0.019780338979131003,0.019439300979215226,0.018482424201886623,0.007713486950799279,0.013963736715350832,0.011588987824232315
2018-07-06,0.01964234307387278,0.018639162196312356,0.018332740511813477,0.007647898886118667,0.013695270324835135,0.01323266989188724
2018-07-09,0.01910705242237479,0.017868253771934805,0.017965584735982604,0.007556012511350584,0.013420263371481903,0.01297892671012769
2018-07-10,0.018282275734196246,0.017518967543033132,0.017802735143675502,0.007467677624278076,0.013185867939635472,0.012869633350969276
2018-07-11,0.017546830669986812,0.01705843634142167,0.01789373023470197,0.0074029742286458025,0.012942202732042446,0.012652622268446474
2018-07-12,0.023588334012800128,0.027847324631604692,0.017953014899611333,0.007541465634891002,0.013251213292187392,0.014331675382528181
2018-07-13,0.022435920943847106,0.026792293976296212,0.017838586783942165,0.0074388083870117905,0.013192078641252006,0.014277883943281196
2018-07-16,0.02155535493120687,0.025698522096920837,0.018080752823570755,0.007398023705742489,0.013124178591381042,0.013992785981102474
2018-07-17,0.024638879408443892,0.028627389433633542,0.01761813258298933,0.0073022080177022435,0.012863281304167988,0.013753718095006796
2018-07-18,0.023408652835277367,0.027200356993004382,0.01731344386324567,0.007518155564891897,0.012899231072759622,0.013553015304577622
2018-07-19,0.022463367046474274,0.026015499127665997,0.017034651113812027,0.007410550606148023,0.012661824570732077,0.013319962468642055
2018-07-20,0.021602518877750502,0.024764192044071008,0.01741723241034744,0.00734342352729499,0.012641551168220048,0.014022676637535519
2018-07-23,0.02104529158767537,0.023633210854700323,0.017047196789618718,0.007330608434556189,0.012582990446519586,0.014481350189583277
2018-07-24,0.023351106235556484,0.022489550977398482,0.017132933830436837,0.007298965729049965,0.012468410130194306,0.014208379479637172
2018-07-25,0.02238201464555013,0.021473407989744415,0.016762185021215285,0.007200743793658894,0.012305475613733335,0.014696173713221818
2018-07-26,0.021584141894914248,0.020565190532863088,0.017015336539195684,0.007206129267734043,0.012113782452863238,0.014404023877328847
2018-07-27,0.020610669263819877,0.019776460150713344,0.016621883684347902,0.007195322283760252,0.011968626869439964,0.014116068498737368
2018-07-30,0.020153805729207445,0.01892049348011747,0.016840180453106045,0.00712028652153977,0.011748518145237205,0.013893613732191334
2018-07-31,0.02028363267791948,0.018295779405532814,0.016686695204513345,0.007034912547955768,0.011549262334831183,0.013636358815067341
2018-08-01,0.020403656214721524,0.017781309625311388,0.016401716328572638,0.006955424679666546,0.011349579602172963,0.013688267031839446
2018-08-02,0.020181705303887215,0.017027698518932866,0.01627447100696402,0.006951187308837731,0.01125872830225607,0.014843777041330792
2018-08-03,0.020143760529047507,0.01669511836278395,0.017081249664662443,0.006991494124395127,0.011106123869729282,0.014556257608635808
2018-08-06,0.019381149980645364,0.016057480553767375,0.01711125092445695,0.006927208488473211,0.010973098360926005,0.014398294608997626
2018-08-07,0.01866808189949152,0.015582834071587054,0.016717142397384047,0.00692050297390858,0.010918485780244782,0.014331632715209808
2018-08-08,0.017886054541912385,0.015435802958731646,0.016768812377103866,0.006838429094460684,0.010742799377897154,0.014122665506920332
2018-08-09,0.020136147314184588,0.018009964765655445,0.017209694303315676,0.0067737041147166496,0.010601583784050439,0.013841968878640554
2018-08-10,0.019248992772505944,0.01726956573100801,0.01680411260277632,0.00669981617744042,0.01044999223608512,0.0136135085803402
2018-08-13,0.018779266760624955,0.016838836721214324,0.01646566371431074,0.006629684371477593,0.010527607777895054,0.013466961436058718
2018-08-14,0.01811256747571651,0.016180073114927144,0.016179664437466816,0.007426241584612014,0.0113507054236394,0.013232555059089421
2018-08-15,0.01738982914712357,0.01555828179532164,0.01609896032500916,0.007325808822569969,0.011202937534487787,0.013476646160768768
2018-08-16,0.019414519415211818,0.016749058743508304,0.01589871952068708,0.007741010792971907,0.014325583649190354,0.016262524323587425
2018-08-17,0.01867481141624849,0.01631889019231951,0.015947830475052317,0.007630189064984052,0.014642089372882219,0.016546210847437622
2018-08-20,0.01799460654322233,0.015755576738034596,0.016085002766431773,0.007518016166138654,0.014383731059032392,0.016216577398972854
2018-08-21,0.017411284396493566,0.015226280582781842,0.01576630210429978,0.007611095235992036,0.014091591455373937,0.016161594182908714
2018-08-22,0.017234725006503998,0.014757049386551814,0.01593594389339149,0.0075584835731990156,0.013872321679245682,0.01594508906340164
2018-08-23,0.016705068788898318,0.016844930756460704,0.01582101325904381,0.00747118322999456,0.01358800366145597,0.01570072256785531
2018-08-24,0.016073800910760317,0.01616023026424387,0.015526840792910189,0.0075555790368997434,0.013686855017145243,0.015428198639596196
2018-08-27,0.015988534181397167,0.01614187672487853,0.016011093555400924,0.008133294532845461,0.013939607176334903,0.015527000652634787
2018-08-28,0.015422424953614873,0.015577983434070323,0.01628129742733681,0.008011045817453665,0.013684443578017983,0.015210883270495667
2018-08-29,0.014996478905588986,0.015027941268332613,0.01615045897705902,0.007891258473351141,0.013455522900400472,0.015056640537911175
2018-08-30,0.015136670829926223,0.015237371011093535,0.016417024057621205,0.007789331856410815,0.013238582993355633,0.014877363116120812
2018-08-31,0.014975972392943493,0.014869726946954865,0.01622434792779655,0.007770505643049771,0.013372515467464166,0.014648122581431802
2018-09-04,0.014654386874382601,0.014406580756125473,0.016446666296683496,0.007662182773639694,0.013117371878862518,0.014721713226478679
2018-09-05,0.014194989454385474,0.014202242712771434,0.018869362461673016,0.007674490660756594,0.014152057389915406,0.015351335565050597
2018-09-06,0.014804635311476284,0.014206704886046341,0.018600155380129334,0.007567012621781544,0.013884130138968944,0.015049951417149649
2018-09-07,0.01504412382548536,0.014090453692365463,0.018273197199246048,0.007470975196460918,0.013614771840628087,0.014881847586777651
2018-09-10,0.014552260086092353,0.013664957109910147,0.017787765819886357,0.007409954013911741,0.013337539416729789,0.014631122049681637
2018-09-11,0.014148212875366849,0.01338033570384507,0.01757762796606057,0.007308710077631219,0.013070217471142566,0.0143445462023171
2018-09-12,0.015764891010371148,0.01456531537546895,0.017314398579358098,0.007217961254476669,0.012818681820521033,0.014068256115752985
2018-09-13,0.015980684157566417,0.014281057606967802,0.01689349759235992,0.007286385157720945,0.012758355473516314,0.014435730908387383
2018-09-14,0.01748979382544537,0.015145892758153423,0.01656063629706636,0.007207913025011551,0.012534765313633558,0.01415202267066648
2018-09-17,0.016874696601369116,0.014589874298638091,0.01710051322184591,0.007226828945623189,0.012399806946574055,0.014181425480870995
2018-09-18,0.016235467955299662,0.014071138842894041,0.01741930737131462,0.007169830524799478,0.012228267075148163,0.013905508837523126
2018-09-19,0.016172710151781226,0.014112392404697917,0.02101671465837425,0.0070993426606589605,0.012014572406459454,0.01492403487393838
2018-09-20,0.016535035850670975,0.013696026895501761,0.0205204116204562,0.0070619426763940275,0.011906214674259612,0.01462087195107159
2018-09-21,0.015994755826808406,0.013551355820377196,0.021030746394545434,0.007000548572682492,0.01169485688044451,0.01434768754168033
2018-09-24,0.015421578475450469,0.013114604509479589,0.020358111711230274,0.007142817867907497,0.0115145268094546,0.016490746183766575
2018-09-25,0.01590873703219079,0.015739629856337214,0.020623216090860135,0.007066056843128733,0.011314824619587691,0.016215788713262555
2018-09-26,0.015356829011186568,0.015332742637692411,0.020419664144044888,0.006977230927561355,0.011348375688139178,0.015903650540441645
2018-09-27,0.015197006957985553,0.014908430372846237,0.020711189007926345,0.0069802072781032795,0.01124619797691198,0.015572427926424428
2018-09-28,0.014861096360240187,0.014427258729519216,0.020339961057041313,0.007209724642922897,0.011173981789344194,0.01558539107600879
2018-10-01,0.015146548197926634,0.014403382316226858,0.020304045293768645,0.00727873953753439,0.012768960636413394,0.015350341166467853
2018-10-02,0.01696379097597631,0.01620272361080107,0.021391261136454086,0.0072291767751472644,0.012898812516655409,0.015067777885603699
2018-10-03,0.01631502146039178,0.015580052428428644,0.021792047981349198,0.007586713879454512,0.01296751495340751,0.014838121137813748
2018-10-04,0.01641644160045178,0.015910547382337745,0.02188804043546975,0.00751640580888179,0.01271592583556256,0.014672763000761691
2018-10-05,0.018141650479242773,0.016559934647340683,0.022056152165016774,0.007413311128092594,0.012530782473548713,0.015013323797681812
2018-10-08,0.017392466783045887,0.015978748349777312,0.021431478495809734,0.0073363304930005434,0.012322564399673767,0.014747278493243778
2018-10-09,0.01670681497457045,0.015388230819994842,0.023733000525102257,0.007827555203854877,0.013011914706249114,0.014450320275270599
2018-10-10,0.0162927309223453,0.01532159117683952,0.0228919886567206,0.007718979255427274,0.012800008056302967,0.014465927688869474
2018-10-11,0.017532660903775157,0.016411935419072234,0.022156467126052664,0.007609063528758738,0.012604677351610534,0.014313675136068994
2018-10-12,0.01949241390424835,0.019178964830263615,0.022193993824743092,0.009480550691656315,0.013095187372256399,0.014176660966350335
2018-10-15,0.018696288589853543,0.018337219862723738,0.022232193699771065,0.00935064274250608,0.01284223749404155,0.013898293153707015
2018-10-16,0.017991009747297657,0.01758977382169767,0.0227605023736064,0.009270454405290752,0.012667233939641063,0.013658961938628367
2018-10-17,0.017259001472531163,0.017009816993605882,0.02198180384042937,0.009096508249496416,0.012428934707390009,0.013415274147219079
2018-10-18,0.019293092404955615,0.017170815197911898,0.022479371750489797,0.008954091414397312,0.012206793761932639,0.013159031964248327
2018-10-19,0.019172943263726115,0.016746000950853383,0.02451248280468337,0.00880058418429617,0.012013256477290629,0.01310588514302258
2018-10-22,0.01845049820476693,0.016169155883538507,0.024097378538921334,0.008647666251814942,0.011811537116889228,0.013053663591132816
2018-10-23,0.017676699834381065,0.01553060619518555,0.025561619626546694,0.008530326840486695,0.011631103417525745,0.012811376914578485
2018-10-24,0.0213487814806612,0.020249003303707006,0.025563488250798624,0.008616187753915629,0.011842816197164792,0.012740760406304799
2018-10-25,0.0204245401365983,0.019363894476506317,0.02500945496759965,0.008525999619171706,0.011764822026524433,0.012501767321850276
2018-10-26,0.01962736294092635,0.018718217010944335,0.024316057743824365,0.008380426914108311,0.011574390547912143,0.012270384114314354
2018-10-29,0.0187919879429834,0.01812588317198399,0.023500616282072766,0.008254375539801084,0.011417232631005067,0.012051795632712628
2018-10-30,0.018201427430811642,0.017391406973993162,0.022673225379046855,0.008240478195907735,0.011902936017634359,0.011842887459318854
2018-10-31,0.017958802968472753,0.017690300781630156,0.02189686430438101,0.008113765848275578,0.011691521252781702,0.013026737738066905
2018-11-01,0.017766492890047683,0.017050839949650204,0.022237557926226125,0.00818747050974845,0.011800586177759096,0.012778736644272
2018-11-02,0.01888142213980292,0.01634853450015489,0.02161356426695113,0.008965834256488186,0.013903035138357249,0.013303006022178295
2018-11-05,0.018307637220865224,0.019375456670615285,0.02132927250985853,0.008851007375612271,0.013619705824706356,0.01440407255184198
2018-11-06,0.017548861258357112,0.01856144807771741,0.03225378826330294,0.008695673168975982,0.013435129813266514,0.01456716825778885
2018-11-07,0.01748051347184055,0.018333525553717554,0.030940320758128453,0.008610545123494304,0.01335525945311599,0.014404415372637152
2018-11-08,0.01703717365702245,0.017544852193128443,0.029679900178560023,0.008467164695616326,0.013129096845694441,0.014208931360933158
2018-11-09,0.017225802654612245,0.017957244600913688,0.02851204745118258,0.008345998083662739,0.013055555765448496,0.013978629128648643
2018-11-12,0.016765473886772835,0.017329479891603067,0.03098823834241022,0.008697050734097269,0.01354712701855304,0.01425196598365357
2018-11-13,0.016199688664879485,0.016611413052227422,0.030217666543686388,0.008595900299135855,0.013431115968050134,0.01398484103123547
2018-11-14,0.028119878957204598,0.026811325738218924,0.03751562425298717,0.008457326201402094,0.013164540098908823,0.013723740104894164
2018-11-15,0.026816528478418596,0.025641341769140555,0.0612232378914845,0.008434816613885615,0.013003835854167851,0.013561047761092787
2018-11-16,0.025454569641537483,0.024473987283311786,0.07983856652542215,0.008326994524161153,0.013062206151599125,0.013625147649128084
2018-11-19,0.024167634370589886,0.023282861171687368,0.07791724084552565,0.008289063718820187,0.012939228051210689,0.013969495373207373
2018-11-20,0.023019887620204797,0.02216131242258988,0.07957972737082461,0.008157445328617023,0.012689140297483692,0.013693116909559058
2018-11-21,0.029196517651413952,0.029574759585675903,0.07671614250867398,0.008060806761746546,0.012619752859040606,0.013731166256880995
2018-11-23,0.028490045832038513,0.02843614338052997,0.0732696264977521,0.008005302821979011,0.012889492795635019,0.01361795408071205
2018-11-26,0.03716726749682671,0.03615048230257995,0.07053076387318719,0.007927389980771417,0.013266727215270733,0.013478059719727518
2018-11-27,0.03585527130396459,0.03532814644292668,0.06736420688150713,0.0078060969138466964,0.013015115144940314,0.013250200928753538
2018-11-28,0.03387570679423978,0.033497444272771994,0.06422286003720083,0.00785194646503255,0.01290241858188794,0.013511405732934738
2018-11-29,0.0330198314725512,0.03266897941507953,0.06832403146108625,0.007908861626343416,0.01319970665964278,0.014725380603482345
2018-11-30,0.03200581494915182,0.031205331543781953,0.06528656550301673,0.0077953262952419325,0.012945044851794112,0.014493245287479426
2018-12-03,0.030462423362534737,0.029905084270457905,0.06228580360713723,0.0077111195321332635,0.013001886968692875,0.01420160253629408
2018-12-04,0.03128386547313227,0.0322726952733162,0.0621984360047703,0.007920107179981362,0.013509025678991475,0.014010173550918539
2018-12-06,0.02964388334441357,0.030649604112528022,0.059843723603073544,0.007878804684842679,0.013407191484144081,0.01426788032410602
2018-12-07,0.030078026530728063,0.03088723612013466,0.057780411528858225,0.007777631606794098,0.013293247551234167,0.01399771224379397
2018-12-10,0.029238193465863777,0.030410378821965785,0.05618123740030021,0.007783165092303942,0.013320937454794766,0.013776976914650272
2018-12-11,0.029443678733081007,0.0301677369764205,0.05372319161221915,0.007687093437055806,0.013134311511718254,0.013837434168240507
2018-12-12,0.028145592969568884,0.02863652736018915,0.05211404257306124,0.007581581314772987,0.012876520409883366,0.014025941798499777
2018-12-13,0.02686983916464863,0.027180614050632115,0.0533152828842586,0.007479443887328735,0.013082389326539054,0.013748663233606528
2018-12-14,0.026881810184372905,0.02664018360778796,0.050884513048698246,0.007381709066100706,0.012822814756361368,0.0134879118519714
2018-12-17,0.02690270966498788,0.026033126837270174,0.05357036863964586,0.007350751131569471,0.013000645949777418,0.013227345987748069
2018-12-18,0.02687339475479378,0.02499651811394613,0.056725314828481095,0.007438677672536448,0.012886374674255909,0.012987512088753785
2018-12-19,0.03511179883981876,0.02992643914798506,0.059715985109039076,0.007337835302381124,0.01266145128464958,0.01423117399464893
2018-12-20,0.03377423609361768,0.02887984933560596,0.05766128941526124,0.007249209294351879,0.012541405094780194,0.014471215354897517
2018-12-21,0.03320990983576455,0.03188819596523265,0.05626981431724975,0.007381630030832429,0.012323935226996098,0.01426334832130689
2018-12-24,0.03147363601170734,0.030396193308361456,0.056899171549166155,0.007470996378824302,0.012367403052820268,0.014101649607658227
2018-12-26,0.037116322500893056,0.035200921410422345,0.061527901827801254,0.0076816207701873055,0.012262892496233071,0.013845707350618719
2018-12-27,0.043735209875964146,0.040940774619819334,0.059023778580679,0.00757026276731132,0.012857567341920418,0.013913072000089417
2018-12-28,0.04278825335178775,0.04107802685981366,0.05688825116136293,0.007564293426959939,0.012901305343204567,0.01401312151029967
2018-12-31,0.04065341838464866,0.0388728137743662,0.061774249106156226,0.007463088226342901,0.012798416095240904,0.013761980007586029
2019-01-02,0.038360914423229496,0.0379653584341704,0.06859748864523202,0.007364925936240882,0.012642233834266296,0.014085233288240285
2019-01-03,0.03700418263214207,0.03648991575952975,0.06541150303192786,0.00727282665569767,0.01249489602644859,0.013808251047113555
2019-01-04,0.03512425143611785,0.035034654018534984,0.062377889244362265,0.007366969428266281,0.012474322318901703,0.014237545054714706
2019-01-07,0.033659916850829086,0.03373413172251233,0.060290755069990494,0.00742527346901138,0.012237227700613187,0.01535955016586708
2019-01-08,0.032010847480171266,0.031995265709990006,0.05838797917954297,0.0073452951170310645,0.012013562142870053,0.015067488548579035
2019-01-09,0.031302725689985184,0.03121989545183544,0.05573600879747424,0.007273634787256642,0.011808494055222822,0.014833911984911552
2019-01-10,0.033577427620552346,0.03277390869917757,0.053197655711515114,0.007233876799954281,0.01159997710195408,0.014532265818704825
2019-01-11,0.031764845273831076,0.031083469692053715,0.05078929152480989,0.007183490902197772,0.011470627762731587,0.01431746881061765
2019-01-14,0.03069105308670336,0.030129215633645644,0.050139896614891905,0.007096679012863718,0.01127064940654295,0.0141721581314715
2019-01-15,0.029846915055357862,0.0296510280305173,0.06519179424000578,0.007010937558546688,0.011084875137757765,0.014022254555255558
2019-01-16,0.029876707526675914,0.02939498246985853,0.062633202486263,0.0069448651888015375,0.01093584022696666,0.013748799558382641
2019-01-17,0.02830587938781657,0.028095191960295994,0.060609903148739014,0.006907359226363139,0.010756574194146941,0.013879532922239358
2019-01-18,0.026871292551449516,0.02668275516571754,0.05785354750566598,0.006827060002084959,0.01067493510256984,0.01361361264219784
2019-01-22,0.027440679449141667,0.02645396092566833,0.055500665196562195,0.006942326745740221,0.010691579848939448,0.013702524295864332
2019-01-23,0.027072522110060504,0.0258709256448328,0.0669494978132298,0.00685969439868112,0.010571288108715835,0.01402597918955472
2019-01-24,0.025673302796805856,0.02466077497878182,0.06411371431203355,0.006779513674385587,0.010436289827940442,0.013752251385641902
2019-01-25,0.02454028046483227,0.02345376304501756,0.062236227101150426,0.006740760802011817,0.010339773124959437,0.01358088154825946
2019-01-28,0.023528311442350867,0.022484439454921828,0.05981478608682097,0.007258509797223577,0.011704867110014457,0.014197262715506326
2019-01-29,0.024655560829848676,0.02318924622744643,0.06290924537386551,0.007198365611944486,0.011535941730064407,0.014455657585865605
2019-01-30,0.0246770526358979,0.023179022658800896,0.060111752252596275,0.007154673445111728,0.011382339611819899,0.014562324289614525
2019-01-31,0.024023303264864168,0.022120628724842138,0.05820387772184038,0.007064778822691646,0.011259808203155046,0.014593047368452768
2019-02-01,0.023001302556193114,0.021103916820359617,0.055686200877527264,0.007130042153652972,0.011239427431772498,0.014344949838762656
2019-02-04,0.02343014522356267,0.020125394288548794,0.05384691256080974,0.007056657945218755,0.011225784388068842,0.01409965363080346
2019-02-05,0.02267879043962265,0.01946273976761036,0.052055687923968356,0.0069843843701719475,0.011050328148703681,0.013895686975391564
2019-02-06,0.022261674156665582,0.01879700488938499,0.049679906770242116,0.006899330016199988,0.01088519443425097,0.013714133136025214
2019-02-07,0.02128504358137714,0.018303452503112015,0.04742556086425517,0.006865375998644967,0.010875284121721063,0.013510169762140995
2019-02-08,0.02192823747764473,0.018336208750732188,0.04709490553872274,0.006785414498570418,0.010698618793146654,0.013259222835055453
2019-02-11,0.02089442515668609,0.01769089621768406,0.04512151059845308,0.006736098052429628,0.010614920154191375,0.013080238395256556
2019-02-12,0.020038286574450018,0.0172217315138032,0.04361964960686386,0.0067559072240083225,0.010576567786969377,0.012908697631531246
2019-02-13,0.019549445121909564,0.017108195320236223,0.041988832664609586,0.006686011787096594,0.010408354277675945,0.01273231396939882
2019-02-14,0.019239243681769966,0.017399670158483534,0.04219525912666742,0.006615881153681527,0.010260287380863957,0.012493578330229243
2019-02-15,0.018617440779900112,0.017291885610688854,0.04032981257039021,0.006550177221565432,0.010262145191084742,0.012262435707533574
2019-02-19,0.019019367931446058,0.018374000073384664,0.03901342060756468,0.006600903768388732,0.010591315917088012,0.012192863196835152
2019-02-20,0.01839504517573212,0.017599117761314197,0.03754044390405258,0.0073450986330465574,0.010884651237853387,0.013279367104410633
2019-02-21,0.018185356376262483,0.017097661347734393,0.03604955457673852,0.007256954705853936,0.011090709762072971,0.013469041999130675
2019-02-22,0.01743233476364201,0.016392646313930514,0.03517015719110427,0.007819570396125755,0.012047261864450104,0.013359126225759785
2019-02-25,0.01680539450872212,0.01573814062121436,0.03374401893792778,0.00774354076114933,0.01193602933313193,0.013731978841275399
2019-02-26,0.01909326364610993,0.01888050948812563,0.034772375460363054,0.0076490909077863,0.011776522736475652,0.013487459386541431
2019-02-27,0.01826958519959067,0.01816848527238232,0.03335562301140591,0.0075386264780096255,0.011563310417115493,0.01323370865074837
2019-02-28,0.019224002239649086,0.01823980607140659,0.032531661989794985,0.007530925489687329,0.01157098026153964,0.013019178287194889
2019-03-01,0.0184420009371517,0.017546424412961198,0.031209638008400053,0.007470094848645532,0.01152810009593246,0.012789305968786658
2019-03-04,0.01944662862455856,0.017448057743273893,0.030330853193616975,0.007833964043494753,0.012534840436525673,0.01260678760777928
2019-03-05,0.0190814970811278,0.016945855307837335,0.029106057540717413,0.007951361189606434,0.012500651993013454,0.012480639555462083
2019-03-06,0.01826177629714333,0.01627094283942433,0.028081957960483402,0.007843729414643246,0.012261444379070327,0.012372295809547955
2019-03-07,0.017625693880229977,0.01563327670404171,0.027376341730408194,0.0077333766195064255,0.012033715998206263,0.012212458943191255
2019-03-08,0.01707208397728255,0.01509578645550901,0.02644031050146365,0.007621032945815171,0.011829372953216384,0.012001833499385346
2019-03-11,0.01677355643015501,0.014794404801121612,0.025437583048221385,0.007783948221239746,0.012486921880031648,0.011856791215772171
2019-03-12,0.016590621876456286,0.014774216777345205,0.026469305589718505,0.007789169200903882,0.012298697368090014,0.011651618670106258
2019-03-13,0.0159681125321512,0.014242736566525265,0.025492323371333156,0.007753885441789396,0.012238388180039807,0.01160703188387085
2019-03-14,0.017111949487631666,0.01431912443725846,0.024832202263414448,0.007826517076407913,0.012023877490484275,0.01140977200799016
2019-03-15,0.01653471075273069,0.013909252334098598,0.024195268415718993,0.008046314732665668,0.01249763524423687,0.011677198597835066
2019-03-18,0.015928003913952278,0.013447527845674689,0.024212719792916237,0.008019244085123351,0.012457363642544426,0.011517995171110624
2019-03-19,0.015629006694083916,0.01312185336659089,0.02404353919031082,0.007897670667115112,0.012219742253865051,0.011317178093473126
2019-03-20,0.015092541883912437,0.012718184013801441,0.023309255058866024,0.007804437484644949,0.01201173315013692,0.01117728525997602
2019-03-21,0.01515612396371205,0.012974776994935771,0.02323186269996412,0.007725168178060185,0.011819409994338025,0.01099226666550916
2019-03-22,0.014665334831128876,0.012941788662227133,0.022420755466528573,0.007653381913610625,0.011748608076467593,0.010869647046053503
2019-03-25,0.015115668295673831,0.013156869364867086,0.02290422001899266,0.0075827647415364985,0.01154362002718672,0.01167350019706126
2019-03-26,0.014677622012541882,0.012769837806848754,0.022113658841308687,0.007631817350528267,0.011574942012141615,0.011506696519718897
2019-03-27,0.015352428483784365,0.012855682433971645,0.021443152119406714,0.007624790362456149,0.01154024698373895,0.01130620740235119
2019-03-28,0.015128235041965681,0.012493848468065363,0.02097174029830819,0.007551446335383767,0.011500329529950094,0.011123620792305815
2019-03-29,0.014646270706022136,0.012140685805112385,0.020304007141395637,0.008129318189003044,0.012242824507163526,0.010959277201546548
2019-04-01,0.014818502876490702,0.012081935039823567,0.02048824106390314,0.00800985508286015,0.01218666714825882,0.011798328648418548
2019-04-02,0.016125844004986435,0.012073958188776197,0.02048500430515019,0.007923813884879654,0.011959552244395382,0.011644869200886422
2019-04-03,0.016286372922371218,0.011854356495207443,0.02004154546091103,0.007802269246670379,0.01175056111091644,0.011505001083443713
2019-04-04,0.015705946976969715,0.011560508999449916,0.019453586202608206,0.0076836944063721135,0.011553458163490708,0.011691844111776595
2019-04-05,0.015286326125451182,0.01129053907110916,0.019292908494295984,0.007572360771524542,0.011351931311950296,0.011809024206703768
2019-04-08,0.015526574793765034,0.011780184443547394,0.018873163085094187,0.007464132582149639,0.011154343500943586,0.011659828482868952
2019-04-09,0.016293112506780463,0.011941190170745093,0.01896901797597964,0.007426810774341442,0.01112795831212785,0.011747042146813935
2019-04-10,0.015852095743894335,0.01185169585569521,0.018465597777743953,0.007384304966426832,0.01093909122275566,0.011539272742728986
2019-04-11,0.015566951598805018,0.012518679216546036,0.017963716066775885,0.007328011828674952,0.010767178216300868,0.011358211159184046
2019-04-12,0.015920467066991604,0.012818334972474072,0.01798022532646559,0.007961098801999893,0.011988142462358693,0.011474953899115615
2019-04-15,0.015412200497521835,0.012809433055724398,0.017520819759178272,0.007839890469153676,0.011852995425597779,0.012047781446035528
2019-04-16,0.01511278256330902,0.012547707763421474,0.018920575224227874,0.007749172140379073,0.011643934483001536,0.011863657246036066
2019-04-17,0.014928926242636736,0.01239788300109916,0.01851864028265959,0.007990615735460553,0.011468448406114148,0.011655374798615989
2019-04-18,0.014533794786856511,0.012063752325118575,0.01918698320426948,0.007865315222882866,0.01127484174486956,0.0118708157382698
2019-04-22,0.014121059006307453,0.011832293554654356,0.01893407789369272,0.007744676714733583,0.011082356528384282,0.012152619522862855
2019-04-23,0.015935584307558755,0.014489763826905708,0.018826237773689327,0.007630332809432106,0.010898493247312773,0.012030775235744074
2019-04-24,0.015601657445323184,0.01410226566749452,0.02015440042921128,0.00755570094310619,0.011071566478556807,0.0118296486105964
2019-04-25,0.015209912381463702,0.013619628785767737,0.01955345636643265,0.007505670402320355,0.011042670701553917,0.011693460388889153
2019-04-26,0.015101518402176156,0.01321367615265747,0.019962464786776667,0.007398523943027926,0.010871622439536942,0.011851655778532817
2019-04-29,0.01746333056491336,0.01593606540524933,0.020286912682411368,0.007429444922230937,0.01089431709205149,0.01335580252051275
2019-04-30,0.01678798887116599,0.015325054494048394,0.019897929010964318,0.00740546587470069,0.010974357915411318,0.014155694148390036
2019-05-01,0.01625437610404059,0.015088112800903102,0.019423958608847724,0.007327856480793853,0.010822289687313883,0.013880305293289659
2019-05-02,0.015750367813498926,0.014791555257503362,0.01953848875347903,0.007233938476985481,0.011324530978734062,0.015410960434044307
2019-05-03,0.017766196285913576,0.015608166439332887,0.019318212855229763,0.0074041827869187945,0.011245308449312456,0.01516269098392941
2019-05-06,0.017053417635566843,0.015014409917061555,0.01894723634635676,0.007448662779436763,0.012363320414485766,0.015151923149700486
2019-05-07,0.01645118942066481,0.014551338941837194,0.019128816830752012,0.007351479988934997,0.012153068716971695,0.014864640656813723
2019-05-08,0.016470623144430093,0.01531229174865763,0.018637831911749315,0.007253995468681122,0.011926262278634192,0.01491434676156213
2019-05-09,0.016241333703338058,0.014883631794576602,0.019993127541246505,0.007194354707143894,0.011753584722311519,0.014625812973144586
2019-05-10,0.01581609128227606,0.014340171489693694,0.01947484834629779,0.007124771504745322,0.011614294933417969,0.014331336486582904
2019-05-13,0.015260385704611657,0.013868901961682407,0.019092175292202095,0.007039102433435402,0.01141024933069874,0.014044415725033422
2019-05-14,0.015127320497243173,0.013528054670516439,0.01854790897577841,0.007302573871370693,0.011212512328405666,0.014402455979969798
2019-05-15,0.015072607023290673,0.013799054086581011,0.018530409824874253,0.007263519967533261,0.011035059729013065,0.014117341575751197
2019-05-16,0.014614087594377155,0.01352270293309294,0.019243058035110804,0.007168703626351542,0.01084933306713706,0.013907261587206819
2019-05-17,0.014749503131422544,0.013566729635136056,0.01916897862087397,0.0073212500137095834,0.011460440468005895,0.013636875635992576
2019-05-20,0.01429936629351566,0.013257787481973614,0.018646670819733487,0.007434735205038181,0.011442592801045138,0.01339655662988482
2019-05-21,0.013955878018301822,0.012891610343174771,0.018723542012901946,0.007332940628523033,0.01128002947079084,0.013171892437667223
2019-05-22,0.0135775355117224,0.012531083435527382,0.019480282716099532,0.007270043936377482,0.0110999492869836,0.012957787832306175
2019-05-23,0.01553010203665387,0.013276662443232721,0.02064105138052732,0.007175075726681857,0.010929314637401377,0.013045155890122964
2019-05-24,0.024041296390224377,0.01950179111623555,0.020392824978314506,0.007293216751730753,0.011032510892190636,0.012796593580803319
2019-05-28,0.02315709345753864,0.019089314691125424,0.019886610030689887,0.007203664773039035,0.010883285729884477,0.012645279919077167
2019-05-29,0.02218142757242861,0.019302388368545743,0.019388026919040246,0.007196596857801464,0.011330193187329363,0.012411971668170868
2019-05-30,0.021215886116368612,0.01869515346711158,0.019693307543136064,0.00712703828713234,0.01122110657712939,0.012425635782192086
2019-05-31,0.023702466691007267,0.021497313245785632,0.021612403615324016,0.007103372883990107,0.011110099405785985,0.012235372108113209
2019-06-03,0.028806589626565935,0.023465290115868648,0.023761042517975645,0.0075958048040243135,0.01097292345704929,0.012069625604163293
2019-06-04,0.02733880454230291,0.02751078349559724,0.023800609123324854,0.00792184577257002,0.01110378124329439,0.011872158340184638
2019-06-05,0.025948427515305905,0.026342944504672307,0.023005208001740437,0.007798208110463989,0.010923660558716403,0.011739646188897643
2019-06-06,0.026973672341028078,0.025970334714809248,0.022736477572356882,0.007710881793524444,0.010746800477974638,0.012109691739430061
2019-06-07,0.02613498100727647,0.025224107051482748,0.02304969078641114,0.007719153247693916,0.010707837504278369,0.012071988807380701
2019-06-10,0.026102874471146665,0.025281518589633237,0.02230578794813282,0.0076190629120228585,0.010698443034399431,0.012003951078478087
2019-06-11,0.02517189595857962,0.024563434013142222,0.021692736826800396,0.007955232600281527,0.012055044417051282,0.012069681761854887
2019-06-12,0.023904374943494896,0.023360138151877853,0.02161685596122163,0.007832661087587144,0.011929035842718778,0.011882110700911323
2019-06-13,0.026223349367736917,0.025250649622432772,0.020978689334775938,0.007752615742192755,0.011712462909860081,0.011745218421947402
2019-06-14,0.02579639707906518,0.024951677032642162,0.021790864397384816,0.007709235684235424,0.011715620519378888,0.011537641919677212
2019-06-17,0.0245153367086089,0.02397337203296633,0.022475179233140276,0.007594217251254148,0.011584080510752931,0.011533866979352563
2019-06-18,0.023583463469264054,0.023471186578632362,0.021712161786345344,0.0074888924133739545,0.011387450258897223,0.011402144049996612
2019-06-19,0.025255673970284845,0.02312930522019431,0.02229841899727619,0.007471426372375028,0.011457608315248929,0.01200616432578811
2019-06-20,0.024002615645760502,0.022084162441553392,0.022623636841971672,0.007375243773647035,0.011268926606072609,0.011923440185561794
2019-06-21,0.028099254849195246,0.02469644790395926,0.02511613421765874,0.0102620949584105,0.013469735941716235,0.011943073968669348
2019-06-24,0.026951939520117006,0.023746815220152012,0.024190896890315332,0.010061647745090633,0.013502879789475383,0.01175403196242947
2019-06-25,0.02567389929010757,0.02266183673741629,0.02805633906752693,0.010196050629517374,0.013299107712655038,0.01154588452273556
2019-06-26,0.024377357782432038,0.021595801889056982,0.02696470407909522,0.009989069147979049,0.013081368871080412,0.011566077690124838
2019-06-27,0.024573702806610215,0.02166212814065752,0.026034645627378148,0.009804808338522673,0.012822439425905824,0.011524013346409647
2019-06-28,0.02334813424117012,0.020646668907442725,0.025405421485431914,0.009626519593963732,0.012624975874869864,0.011323163537298522
2019-07-01,0.022838693042237786,0.019697728634051313,0.024559883131681715,0.009440255600576888,0.012400367962885602,0.011143649337970414
2019-07-02,0.02196605511548764,0.020135856833904016,0.02429784426792976,0.009949239954336523,0.012357644414845556,0.011145608490366379
2019-07-03,0.026196553258866283,0.02329090728161089,0.023713345409071815,0.010131658072149198,0.012143180047114703,0.011097062493692002
2019-07-05,0.02554865235733418,0.023229330044096965,0.023791050945196228,0.010098509269568812,0.01200114124927465,0.011037673396252137
2019-07-08,0.024266643650401338,0.022193039358389514,0.028131311622061825,0.010386818134752267,0.01277866153957001,0.010981715148321762
2019-07-09,0.023071817221558377,0.021153083685167894,0.027101670636328925,0.010173271059955618,0.01255446962671828,0.010800820093805633
2019-07-10,0.02196606798353075,0.02017084599820094,0.026193271462928873,0.009967060795594089,0.012393678828989634,0.01091968006615411
2019-07-11,0.025038071057814366,0.023511385467799358,0.02530439789898615,0.009930704593576624,0.012212492031348353,0.011986007074202413
2019-07-12,0.023819532290713267,0.02250279100940143,0.024627948963374977,0.009776497582781683,0.012043128567448474,0.011801298807089295
2019-07-15,0.022647470127658748,0.021448113337156585,0.02415026733001806,0.009613882757633639,0.01189944748203322,0.011609908681162238
2019-07-16,0.0218412712056027,0.02048259460044198,0.023964626064949736,0.00942849207081326,0.011830967578518356,0.011468263313413288
2019-07-17,0.023426830181005595,0.022084358113152174,0.02657896251283311,0.00925676646219657,0.012442304285594074,0.011324655804498707
2019-07-18,0.022797416821746436,0.021324677602779597,0.025569845373653435,0.009241017157641144,0.012885859429347031,0.01119776729296819
2019-07-19,0.023314214943012206,0.02211985304987392,0.024727600883161848,0.009089588139527137,0.01301889601864759,0.011018716849220647
2019-07-22,0.02224388346974925,0.02123546507302633,0.024319648165722442,0.008924371721986856,0.012761582267373095,0.011256431764281682
2019-07-23,0.021420303313463847,0.02060664451680397,0.02475355707779176,0.008762727389248779,0.01287895973204626,0.011306910630933524
2019-07-24,0.020627740888621453,0.019845596056900342,0.02390817387767979,0.008646437363239742,0.012656278521154614,0.011230400240166307
2019-07-25,0.02035547582325218,0.019235162057070047,0.02544237822663623,0.00850120769998051,0.012571629347922341,0.011062882004583862
2019-07-26,0.01944569128379022,0.018404922360698187,0.02469773550161991,0.008466430316969364,0.012673415426527153,0.01089906576708904
2019-07-29,0.01861404555460539,0.017609369734204378,0.0259447424026744,0.008343649176906078,0.012429796780576232,0.01082484773561892
2019-07-30,0.01818320636851257,0.016905421952051886,0.02529058658820268,0.008204136373818243,0.012206408064757762,0.01093851227417723
2019-07-31,0.018543455415985205,0.016914937192085807,0.024363951028886964,0.008189914861788853,0.012098716910386373,0.011183708114061344
2019-08-01,0.01796714408624155,0.016353649559264768,0.026905021430693798,0.00807737809630496,0.012047665640469636,0.011040740684232133
2019-08-02,0.03138041751002648,0.028140718509476245,0.026230700713146912,0.007990261379517229,0.012225846430418153,0.0108559014255712
2019-08-05,0.031235437693990637,0.027616424341684976,0.027687939503219364,0.008607640139323452,0.012075107421127464,0.013115209927617753
2019-08-06,0.03010570795460919,0.02835450720611724,0.027629087908156536,0.008858744033670669,0.011967896462600651,0.013073491721223084
2019-08-07,0.02920233038409536,0.02731770833712159,0.02718339914735157,0.008760359054216366,0.011775000189107336,0.01287153610305835
2019-08-08,0.031717186445573246,0.029875647213714652,0.026459295877038796,0.009844409916645027,0.015263047923768895,0.012675932776112297
2019-08-09,0.031236071280551628,0.029018581052746177,0.02623101927034256,0.009749475595051326,0.015302229036412538,0.012781711781123934
2019-08-12,0.031684586203684376,0.028205952828545048,0.025277237810355246,0.009560613429816164,0.014967973644440137,0.01262915027266503
2019-08-13,0.03006316856673957,0.026774513680617448,0.024432436877827923,0.009443961593129544,0.014760927211255997,0.01239870049199448
2019-08-14,0.030922113196427316,0.02910291998140081,0.02426341514157191,0.00927663488887275,0.014486545126257622,0.012668914561198053
2019-08-15,0.031159791742790027,0.02921227816436968,0.02339873286577338,0.00928059321317843,0.014693957058439382,0.012807693003486987
2019-08-16,0.02983381206987082,0.02852648425140817,0.025639402196094147,0.009116347717745272,0.014405162507816628,0.01256797480513028
2019-08-19,0.028327995812802664,0.027155995810163983,0.025080584427286574,0.009007628557515664,0.01415249162242175,0.012334052625523425
2019-08-20,0.027861231547931124,0.026414845754868962,0.02419054694525169,0.009010801175941784,0.014062972890536833,0.012118561963452195
2019-08-21,0.026413627723685766,0.025134493703833943,0.02334181962856222,0.00886061276453342,0.014033725289230628,0.012048559646237203
2019-08-22,0.025361114759184154,0.02393038974954986,0.02349569902956261,0.008701495702541086,0.013741511837002814,0.011844269405684503
2019-08-23,0.024167368314033082,0.022861668199473086,0.022726937968434745,0.008615400759150762,0.013538787644286863,0.011860795116009236
2019-08-26,0.024010371503238526,0.021992640253622985,0.021973514564861848,0.00933901882868715,0.014147129128696449,0.011873344836561725
2019-08-27,0.023059232894183383,0.021243344480550538,0.023747351988713927,0.009162870743059527,0.014151411211148754,0.011713787668808684
2019-08-28,0.023139425901354104,0.020682979977596792,0.023235059989680375,0.009194357293191204,0.015264407405087076,0.011509247008579497
2019-08-29,0.022509356415314454,0.020357451708724595,0.023354060140094973,0.009036559158496457,0.015064979537771798,0.011323061666574527
2019-08-30,0.022020654101071263,0.019648325334405397,0.023284664434769873,0.009013086340593232,0.014835066282263021,0.011147466310631439
2019-09-03,0.022940751391760217,0.019079581583966016,0.022523435834230315,0.008913129869612698,0.014517482863085518,0.011179108390590178
2019-09-04,0.02289694197929707,0.02157826169406999,0.02368730815504465,0.009445477361572968,0.01777774990400007,0.011125194793838458
2019-09-05,0.025453830818445152,0.0241898431407192,0.025275593582968846,0.00927944997378807,0.017733466042494584,0.012197250803704858
2019-09-06,0.024166404129488513,0.023040724737214965,0.024377356473460017,0.010284779100844143,0.0193527312507804,0.012504560791969387
2019-09-09,0.02299401664882763,0.022127507961883685,0.02461892292101331,0.010162046577466208,0.020671175423036835,0.012295949208925468
2019-09-10,0.02303157903129248,0.021710889143026196,0.025922281554897668,0.009975452333548027,0.02017779224553343,0.012078502735330286
2019-09-11,0.022074219542887318,0.02072332392471305,0.024958533521108772,0.009925460648398427,0.019691665743943793,0.01185990085452996
2019-09-12,0.02303320728695427,0.021352959616589298,0.024279876781542045,0.009740738023142974,0.019219229468919054,0.011698239879640164
2019-09-13,0.02226829313966256,0.020488541764810308,0.02353629402052376,0.009564143331273551,0.018761098819943714,0.011669986513137191
2019-09-16,0.021264156697131168,0.019571918037689366,0.02315640041393485,0.00944940706882965,0.019839076607854608,0.012306350329829477
2019-09-17,0.04769087154688498,0.046482800032361694,0.02358092961503637,0.009409009039007253,0.020226735795851342,0.012983192467817675
2019-09-18,0.048649249202040584,0.0487355699959026,0.02280207804925436,0.009232018602760147,0.019787879244192973,0.012772483869109754
2019-09-19,0.04634927652718068,0.0463246705330659,0.022312960824168684,0.009062850437412017,0.01950935423970014,0.012586052715785858
2019-09-20,0.04369286025252782,0.043977007797262706,0.024491457432446344,0.008993770560642947,0.019044235096563177,0.012358154881290337
2019-09-23,0.04120645220551261,0.04160679155944846,0.023610656566537935,0.008905087832365951,0.018596768934150104,0.012131354690442152
2019-09-24,0.03897813305441255,0.03943594233041913,0.022795413593526583,0.009009879759948006,0.021007056200364138,0.01191531120407037
2019-09-25,0.03755613351961661,0.038232128245775605,0.02221119024138386,0.008909497000103777,0.02051913468972013,0.01171018344153733
2019-09-26,0.035760724148807106,0.03637722982399437,0.021464653150896355,0.00954554115049264,0.021144555645323884,0.011510105792579994
2019-09-27,0.0337876742379578,0.03448989259545241,0.022686493678025648,0.00936718240842085,0.020726466370139873,0.011668038222562838
2019-09-30,0.032077472051925966,0.03295289667065286,0.02212610017177981,0.00927072847716247,0.02046693118258859,0.011606124730181397
2019-10-01,0.03219227192047413,0.03177636459808889,0.02340452849609444,0.010254584491729135,0.02169717974629405,0.011505813725409415
2019-10-02,0.03057771650413681,0.031735513755194164,0.023427841298082702,0.010288303900538668,0.021530634158522903,0.011354861384556032
2019-10-03,0.029557778257741148,0.030789706524772066,0.023126627055813618,0.010400504651744318,0.021584821453240526,0.0111832017079003
2019-10-04,0.028020118988156435,0.029199444825195712,0.024750162227620234,0.010215624666731999,0.02105471271295274,0.01107533481665285
2019-10-07,0.02663048197585554,0.027921463726307497,0.024017498493146276,0.010009791586081401,0.020548715174493064,0.010916290618346544
2019-10-08,0.025266933309509788,0.026508181760633166,0.024036805357059134,0.009887363336987913,0.020078369121134657,0.010813197021966987
2019-10-09,0.024009060777563405,0.025191483339973036,0.02326853765395963,0.00969208649928982,0.019697273365313545,0.010660347318238526
2019-10-10,0.02282693328794839,0.02395044991219849,0.023609228378975233,0.009573104056015714,0.019273940004975645,0.010488722012195383
2019-10-11,0.022424253033403622,0.023144312253271467,0.022887248917494905,0.009528035922831447,0.018999183021596568,0.010875007501820966
2019-10-14,0.02233504527317665,0.023201825797285892,0.022106794870912244,0.009507197294841523,0.018562902709538174,0.010744944202866208
2019-10-15,0.022287198425754485,0.0229263346979272,0.023085561993396557,0.009399336525916959,0.018254116947146532,0.010575208932235536
2019-10-16,0.02176327456053279,0.022080221441565545,0.02354112684071004,0.009442280786957443,0.018308307992022717,0.010526815026999823
2019-10-17,0.020970809439228973,0.02132595211101124,0.023206572859722132,0.009364603965170436,0.017886135711782068,0.01055175939788806
2019-10-18,0.0202581880389439,0.02048126509870436,0.0224736571460967,0.009202110488912374,0.017626252344318197,0.010397723043835863
2019-10-21,0.01937438635682288,0.01972423224747465,0.021710139367059,0.009052770742878798,0.017223193637139048,0.010663014504979312
2019-10-22,0.01876216672681217,0.019005874683114616,0.02367081392884635,0.008929510917654438,0.016829486069791372,0.01051680810530115
2019-10-23,0.01860330917615405,0.01856093282518212,0.023260345990943863,0.008769165434010871,0.016486019085259946,0.010404076163697134
2019-10-24,0.0205464771435039,0.019275642419863112,0.022480721463859217,0.008679908860323635,0.016144560905511456,0.010713578489933989
2019-10-25,0.019655225185558175,0.018580565610916634,0.022148038812972625,0.008608292065608163,0.01602782058625621,0.010543638558964596
2019-10-28,0.01892149114133568,0.017849595020611363,0.02151581496864619,0.008458289709646198,0.01574260146681559,0.010388923742555798
2019-10-29,0.01877634041431634,0.017255284163509618,0.027798897424072776,0.008428403987105192,0.015404691384377172,0.01023398872255888
2019-10-30,0.018057788816932933,0.016538438166235576,0.032177983073667454,0.008299387239394981,0.015078080444006483,0.010102266384687284
2019-10-31,0.017558840109436064,0.016676573217080725,0.0326204775426379,0.008199494634702275,0.014760739781431338,0.009950136956833755
2019-11-01,0.017659913534144218,0.016133773843314814,0.03196818666092613,0.008426060949549343,0.014652281201416902,0.010499935969554633
2019-11-04,0.020432944856602683,0.017170236871334076,0.031950707902842435,0.008300150159552435,0.014340000758569943,0.010423776568272487
2019-11-05,0.019584693341681197,0.01659593469702799,0.0327359817661176,0.008162065117838428,0.014037876626725095,0.010330075703688808
2019-11-06,0.019079134615337945,0.01643352289071283,0.031661551702776895,0.008898928521564665,0.015106622583585251,0.010389671988207496
2019-11-07,0.018948600691326166,0.016956761127056935,0.030585218770714774,0.008825936931210471,0.014787705020731312,0.010572821690010836
2019-11-08,0.018636550795951865,0.016479730903392192,0.029976265888401216,0.009429676297947297,0.01634966260828657,0.011470332824200971
2019-11-11,0.017851142413688386,0.015850191962738677,0.02882235579464384,0.00926201909138666,0.016173582387550896,0.011828714590148094
2019-11-12,0.017275395151490208,0.015335293117072976,0.03247029382116798,0.009131660583965882,0.01581362808690204,0.011707637704435472
2019-11-13,0.01660243915922814,0.014774604295713367,0.031184721103082194,0.008979382420343194,0.015505219586808885,0.011592509690139467
2019-11-14,0.016057214603835378,0.014314045624200989,0.03001664928943206,0.008910389424448556,0.015442598850785633,0.011399170403259202
2019-11-15,0.015620564648992528,0.013825076449030825,0.029290192292005704,0.008853852305699439,0.015177520583719155,0.01129798053470574
2019-11-18,0.015909926737626555,0.014261771690706642,0.02848455644369097,0.008723050565191529,0.014885485529590261,0.011176168799258382
2019-11-19,0.015821192676850438,0.014444888014146846,0.030774951175349133,0.008579993731302893,0.014580082494771947,0.011078963571597227
2019-11-20,0.018549559000077924,0.015997469931595606,0.030283962575203178,0.008435334262737482,0.014351057043939196,0.01124725481354514
2019-11-21,0.020657109484576913,0.01708576134063032,0.02961785259191371,0.008292108855841357,0.01404825702369047,0.011070930564782122
2019-11-22,0.021228198901983734,0.018088938138039076,0.028443960845253625,0.00829213916693981,0.013771789634141858,0.011077464069703953
2019-11-25,0.020754493697002184,0.0175625949595111,0.02952306737109089,0.008154360178148965,0.013516314868308003,0.011082736373634437
2019-11-26,0.019837801543779777,0.016865497580544016,0.03236739804008719,0.00808249128338332,0.013328365558642865,0.010895998726812024
2019-11-27,0.019062751759703855,0.016440168970309924,0.031908331392438205,0.007961848605152413,0.013224078000056266,0.010913721657907384
2019-11-29,0.01832996223050192,0.015821487709468975,0.030811428923982028,0.007897361662105758,0.013053825009572563,0.010732521154421061
2019-12-02,0.024168708602355454,0.017258606909710823,0.04059230232800985,0.007950336983245862,0.012816210956965552,0.010869936920523918
2019-12-03,0.023375802725052627,0.018269551709796706,0.039297051686033195,0.007843755858772769,0.012689958929931931,0.010719409325375765
2019-12-04,0.02224372226677297,0.017492360896310535,0.040120062846409385,0.008022400227814539,0.013005113461023352,0.010730587745801878
2019-12-05,0.024703287947738937,0.019999961125240665,0.03873029487417118,0.007922069898216543,0.013462771905555317,0.010923941023908266
2019-12-06,0.02346901931399272,0.019181663539712387,0.03720136594347156,0.007805660960100135,0.013326183930832881,0.010746862581236185
2019-12-09,0.022672318907282857,0.018948269493336046,0.037523759224097876,0.008107697331128873,0.014441116676221668,0.011616634417392689
2019-12-10,0.021611960755341855,0.01813037601082693,0.038377147087510805,0.007976817902308283,0.014151198692155142,0.011720300717150491
2019-12-11,0.020623592759060682,0.017355443525005378,0.03694973957481597,0.007861068952782994,0.013880775443916709,0.011530697750431211
2019-12-12,0.019874347428873645,0.016922884592612944,0.03547997254099158,0.007790949038334017,0.01373479000666012,0.011502701382805972
2019-12-13,0.019104825303782727,0.01638470867822778,0.03573710265495515,0.007685501117523808,0.013517775639591036,0.011312548427957467
2019-12-16,0.018838607316937067,0.016455431789285924,0.03447848692730957,0.007663164138571952,0.013271582621137585,0.011141233933622562
2019-12-17,0.01804338670539659,0.015802991809241777,0.033518715473414035,0.007551198138844476,0.013079463068191686,0.011338508077216848
2019-12-18,0.017680831181483538,0.015593028805755112,0.03225014635229647,0.0074432282677427165,0.012831868966819508,0.011143988892661261
2019-12-19,0.01696915417083271,0.014998271551064445,0.031230484088870636,0.007346907359873843,0.012585676248238193,0.01095751880724735
2019-12-20,0.016367590801348385,0.014539551586880506,0.030008781514908826,0.007281644647006825,0.012418195492766966,0.010823684744667486
2019-12-23,0.016318538844238402,0.014161982579457187,0.029662231361443973,0.007205372080831473,0.012214865134695985,0.010758400753439068
2019-12-24,0.015718103662406283,0.01371653715874257,0.0322844056960594,0.007183864283568406,0.012496321186962337,0.010589884976252895
2019-12-26,0.015440695243186323,0.013768127946946374,0.031500254206950726,0.0074345359099991706,0.013048169324567396,0.010532794703210033
2019-12-27,0.015166832087585312,0.013698171436467996,0.03435066167168479,0.007450957695157533,0.012901873296686945,0.010529265509464378
2019-12-30,0.014661979214984648,0.013284420909093072,0.03774661906459738,0.0073664194156694675,0.012661685664476294,0.01056903015630563
2019-12-31,0.0142061329999261,0.01291995699815044,0.036312396280647724,0.007264970332072069,0.012437596863058708,0.010422959970896586
2020-01-02,0.01419131514038509,0.016975544191243027,0.034759073161336584,0.007193902160440595,0.012242685441322598,0.010564071523702496
2020-01-03,0.013779781382597304,0.0163146309203973,0.034606198681317854,0.007125840509149724,0.012132773107720096,0.010776832128676375
2020-01-06,0.016342113685954358,0.019028989810589578,0.03315982433797762,0.007752850502550551,0.011971703513084868,0.010912857052425937
2020-01-07,0.01576531127241733,0.018236056374124687,0.03178213894831393,0.007944020144947156,0.011756359552594192,0.010732135995898971
2020-01-08,0.015509054490383908,0.017709306018637527,0.030696481431334462,0.007848112574461523,0.01184771268592718,0.010559104814041043
2020-01-09,0.02203431373529011,0.021577542520018658,0.029605902227662288,0.007975480279652603,0.011966255453058947,0.010444473020166403
2020-01-10,0.020994997842897923,0.020571381949004753,0.028622345134382714,0.007893154440449468,0.01208562082876387,0.010300657636820015
2020-01-13,0.020243062528125952,0.01972581916525111,0.02791933165323271,0.007802370541089837,0.012051518149040026,0.010154738804419656
2020-01-14,0.020060759422498922,0.01923282037092117,0.02698056542891102,0.007789519270264009,0.011904322927454853,0.010471944456444306
2020-01-15,0.0191741031066285,0.018425458526016774,0.02595214662403254,0.007720431300714,0.01210945921750885,0.010354803536012067
2020-01-16,0.018508536324332973,0.017800899959764603,0.026711561145785587,0.0077034245828063305,0.012282672094791726,0.010203287839807965
2020-01-17,0.018110444266012007,0.017293369170153658,0.02644606867529765,0.007603628425905539,0.012066817814691308,0.01013637649318009
2020-01-21,0.017363360059576716,0.016604733824482274,0.02772728944100518,0.007594014935187062,0.01196428262696837,0.009983651980851478
2020-01-22,0.016722710888277578,0.015991843453074635,0.0314959535668796,0.00749330392373128,0.012194446967465739,0.010543648642352452
2020-01-23,0.018419240717890643,0.016824808207155314,0.030240852178176243,0.00738975564644798,0.011968428785513232,0.010648566172705164
2020-01-24,0.0188593290600262,0.01719760358388646,0.029195407512501177,0.007380002069637944,0.01174824483294129,0.010939787912334503
2020-01-27,0.019846245706776414,0.017901328129676194,0.028530320372368915,0.0073207003086731915,0.012060717644133594,0.011212093109311512
2020-01-28,0.02000382159187416,0.01860520284327089,0.027438000957095365,0.007253162339867046,0.011859133454935692,0.013089522724739528
2020-01-29,0.019199692630892794,0.01781693190154429,0.02683184306983081,0.00723571705518695,0.013876149894330017,0.012916811479728556
2020-01-30,0.018398277216810612,0.017124114819824857,0.02736523304907158,0.007139612303952354,0.013593893462376019,0.01285360225043095
2020-01-31,0.019084803844717713,0.018328000751929155,0.02746823674098222,0.007256941184326658,0.01484052448182714,0.01285699536678174
2020-02-03,0.01863487768763727,0.017554133757883873,0.02647087871177792,0.0071614561770400095,0.014523173055828337,0.012618522108914754
2020-02-04,0.020077381244835883,0.026679981971052914,0.02573576415687965,0.007115314653674297,0.014814504936268427,0.012398614297881947
2020-02-05,0.019467996415943878,0.025511444782509028,0.026206504378165296,0.00790089211021095,0.014567128275796617,0.012487508174266502
2020-02-06,0.019894704690488398,0.02536954860174726,0.025286249427044424,0.007831902177496712,0.014265937733225835,0.012512051375991571
2020-02-07,0.01904004410552289,0.02420494132870645,0.024350920551901457,0.007763990882095059,0.014235716328684615,0.012374454401664951
2020-02-10,0.018677774898424555,0.023185379684798283,0.023483497659411448,0.007656617385014397,0.014025464677299072,0.012569302237796462
2020-02-11,0.018551278163483096,0.023173459307476295,0.027389403457454494,0.0075791186239535634,0.013781967138934459,0.01233642925772633
2020-02-12,0.01790304243660612,0.022458219020698292,0.02657923011517665,0.007575939979775127,0.013701477681255235,0.01235857746921369
2020-02-13,0.018750191250292272,0.023630111552814016,0.027167197615457588,0.007467854013309595,0.013476279987003017,0.012207322513227288
2020-02-14,0.018005264289503733,0.02268144564030409,0.026299121679789893,0.007422784811408146,0.01329194344459028,0.012029166442452235
2020-02-18,0.017654769825903475,0.022238228428083425,0.025361425654084516,0.007377614765012756,0.013103963169461124,0.011868677817356564
2020-02-19,0.01694457042317987,0.021302270385912078,0.03328844471751737,0.007596012841083431,0.013841060301357407,0.011660940733286657
2020-02-20,0.01784328620367258,0.021559578150518125,0.032157531458327164,0.007539100929551618,0.01369561805037736,0.01145655974073121
2020-02-21,0.017332876659552337,0.02056995464439978,0.031322949136322886,0.007511624990811479,0.013416221759243827,0.011349595271393296
2020-02-24,0.016839252375552078,0.020112866911020003,0.030141705676692023,0.008184387427966094,0.013390239298424936,0.011297811956197683
2020-02-25,0.020124301028595713,0.02268711682563508,0.03158587189039494,0.008739989833775807,0.013752416524934275,0.011297265590953011
2020-02-26,0.021543368558671228,0.022931546810819707,0.030455549376141488,0.009179670406829042,0.015801321403857566,0.011106989455215441
2020-02-27,0.021924248601078018,0.02356620611486384,0.02954681990674606,0.009057306805655118,0.01607516106030987,0.011043717271302092
2020-02-28,0.023609781618455082,0.023647967330486557,0.030694296320944475,0.008890971460917477,0.015858945979818163,0.010867349056079632
2020-03-02,0.027703871058481842,0.024710671171716773,0.03180560274195615,0.01318513250928593,0.02276812466802272,0.010895386353453074
2020-03-03,0.029571280496333105,0.024930592255619978,0.03296093045413856,0.0133817447266167,0.02254608212045158,0.011586742245042992
2020-03-04,0.02813426785013583,0.023706219187490444,0.032432389065056556,0.014512765189397982,0.022769897976845966,0.011520557012463913
2020-03-05,0.02681562257794322,0.023008212165263175,0.03139631489764874,0.01416684178149518,0.022216311094935482,0.011367752681794366
2020-03-06,0.02617390163873575,0.02304188869896659,0.03151467425943139,0.014173399891448947,0.021757803010291833,0.011206849960381763
2020-03-09,0.04189743419280993,0.038071035268298095,0.032222089816457467,0.013844932385847379,0.021287668159998923,0.01104569679441292
2020-03-10,0.09781638052444816,0.0935604065313596,0.03313657091561991,0.013524108015743209,0.020953112773817808,0.011589608118672278
2020-03-11,0.0970939161084146,0.0917831396284347,0.04074548011896643,0.013355589883599884,0.020480920725658467,0.01141322629782983
2020-03-12,0.09225109192673976,0.08753859739901343,0.04003979383981791,0.013243946564906984,0.020123093872961705,0.011368581901004132
2020-03-13,0.08799891381241362,0.08590889673561815,0.03876787436711689,0.014590514534712877,0.02226522777103782,0.011477504846707903
2020-03-16,0.08279704966811906,0.08132816266984357,0.03734723743826882,0.017336490396659916,0.030981250034007014,0.011295514074371404
2020-03-17,0.08417720370866512,0.0853984709470467,0.036835087641876076,0.017412495126066484,0.0409153558654702,0.012863426239303593
2020-03-18,0.08168779576829087,0.0818729143448168,0.038200153494643264,0.017784005228014606,0.040189023501198545,0.014618628084911243
2020-03-19,0.1173968799172928,0.08950688955058855,0.04301721869228227,0.018563736882463665,0.04140061610660578,0.020362815366244263
2020-03-20,0.1293380800989127,0.09440147481120142,0.04211156017924656,0.01809432934450759,0.0408630567702447,0.02025300564806917
2020-03-23,0.12717975042321947,0.09072235134110379,0.04131904465947619,0.017651855729296614,0.04004080955137857,0.019821821734173278
2020-03-24,0.12023938354117536,0.08566373164326116,0.039501067593810536,0.02053323051570826,0.04186106080110867,0.020573338421079206
2020-03-25,0.11336907460203753,0.08090174507224203,0.03891246870457812,0.02327473200208296,0.04388670181075869,0.021459100669689132
2020-03-26,0.10676960443961692,0.07644680698932213,0.03723195094748237,0.022948025236598665,0.04372020891730559,0.021244998422679302
2020-03-27,0.10360624893452748,0.07324402588493129,0.035865227992837555,0.022455934834394203,0.04266028544672608,0.020912145427758943
2020-03-30,0.09870112704764214,0.07131145222647733,0.03434079157158985,0.022132288559177336,0.04158236929357747,0.02046928367956729
2020-03-31,0.09534125554084939,0.07317013744935597,0.034392430594929094,0.021560236983381897,0.04101704424188133,0.020294393667461382
2020-04-01,0.08985897419383247,0.06911129357972816,0.03418665116671093,0.021602520160942745,0.039929223762231424,0.021154088067543056
2020-04-02,0.0845628047548464,0.07036890925950635,0.03423713283363211,0.021056956729556355,0.0389676901484631,0.021171630955130572
2020-04-03,0.10569523761507194,0.08925364459629317,0.03349526366589367,0.021393687411491148,0.03935175764848994,0.021042454931154985
2020-04-06,0.1055334610800546,0.09358253281073349,0.03462489597400922,0.020862404684516972,0.03838888532122056,0.020684613572456528
2020-04-07,0.10270565882949548,0.08892088995547826,0.03855471473731813,0.02101696347695277,0.038733135547253925,0.020349804673309612
2020-04-08,0.10155316298787417,0.08474302143897745,0.04206998401629666,0.020536002964079154,0.03797858246574536,0.020484643905914594
2020-04-09,0.09733105409054808,0.08055930422954484,0.041830587723375404,0.020008190994968103,0.03719335766959407,0.020049661754527916
2020-04-13,0.09664423722734021,0.07723610919503363,0.04091075798173847,0.02128932067326179,0.03818906047861246,0.01960174203446026
2020-04-14,0.09102936711501754,0.07298604755286789,0.03914694258129242,0.020761488039101952,0.03789435052653979,0.019549522769719073
2020-04-15,0.09228237501349876,0.07234061383915269,0.03973584570841088,0.02027135887328264,0.03782946921422634,0.019255723914994072
2020-04-16,0.08688249866086654,0.07147059897423735,0.03922726171880049,0.020072271387261288,0.0378803556930497,0.019087079638671213
2020-04-17,0.0817215399893663,0.06752171598542868,0.04080151064491175,0.019578064395852603,0.03691680618939478,0.01868087878222534
2020-04-20,,0.06384690139847778,0.040705404801895835,0.019464561483289695,0.03625540033105091,0.018778779317635604
2020-04-21,,0.06709692897181038,0.047897849879483125,0.019023228570760605,0.03559907094144105,0.018446764275702875
2020-04-22,0.0813927403807307,0.10812103537601735,0.04867669000343478,0.0187708704079016,0.03632170800295385,0.01906302006507855
2020-04-23,0.1267247451565437,0.10336530593418175,0.050133426911037816,0.019275898461888274,0.03600968787586503,0.019188449359780216
2020-04-24,0.13200329418378687,0.09863014149971888,0.05186574034626954,0.01879126127420829,0.03507615355351695,0.01877166248969486
2020-04-27,0.1243673527548255,0.09313319828524741,0.05087939250439393,0.01835685909118868,0.03418240920119919,0.01847802827264573
2020-04-28,0.14715484378322644,0.09064619364530299,0.05008018222096299,0.017953253618412764,0.03329536277292299,0.018312594661022204
2020-04-29,0.13879085163580607,0.08589031797261079,0.04799525385346889,0.017503244254266574,0.03242947779911924,0.0179147071263153
2020-04-30,0.1448310676044795,0.0865389243955586,0.04743128956366493,0.017090358795962834,0.031582968072890454,0.017530700122276633
2020-05-01,0.15341064600196647,0.08915748306483108,0.046990620872872715,0.016838720085779205,0.03100724456276765,0.01725123266347222
2020-05-04,0.14501347063497272,0.0853519208676706,0.045839257747991094,0.0164638245792607,0.03020621341921875,0.01718227424263059
2020-05-05,0.13664827993295287,0.08107258393868194,0.04657214257068602,0.016121439511520185,0.029501145598390163,0.01681936454696387
2020-05-06,0.1412444741837119,0.08661234367628622,0.048966265712667774,0.015729259146194753,0.029170364431670218,0.016526670109693165
2020-05-07,0.13299837274043158,0.08281025372182277,0.0545826116120606,0.01555296031214602,0.02843687068491675,0.01620577171648657
2020-05-08,0.12517957915584813,0.0782522898317731,0.05268066652016128,0.015827929908181958,0.028944098292871784,0.01612008716813515
2020-05-11,0.11869650196380999,0.07551734507229496,0.0515945791889046,0.015513403415386366,0.02830991322452075,0.01590201297473625
2020-05-12,0.1118817373487417,0.07267136874285368,0.04924375258228696,0.015247271121239447,0.02762212899080262,0.015745126686434505
2020-05-13,0.10720219867246593,0.06873300949699303,0.05037758023546144,0.014913672628753784,0.02692319012309398,0.01553731669244453
2020-05-14,0.10099654677290631,0.06547450947439797,0.05166024493150749,0.0145942230462682,0.026237624359439694,0.015251904219960397
2020-05-15,0.09874673033615382,0.06501596700598253,0.05069046126575755,0.014523800562405337,0.02641202368000993,0.01493852609556296
2020-05-18,0.09512059015971913,0.0628613765220528,0.04881030113190799,0.014283362601735896,0.028490871936159966,0.014720644532317435
2020-05-19,0.09276132049394353,0.06312167427592778,0.052403945071267805,0.014190057500663036,0.02827503393963721,0.015716010305619768
2020-05-20,0.08748482870883739,0.05965716524106341,0.05060461968770921,0.013924295480265659,0.028068700373238636,0.01546267415726426
2020-05-21,0.08281359127628116,0.0571962921158805,0.04932036890633608,0.013612868544638713,0.027380784695579537,0.015599759170806384
2020-05-22,0.07799699301180318,0.054115433409987715,0.048274474006335895,0.013788297471247346,0.027980861815625847,0.015335659230524726
2020-05-26,0.07366523635809678,0.05181415758885228,0.04623060121175027,0.013560946112888557,0.027580131922609125,0.015474788310354428
2020-05-27,0.07004938775969877,0.04980646438146148,0.045383841536246534,0.01373901433148403,0.02690300052533543,0.015358109028523144
2020-05-28,0.06753570300252425,0.04877681101173864,0.045052379311228394,0.013429245989759525,0.026259305209383178,0.015365289338534854
2020-05-29,0.06411235115406233,0.04637140250917643,0.04654179606859246,0.01311919742449406,0.025722724333052675,0.015072946067529423
2020-06-01,0.06246245403719371,0.04385632559595553,0.04458671382343819,0.013110429923882273,0.025942660594650318,0.014806581858559343
2020-06-02,0.05880376364362173,0.04859796330035843,0.044410262327868086,0.012807241065771118,0.025584569600703454,0.015057180619299776
2020-06-03,0.056618537567947165,0.04701526848901806,0.04242978092047698,0.012612429364660742,0.0258415492642007,0.014839174041383765
2020-06-04,0.05346355523550494,0.04449195362743193,0.04119609810740509,0.012781104959569928,0.025433533812505873,0.014537716091797263
2020-06-05,0.05036768353646078,0.04211164012760351,0.03938177338074823,0.012734014722590123,0.024821116217984857,0.014248462432414878
2020-06-08,0.05055887675170452,0.04350475906591867,0.03826920101890616,0.013515671098923526,0.025278120453744824,0.01491390860376516
2020-06-09,0.048946620976254095,0.04270370441744935,0.03662564738982861,0.013461768952306614,0.025212616211398184,0.014644910460438854
2020-06-10,0.04651303140731522,0.04049956603255972,0.03526220902788453,0.013287072148272594,0.02460348193516428,0.014550507088877913
2020-06-11,0.04414739620009609,0.038541681058648705,0.033829819643142287,0.012980391259880342,0.02398335452712298,0.014930915597437533
2020-06-12,0.049814709056711114,0.04416623455544954,0.0328614523207297,0.012867198457580413,0.023409652915163445,0.015677213555306563
2020-06-15,0.04694813723713533,0.04180142342113125,0.034480074065392045,0.012577799195537207,0.023399283026089755,0.015394921079441494
2020-06-16,0.04484335415933889,0.040314215405294423,0.03483417247787659,0.012345166462512595,0.022840206589681458,0.015316826952654463
2020-06-17,0.04354062171699488,0.03932251922980772,0.03488062307567332,0.012111880647676621,0.022501896224633326,0.015002952689587625
2020-06-18,0.04122421516289442,0.037275107347192186,0.03368449976227361,0.011841311935694517,0.021999365032076626,0.01483959310832032
2020-06-19,0.03953268751358434,0.035799054334662864,0.03227245108624929,0.011594334611014777,0.021717388593205923,0.014538098815924258
2020-06-22,0.037990528581822766,0.03427093357858684,0.031430752985357496,0.011601651386201395,0.021607825988424922,0.014368263621689
2020-06-23,0.0362761949997296,0.0331007122806702,0.030159527152342283,0.011411400962845026,0.02108742964571158,0.014430191325949226
2020-06-24,0.034275123765109945,0.031552165716147273,0.029375761809109904,0.011297894882905698,0.020670880669497262,0.014143597149573042
2020-06-25,0.037672961748496395,0.03470845645310201,0.02919581548938718,0.011082873184341249,0.02076047771016347,0.013884379182089948
2020-06-26,0.03602175814902846,0.033353281097539676,0.03600917485532277,0.010857341270465084,0.02044856362449452,0.013640194827548517
2020-06-29,0.0340881138940036,0.031609361416614516,0.03456344030407841,0.010689797899602218,0.02002676380256803,0.013391958038237754
2020-06-30,0.03362545582801623,0.030403190270168166,0.052058409507954276,0.010467789504323461,0.019551276816703753,0.01314405906467473
2020-07-01,0.03199156132024687,0.029159173469515708,0.0502026785687091,0.010453261881909221,0.020269576215162694,0.01314899822978744
2020-07-02,0.0305547061689891,0.028426342354984594,0.0499752991087644,0.01050767074639824,0.02039561058232785,0.012899267342501176
2020-07-06,0.029609813616352586,0.02815744310666217,0.04896692758314386,0.010358415271253396,0.019946565964877507,0.012713757999494462
2020-07-07,0.028039674420554724,0.02673158117159082,0.04945125337556757,0.010155933876902083,0.019717301508802056,0.012707905527235315
2020-07-08,0.02657512572931117,0.025392674429640424,0.047780987193449524,0.010101546455734715,0.01929987460352736,0.012568232885318527
2020-07-09,0.025289280383674142,0.024178519679922218,0.04642079943724193,0.00997327108739388,0.01958146733538484,0.012490005456994897
2020-07-10,0.02610264090044063,0.024030817846914722,0.04498438788061247,0.009963900013842184,0.019256272065140335,0.012295627523479598
2020-07-13,0.0257872844269621,0.023741797394803307,0.04318354315438678,0.009766694197215762,0.018833283142695216,0.012799546029045577
2020-07-14,0.024754977713259806,0.022921908240494355,0.04278827513040898,0.009676539473340198,0.02019480376212794,0.013146874179886268
2020-07-15,0.023553753622742958,0.02185748319140893,0.040905446683227084,0.009488395120915571,0.019926664997353252,0.01303311347352116
2020-07-16,0.023438115048388015,0.02176711276135377,0.039473029462198196,0.009306276187702231,0.019626295254056264,0.013208365275115567
2020-07-17,0.022589160003586274,0.02097617548484551,0.038941444304312456,0.00925719234566895,0.01927626619182764,0.012999768272427104
2020-07-20,0.021551569085762484,0.02008251492683574,0.03725897133195401,0.009141983537345015,0.018935525967404783,0.012752762025562024
2020-07-21,0.02060068142239517,0.019192840610548337,0.03826931551807454,0.009007900188008872,0.01912465963041306,0.012535609256350893
2020-07-22,0.02147044208318065,0.019751142412904925,0.037110265859554674,0.009316364609201105,0.023761590359688355,0.012660851429026088
2020-07-23,0.020477393547116796,0.018864503883003342,0.035526113010211996,0.009439189537072963,0.028072456319708068,0.012645569781903255
2020-07-24,0.020601621673336207,0.01938144454782934,0.03847029988359571,0.009641707174654998,0.027384549065122537,0.012457986508596757
2020-07-27,0.01972213423194838,0.0185176524288996,0.03699112052640881,0.009490337956064396,0.02671733436514639,0.012612140432078067
2020-07-28,0.0189777637215483,0.0177172453129088,0.03760307887341312,0.009971863951235841,0.03041363452675821,0.012383039239872854
2020-07-29,0.018702399358764707,0.017031425151007914,0.03766620454011791,0.009871787016132394,0.029688069900383415,0.012212055202942544
2020-07-30,0.017980001490683763,0.016747345608734535,0.03709750866267982,0.009714797864839817,0.02892101634336056,0.011989196361550915
2020-07-31,0.020290873884437236,0.0171306482420017,0.03574675058348043,0.009607469745580832,0.02955913590422872,0.01177387729299715
2020-08-03,0.019548575491345838,0.01661374172677752,0.03459741499621638,0.009653525747074006,0.029872243073416304,0.01203490244611808
2020-08-04,0.019508411020533897,0.017027836422222872,0.057196586904371086,0.009469326881338242,0.02915638675535759,0.01232438791311544
2020-08-05,0.01933991742403217,0.016434879126278713,0.05604164881886439,0.009963395422201853,0.03181805126199987,0.012175485722002248
2020-08-06,0.018830278689045864,0.0165706198939959,0.053464459652773,0.010215689430279739,0.031832092082391565,0.012052310920691868
2020-08-07,0.01813481321589738,0.015916081957837024,0.051150344076010566,0.010206084092790928,0.03330614990358879,0.011843849792290915
2020-08-10,0.018304386376263103,0.01606794537608212,0.04981110403420397,0.010880179798629496,0.03314524249047956,0.014380005828978536
2020-08-11,0.01832771946452167,0.015953860059965207,0.04898205234808716,0.010741372211021444,0.03497392330895726,0.014943280497018586
2020-08-12,0.0177653190113151,0.015730406926615488,0.046825281565477404,0.014291379929939577,0.04281678589790317,0.014668370555897122
2020-08-13,0.018741067371645333,0.016410542553241668,0.04480197416757181,0.013952130961318365,0.041683022440283705,0.014409180777893332
2020-08-14,0.018259339895732963,0.016106592581497284,0.04299204916890316,0.013807149052517396,0.04306890810666872,0.015388288987314515
2020-08-17,0.017603118217181583,0.015519807973049395,0.04708299516030859,0.013654430479834468,0.04405194176544067,0.015538542602147196
2020-08-18,0.018063998103099846,0.015418516193346823,0.04501990453968388,0.014240731375349189,0.04483084595310396,0.015509000202128807
2020-08-19,0.017321306883219204,0.014844065137560623,0.04410291802296192,0.013975107452113009,0.04375423879802974,0.01603380961665047
2020-08-20,0.016637435832825308,0.014321621923248233,0.04214877576652364,0.014314280188338288,0.04299864729244447,0.016039747560189145
2020-08-21,0.01624512279503825,0.014222542296007574,0.04137263920308134,0.01423501797392037,0.041884038445463755,0.01607770800212515
2020-08-24,0.01577104306514089,0.014287480967832597,0.0413132644264724,0.013896400676105935,0.04091627011359763,0.016250835251958674
2020-08-25,0.015334558942549457,0.014792569520013598,0.04025361226303142,0.013592405020776717,0.03984247049267769,0.015919511929518626
2020-08-26,0.015702468027420584,0.015081079056320546,0.038604815208910535,0.013393179640373702,0.03888945574239098,0.01559647713390924
2020-08-27,0.015152222150045247,0.014610854024145505,0.03709356172198595,0.01342919233523454,0.039096112255879285,0.01539955278417602
2020-08-28,0.01490150247107907,0.014615388515815985,0.03815799076654321,0.013285509018308906,0.03821727954809404,0.015085234892176638
2020-08-31,0.014435964591757436,0.014097341380707909,0.03756672464593664,0.013739443057770537,0.03752560500217543,0.014918304343926015
2020-09-01,0.014279067786801635,0.013695971874536956,0.0360847053297869,0.01341859949804022,0.03711946986312536,0.01494606460481996
2020-09-02,0.013884227805290434,0.013389585517672506,0.03660960396990768,0.013105583374000283,0.036141648625733214,0.01480691933895992
2020-09-03,0.016536342362621873,0.015279995469495827,0.0353973973786044,0.0133141030803445,0.03655966663872727,0.014514214408396063
2020-09-04,0.01596416335948275,0.014942304704741526,0.03389204083384499,0.013028830980946917,0.0358500397583801,0.014574414510965772
2020-09-08,0.01992447758507558,0.017681521816932395,0.03457532834694696,0.012736718278959827,0.03493219974755439,0.015527958340855774
2020-09-09,0.031484106424283086,0.027730260305467023,0.04020804902703947,0.012478531389060955,0.03409810206129816,0.015391061269964479
2020-09-10,0.03166507815943907,0.027443002434920455,0.038451261335384936,0.012252578223075511,0.033212228948617695,0.015186269037126604
2020-09-11,0.03064649512829538,0.02668465272651805,0.03829835258837814,0.012013750817163412,0.03238790000745048,0.015328765246723114
2020-09-14,0.029005024714251294,0.02541856404124939,0.037334524949849984,0.011884986184121782,0.03173876779184756,0.015351922627945542
2020-09-15,0.027484433624956225,0.024230164822955563,0.03611469123871237,0.01172549721263743,0.031173914483249746,0.015191904901006217
2020-09-16,0.027369712599269184,0.024111525812581823,0.035195353184267655,0.011470184267586116,0.03037781831991422,0.014882280466623543
2020-09-17,0.029973779542447655,0.026207305285356596,0.035930412200229384,0.011225373851209072,0.029590062907763323,0.014584034966678644
2020-09-18,0.029035690814020597,0.02609345193153207,0.04668830882953632,0.011204230028048677,0.028986063649337375,0.014299564522629964
2020-09-21,0.02751739190645952,0.024821569036491548,0.04459467396923022,0.0110305627936715,0.028240342518701066,0.014357935387004863
2020-09-22,0.0297684723070986,0.02682287304998763,0.053989001037941645,0.01213339488510085,0.03634534820512048,0.015195389757826121
2020-09-23,0.02826803053490815,0.0255560735358662,0.051515306824030674,0.011866770976745957,0.03541113089184407,0.015013719050907431
2020-09-24,0.026899074812614266,0.024291310967033238,0.0661399960234797,0.012386197508220106,0.037006043373021213,0.015394525204957843
2020-09-25,0.025667557263993956,0.023134822706972365,0.06526387106534927,0.012137002147834133,0.036043134116164256,0.015178058538925432
2020-09-28,0.024373631831191015,0.0220241654699828,0.06401894477194103,0.011930355212032815,0.035107909222328565,0.014868120020443845
2020-09-29,0.023304025744764884,0.021305023612469606,0.06128575791356908,0.011775430134444789,0.03453169198916941,0.014607587670008214
2020-09-30,0.02455074065968321,0.0229079482864528,0.08340654446786744,0.011741798870577096,0.034544328021480775,0.014319767689980962
2020-10-01,0.02442207987165534,0.021822062951800697,0.0795698783735439,0.011511510911973142,0.03478213767571628,0.01436626900762921
2020-10-02,0.026217767459453277,0.020796821429680118,0.07581596448940828,0.011475242116890034,0.03460493366545528,0.01831247460155931
2020-10-05,0.02860631570636899,0.023743553355207506,0.07306481556667388,0.011265978632583402,0.03376007023844043,0.019683053406135378
2020-10-06,0.0324473964941104,0.027448580918474633,0.07273123887627692,0.011095329690153118,0.03323422390812104,0.019270275685512796
2020-10-07,0.032706626938472955,0.027929536175878053,0.07022199412060572,0.010936047169738918,0.03288786434186584,0.018843435172137116
2020-10-08,0.03147158961973111,0.026977838016757544,0.06767530980926562,0.010886007387217901,0.032029012318184794,0.019030425079768872
2020-10-09,0.03125444285532789,0.027431961652987353,0.0645538248027823,0.010666274603913714,0.031194133543484152,0.018616155319625682
2020-10-12,0.029949182237060522,0.026303369193442006,0.06284132097394753,0.01094976565726423,0.032388326052929794,0.018379515473221964
2020-10-13,0.029879487891454247,0.026382170776426267,0.06174432606308946,0.010720088019654411,0.031572954751065196,0.018023914930893285
2020-10-14,0.028908141075138696,0.02562368171567773,0.05894619332773449,0.011149460719315545,0.03243856318294292,0.017679643788122385
2020-10-15,0.028115399879644776,0.025141401764238794,0.061179875476144716,0.01099086037330979,0.03169391843780147,0.017299357991772464
2020-10-16,0.026656187829550947,0.023934215352658193,0.06033309715502452,0.010757658616868743,0.030909131638641823,0.017092282148935906
2020-10-19,0.02529761679531898,0.02283948736933447,0.05753884149322582,0.010536595928951651,0.03014856852097209,0.016773344288619617
2020-10-20,0.02402752341066946,0.021874742073589484,0.05493189849887378,0.010332050756588945,0.029482525257860742,0.016448959217407435
2020-10-21,0.023313854542755297,0.021195136014621255,0.053844967269648464,0.010126959044979757,0.02882920205905074,0.016624734911890694
2020-10-22,0.024880606756290925,0.02283759037836571,0.05255472304671791,0.010029923586260895,0.028179713744201987,0.016604802440366856
2020-10-23,0.024079658267471,0.022387309870717676,0.05018207401667821,0.01016994494096632,0.02786722333357055,0.016520150323235203
2020-10-26,0.02376214480209628,0.02195390110257762,0.048046617274012264,0.009963892134873937,0.02715419916998696,0.016255681393043432
2020-10-27,0.024950143186307887,0.023213560894124772,0.04617245869657537,0.009764964593167504,0.026559271685389404,0.016111566473831572
2020-10-28,0.025015440006320964,0.022787630806164517,0.04410267414910526,0.009591446018771871,0.025917144053781597,0.01577298948318272
2020-10-29,0.02986991319043598,0.027138534263408155,0.04220467897655404,0.01008379043626526,0.027638410973822046,0.015611135815086536
2020-10-30,0.0302257963933607,0.028462340395831624,0.04973131747079273,0.009958391546707478,0.026929936752513116,0.015291571564602018
2020-11-02,0.028827227473017598,0.027067048619279936,0.04770585085414088,0.00983775543264373,0.026372611422911224,0.014989376067394507
2020-11-03,0.02866703988642841,0.028480313167535215,0.04666776290500107,0.00973873815533294,0.02595524770852081,0.01481876034833066
2020-11-04,0.02805969031427391,0.02764367239554928,0.047983560040720984,0.009735856697247892,0.02544385162425785,0.014543468055807696
2020-11-05,0.029219442066937003,0.02871586484624743,0.045837107596440746,0.0096751598025296,0.025135470717265535,0.014278562168272778
2020-11-06,0.027846162871029784,0.027356635542319627,0.045036012701546786,0.010915643390399186,0.027224904341582486,0.013994355062721881
2020-11-09,0.02984240077439931,0.028456715805568047,0.0433940932508106,0.010694115361030505,0.02685112915257184,0.014025137378263473
2020-11-10,0.03812142336707479,0.03512470952877436,0.0415832058737807,0.014929971095027885,0.03161872824792929,0.013747658295701414
2020-11-11,0.036895160000502615,0.03439170896674127,0.04080633776858391,0.014765737144956062,0.031588702245861695,0.01347832755242849
2020-11-12,0.03484657108909932,0.03260802853625111,0.03985613164898524,0.01451033211928193,0.03081889515981344,0.0132979484770877
2020-11-13,0.03303802392956973,0.030974148341374765,0.03852361647398285,0.014218347573304275,0.03002037887649903,0.013071909222478079
2020-11-16,0.032216953986338163,0.029889409617364214,0.03689529730967883,0.01394818804889681,0.02954976770577957,0.01299351012334348
2020-11-17,0.03183809248785932,0.029307319422928243,0.047420485835049354,0.013618937586921875,0.028786660328624834,0.01306274803139394
2020-11-18,0.030121567539915368,0.027814196640571408,0.04528698383406653,0.013304911360516975,0.028078518984901244,0.012909184438972049
2020-11-19,0.028651706457269534,0.026721770470957997,0.04331132667263954,0.013058441863764501,0.027419594104748524,0.012664895590181883
2020-11-20,0.02715550714858348,0.02540559487040733,0.043602822472934365,0.012838260071588937,0.026971664537175852,0.012432000916582798
2020-11-23,0.025915567601181144,0.024709313409136322,0.042176093355839044,0.012601643370913424,0.026440377288573007,0.013480412355475034
2020-11-24,0.025463096100752935,0.02465271455144692,0.040871755443401526,0.012933502719048392,0.026635027998688873,0.01340104435743948
2020-11-25,0.027515772529869795,0.026286668206940762,0.03968329904765226,0.013200814251151998,0.02614848353503272,0.013383068617761604
2020-11-27,0.026642281233409122,0.025424833225334377,0.0400331488895041,0.012894741849419215,0.025490025067136,0.013143677446218542
2020-11-30,0.02531217712006159,0.024337465101254466,0.0386964333337761,0.012909221089223051,0.026044507955995035,0.013973381854796916
2020-12-01,0.0240809814660109,0.023483264519187048,0.03722990898979242,0.012637114474085638,0.025382942174074063,0.013752983759509502
2020-12-02,0.02359712951716685,0.022381935901890353,0.035627271946006685,0.013096676122108469,0.028597113758540137,0.01377702460406864
2020-12-03,0.022984935835442963,0.021974405706754546,0.03576034914684974,0.012854924285815951,0.02786073402192909,0.013511675919531
2020-12-04,0.02199655918426192,0.021133330704726463,0.0463331516194452,0.012615763184484523,0.027151260948188326,0.013250466640184567
2020-12-07,0.021352619143992953,0.020428352925326868,0.04496074392695399,0.012329500280843593,0.026477660876342953,0.013155301912623292
2020-12-08,0.020676300769183392,0.01972830237788624,0.04760768337531024,0.01237967405315083,0.026261138884143137,0.012908639027302476
2020-12-09,0.01977401103794302,0.0188419598363973,0.045470245654747166,0.012135547883612121,0.025597922211923172,0.012696504103907625
2020-12-10,0.01891215239175686,0.018014618724562854,0.04374872293972509,0.012556883457632702,0.02589395955943619,0.012483707611955237
2020-12-11,0.01998574695419254,0.019303308168375242,0.04386041034496957,0.012272683189874704,0.025252848632616866,0.012780675475765226
2020-12-14,0.019160359552682905,0.01853659860653726,0.042131544933254814,0.012012882373396252,0.024613638146444426,0.01284301105827814
2020-12-15,0.01852491244922863,0.017831517176729116,0.041562594240630316,0.011819083532133961,0.02399747681815856,0.012601642251544276
2020-12-16,0.01820010948153359,0.017303921334652708,0.03972907929323367,0.011843457001843936,0.024023131943616015,0.012399549846720634
2020-12-17,0.017484075406139107,0.016688389391440538,0.0379978589557415,0.011586549242063472,0.02369803280055024,0.012203928275189135
2020-12-18,0.017124095322475746,0.016200234239439858,0.03666146715573955,0.011823763899842006,0.025065355718160154,0.012231900697489835
2020-12-21,0.017095945819297284,0.01619209933148065,0.035803516572847034,0.011564382694288023,0.02446672766431239,0.012138794242656483
2020-12-22,0.01876215141246186,0.0176201763412108,0.03427925385223837,0.011338285677981886,0.02401361363180633,0.012354064963405211
2020-12-23,0.018641440768757574,0.017672100692785166,0.03382703414759472,0.011188448234406496,0.024521053263931253,0.012560743992421129
2020-12-24,0.01923014944348572,0.018247756741083792,0.03773353467432432,0.010979017541287148,0.024140702005902993,0.012482139465957602
2020-12-28,0.0184041286808732,0.01746717572401234,0.03764734603576565,0.010757190931953795,0.023534565654609638,0.012258303210764194
2020-12-29,0.01812684771771558,0.01695680548192458,0.04484359655862292,0.010537344434224523,0.023600831825995545,0.012046216084485773
2020-12-30,0.017535782330533864,0.016314075013156536,0.04742611435095902,0.010320693973665833,0.023173579239914296,0.011873847940915758
2020-12-31,0.017012356169441533,0.015729654826114915,0.04563770964075462,0.010177178474275754,0.022787453191970806,0.011678570828411828
2021-01-04,0.016364485663055105,0.015360590231544388,0.04581622405012225,0.009972137382222846,0.022261042681617264,0.011605825675133576
2021-01-05,0.01689624103830899,0.015426517307052912,0.04402758456164926,0.01121432891729492,0.02310394400966426,0.011623388206958829
2021-01-06,0.02198992273138908,0.02103170428064832,0.0442377439665459,0.011000558545102039,0.022647008327235693,0.01247614597217029
2021-01-07,0.02137307661814449,0.020444053108295696,0.04228933286465969,0.011863423125278503,0.022623014866978753,0.012255309503718215
2021-01-08,0.020406131126660006,0.019511726343044246,0.04043969378927344,0.011611913706103635,0.022139199635960127,0.012296015996855713
2021-01-11,0.02125129432076391,0.020709382281128407,0.038807154884303016,0.014315117090143428,0.03124257175023187,0.012138803854717814
2021-01-12,0.020265203381955286,0.01985175879564004,0.03746716396508298,0.014073926207362381,0.030989976778509155,0.013502079794293126
2021-01-13,0.02014364802437353,0.01961145163566384,0.03585480970044712,0.013764762208703487,0.0302109434184479,0.01344500003003347
2021-01-14,0.019339453534822516,0.018968217173246208,0.034451882016117846,0.013488286504073646,0.02945138729649566,0.013200352305471619
2021-01-15,0.018873523875247582,0.01823183995668182,0.03371383365141179,0.013180328328951487,0.028756395339353192,0.013262353705129229
2021-01-19,0.019523705521948514,0.018991285191807147,0.03323150407873757,0.013102547484934723,0.02917335237396674,0.01354145598357255
2021-01-20,0.019002314821314703,0.01868159380687434,0.03863619717534853,0.012845282729073825,0.02870375183409893,0.013407136484592977
2021-01-21,0.018237725403835087,0.01788824504187906,0.036968858602495276,0.012877199114290926,0.028243338413930695,0.013162018521043048
2021-01-22,0.017499981441789218,0.017126874498336653,0.03585869470225851,0.012582110902307925,0.02752712697149221,0.012916552970518937
2021-01-25,0.01762800028352034,0.016892033464257744,0.03478037603354905,0.012348208995872514,0.026947700703207685,0.01272716775293518
2021-01-26,0.01715609600085331,0.016399421584076302,0.03810796223095275,0.012070432541888205,0.026266296292524548,0.012490729540329456
2021-01-27,0.01652389846927547,0.015744002814628018,0.03696123883711198,0.011812891952462812,0.025605216344256033,0.012282628024188608
2021-01-28,0.015955109499860176,0.015150602503893568,0.037182948024991516,0.011573835161497454,0.024992508508593924,0.012503971101806075
2021-01-29,0.01572044147226631,0.014682473047407694,0.03717246693404496,0.011352614934789847,0.024794894052331214,0.012288073646988435
2021-02-01,0.015202338012127755,0.01427683206016305,0.03742117482093241,0.01115028675342069,0.025571869821353902,0.012077499458356476
2021-02-02,0.01668776860759001,0.014008494469970096,0.047848198705995805,0.011005376473236215,0.031820491630347794,0.011880286233383107
2021-02-03,0.017474884993206808,0.014803713843190387,0.04569219203135483,0.01131534537788237,0.03927972800933852,0.011750504590449587
2021-02-04,0.017553294016105975,0.015218137145786428,0.044065442666812726,0.011071095494224999,0.03846041476655177,0.011763315002873968
2021-02-05,0.017095181444721705,0.01477579479864562,0.04478179035563809,0.011941151617964193,0.03784711453401887,0.011580270451415704
2021-02-08,0.016757132407027725,0.014466646441455984,0.04344604006055877,0.011932457323551256,0.03743507577542543,0.012120641299759554
2021-02-09,0.01720016136794298,0.015297288970966706,0.041556870413130095,0.011895407883584461,0.036726462394953814,0.012108740165319331
2021-02-10,0.01664037102344403,0.014955192869729522,0.04004332001046306,0.011635609961908907,0.03578636700264163,0.012266968413184426
2021-02-11,0.016087190222054293,0.014523458659532484,0.03908903768607766,0.01139233762485654,0.034945176784327764,0.012372574836748284
2021-02-12,0.015712800422135728,0.01412032555534946,0.037665544413553374,0.011296079376865607,0.034028195992408874,0.012144900893742525
2021-02-16,0.016473412328428774,0.01507612800320149,0.036316103726265155,0.01106066294638927,0.0332150682298876,0.011947960721983572
2021-02-17,0.01612128248513719,0.01519266069405292,0.04089323997354184,0.011195910193919306,0.03234616102705295,0.011989149465793707
2021-02-18,0.016487463231073335,0.01537826373403025,0.03999490085961349,0.011384487985484923,0.031502048379840705,0.011793630692771506
2021-02-19,0.016230401945840297,0.01494561202973574,0.04045597083328926,0.011139049383812596,0.030744493893434765,0.012350757794324017
2021-02-22,0.017104567397751763,0.01528363089759836,0.03870493338948725,0.010902042564492289,0.029979825169119394,0.015091336082841736
2021-02-23,0.020133523505610786,0.01853431368756167,0.03882719248656797,0.011231429949498788,0.02995796809017118,0.01510707223988898
2021-02-24,0.019245296104964935,0.017735845335936397,0.03793621066979548,0.010994303534570283,0.02935610906819595,0.014895346450845727
2021-02-25,0.019949307443262395,0.018686691769819998,0.036396708316241,0.01080541028442569,0.028629854447504176,0.015604008458676731
2021-02-26,0.019109891998562546,0.017889991631291676,0.035820576693601225,0.010897227138658044,0.027949369140319827,0.015379046422743457
2021-03-01,0.02105917333327461,0.0175079830284771,0.03430058205545082,0.01202074888788158,0.02908231532322238,0.017338124262844305
2021-03-02,0.020613071996814853,0.020540508515573038,0.03285937240127863,0.01177588564856912,0.02840537809688464,0.01700902680377596
2021-03-03,0.020263006502491816,0.020225654524601632,0.03216588575140619,0.011578281249954702,0.027725103077478105,0.017544439867855238
2021-03-04,0.020874600738343966,0.020421597307104168,0.030942382073556915,0.011537518482723393,0.027330418557023985,0.017612226036969693
2021-03-05,0.023637448564370583,0.02324432871462163,0.03065887187885815,0.011443934469976838,0.02779591983117923,0.019138978607106796
2021-03-08,0.024955277657309868,0.025143340288556963,0.02984860871631638,0.011199780622517103,0.027128226702568786,0.019348878105311565
2021-03-09,0.024264260254961898,0.02445999032991186,0.028963254414092466,0.011253491075468254,0.026434786334107594,0.018936678647821583
2021-03-10,0.023655094308463163,0.023512509321651023,0.027816013282935318,0.01196315843943097,0.02693460943583085,0.01902303185022771
2021-03-11,0.022578615493023525,0.022437401309091706,0.026932254009688027,0.011708499744496774,0.02624945779276412,0.01863670873500889
2021-03-12,0.022764342125357304,0.02273921509020273,0.026050491174446716,0.011450587864184108,0.025585894642696297,0.018927063587275344
2021-03-15,0.02177318047821504,0.021739953601033285,0.026277061505234508,0.011208488234276668,0.025055273540624798,0.018509830739350735
2021-03-16,0.02078505768785851,0.02078325943707258,0.028823972422580533,0.011018260072070199,0.024627319549818973,0.018103906402563527
2021-03-17,0.020064724819291908,0.01996159133373721,0.029174086678776884,0.010784093596497795,0.024125980750988006,0.01804416886582629
2021-03-18,0.019201314763908312,0.019151422674977936,0.028314657276472654,0.010569952746218277,0.023524508709476324,0.01781972771741102
2021-03-19,0.0298646582700485,0.029079580229347483,0.02780368542352036,0.010366241848981954,0.023068083150104435,0.017443176209817134
2021-03-22,0.029185522265872132,0.02824287011945713,0.027472587278579454,0.010205327004370024,0.022494895755493682,0.017069298967907945
2021-03-23,0.027646581848725524,0.026811023998118775,0.02696152585804104,0.010010348840794735,0.022443151476791937,0.016749630782325286
2021-03-24,0.03313944241908835,0.03189706941338791,0.027397956068559517,0.00994516846528976,0.022396982866169278,0.016688428400934555
2021-03-25,0.03615110493937536,0.03518716866454002,0.026361497638231618,0.00978962914366609,0.021842272959514356,0.01635728376410485
2021-03-26,0.03691365837649315,0.035520615397239955,0.02607508163802107,0.009651560869429499,0.021364571143862414,0.016635965876195043
2021-03-29,0.037064471929016546,0.03601751344601382,0.025145669790206302,0.009497879082150626,0.020849663868352443,0.01697203176710777
2021-03-30,0.03511909770933702,0.0341639269540092,0.024441775801073925,0.009641221607994306,0.020576771082454138,0.01671310646503573
2021-03-31,0.03361966933314142,0.032636741117686975,0.023924402439099404,0.010083343622755439,0.020878156095197463,0.01665907238715024
2021-04-01,0.03265860343391864,0.031083183327881715,0.023143140571878728,0.01050752603080244,0.02068734231140251,0.016335561300173912
2021-04-05,0.033077818065174,0.030147522931365828,0.02260347273405237,0.010392931153877955,0.020530069545312394,0.015990504257498196
2021-04-06,0.03465531532002721,0.031600152513098126,0.026527061447847746,0.01017914951166554,0.020092166372331424,0.017313535380673595
2021-04-07,0.03293281371885555,0.030096446805007275,0.02640069477125034,0.010110420885466312,0.020008942066437604,0.01698154666369323
2021-04-08,0.03121473811477027,0.028617657663573885,0.026524990702799435,0.009909174340975282,0.01952703598311287,0.01692746307159996
2021-04-09,0.029554676188592834,0.027160728088236986,0.025516852542093765,0.009898067904216917,0.019283544826761385,0.01668271860343075
2021-04-12,0.028035595237525142,0.025828575432159356,0.024570631248234328,0.009843415110114084,0.018960376417176374,0.016557730510433362
2021-04-13,0.026634481958500215,0.024593146592699164,0.024020702925146954,0.009766253666595746,0.01895585721104116,0.01624356598770085
2021-04-14,0.025375384052116035,0.02345870152833017,0.024094965958161792,0.009727173193771086,0.019165775906589404,0.015913551950102436
2021-04-15,0.028420159789333436,0.026287875373589734,0.02323212396491998,0.009640631645045368,0.018727919436164277,0.016331840083180837
2021-04-16,0.026963841026291076,0.02502598938762012,0.02286126297880597,0.010094267098708778,0.018676301409731356,0.01659800220615509
2021-04-19,0.025636495902543056,0.023809922442693195,0.022201141310031015,0.010007007224408155,0.01827466454773413,0.016443373164202083
2021-04-20,0.024360220331761297,0.02268679985926392,0.02274484693435617,0.009878374032133833,0.017995310151131472,0.016454059918072906
2021-04-21,0.023662288586705594,0.02173066014999942,0.02210787577055097,0.009720027801821107,0.01757484453854096,0.016159638780833926
2021-04-22,0.023222657134043305,0.021569016227156387,0.0217359386466261,0.009675201659302766,0.018251684404570218,0.01610481152203186
2021-04-23,0.02209422450060891,0.020560819754107666,0.02191590349964818,0.009582679967170465,0.018130176519227267,0.015769845604594525
2021-04-26,0.021329458397098825,0.01988941429015267,0.0212995418383055,0.0094136848039125,0.017725586643133718,0.015725387551239235
2021-04-27,0.02038167727112607,0.019127545895293755,0.021593892660637923,0.009236116759955922,0.0173501866603792,0.016169002556231188
2021-04-28,0.020104769106256998,0.018621838753058947,0.022634720213710026,0.00906541689992331,0.017033745632649113,0.020696407681791835
2021-04-29,0.019706323725572798,0.018227013116869674,0.022493951198326728,0.00892067038557718,0.01688208599929166,0.022262221146265828
2021-04-30,0.019615857146312407,0.018394444003684382,0.021783419987360816,0.008784270479480086,0.016498685396739227,0.021852891204466218
2021-05-03,0.020090186282856037,0.018635666339923286,0.021153829785468536,0.008629228595821336,0.016218525496343318,0.021367296372951938
2021-05-04,0.019672076119848284,0.0178727626027999,0.020765873583100457,0.0089090247933987,0.018326127370530635,0.021085780320734143
2021-05-05,0.019638385065036235,0.018118387036403897,0.020110349469938532,0.008947498312400094,0.018212590673822634,0.020612805300760265
2021-05-06,0.018778514215470422,0.017342989298991706,0.01973591085346711,0.008830606734755997,0.017788339171009044,0.020149638488778883
2021-05-07,0.018567721037685662,0.017110839815980772,0.0191811123702582,0.009368632914498288,0.01909337281977267,0.02002458632727419
2021-05-10,0.01780077997152429,0.016422447990382092,0.018865439435091277,0.00934726393616385,0.018638817861231248,0.020622936985509977
2021-05-11,0.017078250839879842,0.015765437871528742,0.018542427417284162,0.009193464884119464,0.018198717027986932,0.020212583940181918
2021-05-12,0.01648934699105789,0.015186055887618557,0.01817533800791853,0.009025348555303453,0.017828815677401015,0.019853972176021882
2021-05-13,0.016294675653190246,0.015008804718920108,0.017742957977644,0.008998644930280447,0.017757297410600906,0.019446914379792273
2021-05-14,0.019271089109517237,0.01787347418826156,0.01729422867369892,0.008834449758263667,0.017413616040632875,0.019132175022151556
2021-05-17,0.019872136057385345,0.0187046249645456,0.016926161505683934,0.008809258902691948,0.017196611449864698,0.018804048770638883
2021-05-18,0.019438426183728118,0.018187973026085727,0.022046551978646012,0.009238521508371367,0.018301638932895242,0.01856056568991099
2021-05-19,0.018996512492559885,0.017752903872112907,0.02338963962635568,0.009065413283415289,0.017876298401108923,0.018162338040411646
2021-05-20,0.021061974834104644,0.019510181955278583,0.023102479405863807,0.009011554010653493,0.017629053004790052,0.018940168592579503
2021-05-21,0.021203543107704895,0.02007355211328671,0.02267096197703692,0.008846636197118264,0.01722329765779962,0.018526335855230305
2021-05-24,0.021579856221823603,0.02014860152805027,0.021991473568477367,0.008710607386325758,0.017462091581271256,0.018553742085255672
2021-05-25,0.023758618903070003,0.021349448231675436,0.02136906112669095,0.008594222594254122,0.01737819863449259,0.018262650953142046
2021-05-26,0.02259070675735841,0.020368227144222536,0.020850715592730662,0.008561570519115002,0.017018066641752202,0.01788817936740038
2021-05-27,0.02151224068301695,0.019458531338612608,0.021418335026746286,0.008417977254373854,0.016694465899613178,0.017505637596155456
2021-05-28,0.020706953864506498,0.018765857025676635,0.020900571566345998,0.008302956508782669,0.016323083558670237,0.01814946409675772
2021-06-01,0.01994316679850243,0.0179560678889912,0.02042048764976744,0.008192169657402819,0.015965892670034378,0.017766188815699593
2021-06-02,0.020113375642006305,0.017396687017984126,0.022920939290318194,0.008057971685166879,0.015625554836201937,0.017407146342887633
2021-06-03,0.019845367346731334,0.01733630503136468,0.022321672249861722,0.007940651616943495,0.015301522833077664,0.01726548253188088
2021-06-04,0.018965958663057253,0.016615980719792096,0.021840911357327675,0.008801746326466854,0.016064049409331572,0.017909136153537862
2021-06-07,0.018492562570992344,0.016129632868839255,0.021794497758262234,0.008868330282862422,0.016060353409447378,0.017776566509728114
2021-06-08,0.017822217475869925,0.01560294511709901,0.021250034228118456,0.008736519885106136,0.01573046265530144,0.017391681033546942
2021-06-09,0.017463584588224237,0.015318255451200347,0.02129513355372199,0.008600715941908206,0.015553833626638884,0.01706197399987372
2021-06-10,0.016777764382259638,0.014742450220194537,0.020605524308847344,0.00845108414297794,0.015361769774343234,0.01674348668619353
2021-06-11,0.016191304928270964,0.014260106778864613,0.020043034603231143,0.008307081614985896,0.015027058956729266,0.016532289956944793
2021-06-14,0.01581605074069025,0.013778943178681726,0.02374135357202245,0.00838949987576508,0.014729533764489332,0.016349057945376323
2021-06-15,0.015258758414361648,0.013335755749288697,0.023432602288922393,0.008392427053406206,0.014439979818269354,0.01601074788279452
2021-06-16,0.015675407685182358,0.013746633543719158,0.024857997571512677,0.008327091332070822,0.014404498694993422,0.018104301309225686
2021-06-17,0.015127023202275314,0.013385503908199436,0.023965839006121304,0.008202287965719337,0.014132208380582902,0.01788001369760617
2021-06-18,0.01548176159397904,0.014138743993554158,0.02310999570678058,0.012723527983525553,0.021367826009977987,0.02022145973497647
2021-06-21,0.015155872437824191,0.013762376659458205,0.022601102879055084,0.012455740935375539,0.020866328031648115,0.019801511933660334
2021-06-22,0.01700388650319766,0.01449877417678292,0.0219558414277993,0.012272155996963146,0.020363126245386557,0.019397643436026853
2021-06-23,0.016576454901838844,0.01399268636274597,0.02209891093369588,0.012016722133320551,0.019922671895572376,0.019104216698443935
2021-06-24,0.015952971165659694,0.01359918012575486,0.022400121568744005,0.011765551974748944,0.019568484365972375,0.01925234731035352
2021-06-25,0.015400892086893183,0.01323344612648073,0.02289738306267699,0.01153696316838124,0.019106879141933875,0.018851581382910265
2021-06-28,0.015185445437595774,0.013052152039190143,0.02309791892417399,0.011284775672703373,0.018654053186802542,0.018447572374466235
2021-06-29,0.01553328041063863,0.014141909296914673,0.024494242178585524,0.011044424876292435,0.018248935644784935,0.018074584356120752
2021-06-30,0.01499752039663796,0.013657372349315841,0.02362659733584844,0.010997980672232805,0.018067671186272866,0.017681080722951045
2021-07-01,0.014637352365386292,0.013287663305536924,0.022844192934269328,0.010798685781673392,0.01782043437400856,0.017323132642654702
2021-07-02,0.015957023870827453,0.013178949115044485,0.022071745853469337,0.010584206205324225,0.01742309484169142,0.017164053840733707
2021-07-06,0.015391855579621045,0.012830618973305105,0.021555477619339687,0.010388259121260679,0.017362525697728958,0.016904190334821746
2021-07-07,0.01678879946044577,0.014235853098866698,0.02150515781444513,0.010244439071414379,0.01718927603635384,0.016587420506200143
2021-07-08,0.016982115192023747,0.014539357227911125,0.021096766692953888,0.010071965457647799,0.016798713107339644,0.016587968981498377
2021-07-09,0.016608821232872006,0.014304166752608337,0.021755547895595178,0.00987343925820666,0.01646279293883003,0.016480046885184917
2021-07-12,0.017361357986994428,0.015004263398759675,0.02107344187761484,0.00974282000505304,0.016223302821878102,0.016588860114423506
2021-07-13,0.016809199129736257,0.014553340092030725,0.02125764234959677,0.009569477849751356,0.015859030894997916,0.016301982157457377
2021-07-14,0.016836509154437823,0.015033470017410115,0.021033009030946116,0.00939206733895228,0.015531723809276048,0.015964267193484302
2021-07-15,0.018629684805306176,0.01619387020151503,0.02058698325376147,0.009356400485152834,0.015229558285643662,0.015740094198328572
2021-07-16,0.019037622093539545,0.016511135099479726,0.020322404009968213,0.009187534256159723,0.014936417543831224,0.0156412117549098
2021-07-19,0.018225999331920734,0.015852842229237697,0.02028583731044144,0.009165696210987314,0.015488105546159299,0.015316131710251533
2021-07-20,0.030386214549236113,0.026734516189815493,0.021374314323197224,0.009024841708064463,0.016191377853629646,0.016152610031100956
2021-07-21,0.029120978953454,0.025596463352644018,0.02200797969209005,0.008861323859093646,0.015884898509236897,0.01610453467361371
2021-07-22,0.030520402186696383,0.027409355656166826,0.0221803481229539,0.008757508504354349,0.015701142296682007,0.015771027687029267
2021-07-23,0.02972205453025494,0.026846959027177687,0.02167622114873394,0.008603666768105827,0.015393288988048823,0.015754092275217825
2021-07-26,0.0281474976068174,0.025528497775660127,0.021370448389471722,0.008467545689196419,0.015112947131552912,0.01566742870690776
2021-07-27,0.02668876032798083,0.024315632307759773,0.020892289466826572,0.008331447475482569,0.014799638190883266,0.017495913449311964
2021-07-28,0.025349859405154634,0.023128620049948492,0.02250894889145163,0.008191916580725645,0.015651899436610668,0.01723492551464813
2021-07-29,0.024265989487119423,0.022039277288087272,0.022399376376023343,0.008057980476717906,0.015436495836573553,0.017153320270485554
2021-07-30,0.023632382764008888,0.021665614733097957,0.021663678911564198,0.008686371492366542,0.017078599315918853,0.016887476592172185
2021-08-02,0.022507770629711134,0.02067583263870019,0.023687092686675223,0.008808108161003214,0.016814610555228628,0.016632268388592816
2021-08-03,0.024510296352130118,0.024493165019364896,0.022897969324644548,0.008668698531581625,0.016433088506314957,0.016441718333513607
2021-08-04,0.02352090924818352,0.0233945055343289,0.023146693931622435,0.008572810145649642,0.016062163654079354,0.016265411771217427
2021-08-05,0.0250027744916825,0.024012731748025432,0.024291615508373273,0.00842415518654372,0.015739120596887608,0.016129371539676605
2021-08-06,0.02410919631303551,0.023178110592353068,0.023458068275576612,0.008309515968328086,0.015463554540313302,0.015805791923712235
2021-08-09,0.023246215072422374,0.02222757028828872,0.022633285400964934,0.009743419014750444,0.01744509243345626,0.01547590248669824
2021-08-10,0.023737208305276206,0.022473113330238808,0.022661118296879872,0.010525260953821045,0.019722212747994693,0.015423870536804917
2021-08-11,0.024058724140078053,0.02252644876675116,0.02198044811258517,0.01032321520732546,0.01928269393706406,0.01541347426408357
2021-08-12,0.02326033939779459,0.02173222027208382,0.021373287555456533,0.010416939796406193,0.01884415203224734,0.015105034034148803
2021-08-13,0.02214629537434197,0.02072212138011217,0.02279599687782447,0.010205016751448318,0.01873642918764109,0.0148013758473448
2021-08-16,0.02132996837193056,0.020036924842901677,0.022728597726954184,0.010441123849851375,0.01934468979627146,0.014571340658795832
2021-08-17,0.02107707554686882,0.019751185970152175,0.02287839428408959,0.010306965803366324,0.018882637910887422,0.014620805086468337
2021-08-18,0.020402556422482322,0.018997579598230337,0.02368023871984787,0.010100264563524022,0.018477395607622606,0.015533368205786303
2021-08-19,0.02026469327636722,0.018541522626772708,0.022866895963859653,0.00990741993883718,0.018181939887851634,0.015793816813062488
2021-08-20,0.02127751004962189,0.019608955378808902,0.022153603274222375,0.009713216575920215,0.01785197095488842,0.015973484990413157
2021-08-23,0.021479839363942484,0.01970812734240712,0.0214652999972491,0.009523120761129203,0.01747211117783781,0.016374027779801684
2021-08-24,0.026143545043248312,0.02508200887003613,0.021964726183414367,0.009667692081098508,0.017834669834975735,0.016770760726469776
2021-08-25,0.026342466041245523,0.025932862513031424,0.021581153565870967,0.009481433339295988,0.017563244787337746,0.01644166060260642
2021-08-26,0.02525808301788376,0.025173068814832347,0.02087330568737227,0.009527912599106191,0.017193456379905624,0.016099791788974097
2021-08-27,0.02441250359289252,0.024499704509517935,0.02935839941478519,0.00935266920761229,0.01693352220498357,0.015791374794678386
2021-08-30,0.023952759133844377,0.024327128554489704,0.031038105923408454,0.009573396694115834,0.017228326926468186,0.01582873864638318
2021-08-31,0.022857322721307,0.023324828432720754,0.030127170434408188,0.009434821692046999,0.016858455496176473,0.015639027622753765
2021-09-01,0.02202318753138109,0.022281096231512056,0.029323354245863,0.009275148394515959,0.016473835333840746,0.015314130843421751
2021-09-02,0.020981575027296192,0.02209895056197473,0.032304326752809975,0.009105121497076346,0.016224506458147193,0.015726003734989683
2021-09-03,0.020960350211420425,0.02192828947424133,0.031008828980491336,0.008955040085511474,0.01610867452757803,0.015450895549262688
2021-09-07,0.0202744674065956,0.020980995309269307,0.030078534928539048,0.009129221779379781,0.01771697363494912,0.015223549065138365
2021-09-08,0.0198754078997332,0.02042262869971966,0.030372048065534875,0.009839074915406342,0.017740016722682824,0.015096970106244645
2021-09-09,0.019450191682125723,0.019864324129451966,0.036443721992387906,0.0096676824694092,0.01758295602496741,0.014960598576427595
2021-09-10,0.019398821806124494,0.019639147264281606,0.03557424503213487,0.009505337040689925,0.01721090078304804,0.014863028113442645
2021-09-13,0.01985783626454969,0.019777900926874335,0.03453592010389361,0.00937280960355321,0.01701481767552064,0.016521556377111876
2021-09-14,0.019231319155171785,0.019041542432699402,0.03730698328096052,0.009197174958403349,0.016653578151038236,0.016667499816816065
2021-09-15,0.018397366010674723,0.01820273831558275,0.035733133455540536,0.009132497285336388,0.016296012866495558,0.016464103146532683
2021-09-16,0.019949625291068755,0.01904822702741965,0.0359762136933913,0.009085272502825866,0.015949119478633245,0.016614626444694237
2021-09-17,0.01906126619141983,0.018223050869440875,0.035158399817872665,0.009980656559943391,0.018349744398930085,0.017347205306616254
2021-09-20,0.018480579138163852,0.0174998273205173,0.036222928567755365,0.009804959632471643,0.018484448673291774,0.01705406941697614
2021-09-21,0.019284586947861435,0.017823681903125048,0.03542530269154047,0.009712180643913514,0.018098407218669933,0.017889537509068083
2021-09-22,0.018475546324434544,0.017157082616464082,0.03571114609025381,0.009654560267062991,0.01813747024048495,0.01750834566274132
2021-09-23,0.01912006816674951,0.018078611637133632,0.03418897323830424,0.009466515847780658,0.017946558517871126,0.018199901720177162
2021-09-24,0.018835435170243962,0.017811731153949722,0.0343693939387569,0.009914537870207872,0.017670192837151814,0.017836356844249356
2021-09-27,0.018240290013308482,0.017368966627056632,0.03430857916083065,0.00971879179426223,0.017444549181431717,0.017660023911458447
2021-09-28,0.018501895443306306,0.017566052813022173,0.045418390403120686,0.009528524248039879,0.017245708808578987,0.017279481488610055
2021-09-29,0.017744002247590325,0.0169268685120377,0.0439351725686737,0.009508409550682046,0.01699984920354729,0.017078422040313415
2021-09-30,0.01715609929168503,0.016342227604782524,0.04627401856712199,0.009494170962062601,0.01932863194535531,0.016864715670708602
2021-10-01,0.01649886436027868,0.01570137080458286,0.04876402984419714,0.010118012421925013,0.01972302326975909,0.01741920190999312
2021-10-04,0.016240180925259754,0.01537547516198091,0.0483654354373298,0.00991459497195493,0.019858297072063394,0.017808612879718216
2021-10-05,0.017140540143554702,0.01664041260943535,0.04681192104185932,0.009770045189636698,0.019408740595467825,0.017611278703067352
2021-10-06,0.017249847920799807,0.01669221692570432,0.05229777753348141,0.009614999075343808,0.018948110068513106,0.017374796275269958
2021-10-07,0.0177081167781942,0.017018404085334407,0.05935667960754985,0.009428421892889484,0.018513953682645457,0.017153244068408416
2021-10-08,0.017322784159791646,0.016636819429670248,0.05661072073586662,0.009255995712223072,0.018119029340891726,0.01740816583884054
2021-10-11,0.017122876070622357,0.016041744244522243,0.0543467623754371,0.009085823424819124,0.017700321817355317,0.01710056867799285
2021-10-12,0.017048597786721707,0.016097860340008294,0.05328017663990215,0.0089222406707011,0.01729371141047259,0.017292862576517326
2021-10-13,0.016389061028748153,0.015493946184433609,0.05159439092870846,0.008768302386154631,0.016960707597460038,0.017065761896864744
2021-10-14,0.01580979443066686,0.014938210980704967,0.04944835945845902,0.00952095550858136,0.0177704918343877,0.01895872014707175
2021-10-15,0.0155890035995747,0.014693806773783838,0.047478254099155695,0.009341772727925475,0.017601198400800225,0.01920566630559606
2021-10-18,0.015468373528205173,0.014497276720938599,0.04779618508701199,0.009809220116497232,0.017237457277751465,0.019316324171566323
2021-10-19,0.01494416202857082,0.014133873280300824,0.051794682934181074,0.009622071359955407,0.016861245940065436,0.018889237297716827
2021-10-20,0.014572568568176469,0.01390676430826684,0.049772982379324524,0.00944871089021767,0.01748227429382125,0.018488882517999565
2021-10-21,0.01449596042998498,0.013689632582386334,0.04774695941603243,0.00940672789637676,0.01784455652312502,0.018173468433815718
2021-10-22,0.01504563741706171,0.013995145762340318,0.04571258220246611,0.009236397026500844,0.017611684894279823,0.01933364900760133
2021-10-25,0.01526880850047473,0.013913075125713612,0.044675262526330674,0.009201253173598949,0.01739047593567663,0.019112439232864722
2021-10-26,0.014756107010822497,0.013536765641377896,0.05408664739564026,0.00910097650594589,0.017037545824333047,0.018723957247383842
2021-10-27,0.01463531415415141,0.013171235391457798,0.0516154783074388,0.009074775927025047,0.017236944131526846,0.01856241806997631
2021-10-28,0.016132499657195404,0.01443995845180377,0.05174877696246287,0.0089233738514659,0.01686626953325385,0.01875690280726243
2021-10-29,0.015550818564150685,0.013970713579876146,0.05375102512652754,0.008768958541532505,0.016495442892165826,0.018493083981838764
2021-11-01,0.015257431076413395,0.013498049243598136,0.05477614530367596,0.008893809223864946,0.016202776170197317,0.018330268764352096
2021-11-02,0.01483582514972334,0.013110263079808525,0.05403285511118467,0.008834204774343738,0.0158765372566246,0.017970484468420974
2021-11-03,0.014376698000618254,0.012705683545084754,0.055259459550217827,0.0087133391138804,0.016404517829407484,0.017632879882930864
2021-11-04,0.018321391437299255,0.016096382711641467,0.053154045777014776,0.009068180645196707,0.016248801538794398,0.01740931682742445
2021-11-05,0.019419374910297306,0.016472687716664568,0.05077574007824889,0.009512497142335121,0.01713131851547102,0.017034030103464576
2021-11-08,0.020885027113098212,0.01787173755113741,0.04965900485452751,0.009689454345423254,0.016890798126307366,0.016703056469896897
2021-11-09,0.0200684499484405,0.017293006499212144,0.047668324156539994,0.009573389388164015,0.016874258669904944,0.016556697420802676
2021-11-10,0.0208859546570939,0.017288811207549187,0.05243938467269559,0.009391505894475153,0.01661741229197693,0.016251774693710655
2021-11-11,0.022721908592474343,0.01844088793821823,0.05041997879096662,0.009404876737046161,0.016752210512381408,0.01610894392215916
2021-11-12,0.021642976662556424,0.01765795074862464,0.0507347225392968,0.009376108712572941,0.017043404118997678,0.016177733092213428
2021-11-15,0.020888308404786584,0.017135060266754334,0.05310543756318304,0.009209139979089396,0.016656847595772413,0.016011466977659886
2021-11-16,0.019929637142291783,0.016436135487192458,0.05251537502256305,0.009041001208324712,0.016414929601047745,0.015846635098757646
2021-11-17,0.019052799007389917,0.01583526723993286,0.05098100509264082,0.00899431149248691,0.01611150873206791,0.015692016996879596
2021-11-18,0.020660199589578144,0.01736754449858312,0.053345563112938865,0.008996427616129635,0.0158733176895159,0.015920767984368325
2021-11-19,0.019868502154725222,0.017031731680555398,0.05117173287218897,0.008892398479795036,0.015702510586291085,0.015685906192168565
2021-11-22,0.022484628491363356,0.018782625809969696,0.049804220800374326,0.0088087868903062,0.015394536914453472,0.01605218858861302
2021-11-23,0.021555937925915803,0.018224277597234655,0.050481242644914645,0.010087202619009816,0.01568817576168184,0.01572892251666648
2021-11-24,0.021695088194567416,0.020092793624424288,0.04940036913479253,0.010236803524599351,0.017334237235757624,0.015454346338106885
2021-11-26,0.020685172528764985,0.01918339498613917,0.04753541528885418,0.0100283945817674,0.016943906218738113,0.01521638075389396
2021-11-29,0.0486543359393897,0.042743440997760146,0.05027391919039591,0.009827469190106623,0.01697335225877405,0.017135418925978283
2021-11-30,0.046558924362514284,0.04054985479265457,0.05928022241377548,0.009642325068276043,0.016855636295703504,0.016974450785123326
2021-12-01,0.04732507754744396,0.04038042751444322,0.059472201714902,0.009516381627290326,0.01647479064917184,0.016861692412891188
2021-12-02,0.04471472451049,0.038988976444737936,0.06055016757421536,0.009373093951376537,0.016754128075736622,0.016572719525617154
2021-12-03,0.04237895090364547,0.03707376070047323,0.059593983944329076,0.009532012101693335,0.016374119036182043,0.0164076779643077
2021-12-06,0.039995914133040184,0.03511549487275711,0.05710049773536115,0.009656857164470853,0.01608765774596426,0.016142316744571623
2021-12-07,0.04057496267311729,0.03605329824749658,0.0657719667243929,0.009487210822045948,0.01587837483108957,0.016158487072984336
2021-12-08,0.03991200662311165,0.0355357261515956,0.06283592643496032,0.009319895116259554,0.01573596600572619,0.015818462350873613
2021-12-09,0.03768378930204375,0.033691313116077634,0.06051001429534655,0.00914381770960716,0.015418574402056646,0.015686650576867574
2021-12-10,0.03615891157158559,0.03247091175843966,0.05770625928902174,0.009040355628472113,0.01565364812472289,0.015641938446035356
2021-12-13,0.03429188448393861,0.03092004222270213,0.055701633010070306,0.008919674423986374,0.015420746926499617,0.015490682247153685
2021-12-14,0.03246204235368948,0.02950443676492682,0.05413321161006597,0.008764182262944321,0.015137363188724651,0.015170955734641136
2021-12-15,0.03081530831562068,0.028154447152257792,0.05179503517181071,0.008819845997817363,0.015361225194261524,0.014917037420080492
2021-12-16,0.029165985041267235,0.026734203062303424,0.049617929832154656,0.008717537506900856,0.01552548799978686,0.015079354381217873
2021-12-17,0.02837851427589219,0.025823516139894424,0.04745933813657072,0.00940468351679698,0.01795927294606106,0.01590619861830379
2021-12-20,0.02775773086959063,0.02536498638235697,0.04574636611260687,0.009256761345836346,0.01754704099340255,0.015581482386303329
2021-12-21,0.02897675107470539,0.02564054115960999,0.045163663124813465,0.009165985497683266,0.017297760546239403,0.015259130843842368
2021-12-22,0.030352032835982586,0.02652601491072297,0.04322251875540386,0.009025745724725183,0.017047627003370976,0.015132136461097704
2021-12-23,0.029580975012328415,0.025769009700689405,0.04209125232303277,0.00898841987130606,0.016897209357073385,0.015017306117897295
2021-12-27,0.028335604837623297,0.02529047580419311,0.04459756011805813,0.008884482421443003,0.016565601842784952,0.014710996932783302
2021-12-28,0.027843473426695,0.025023504460281835,0.04957266789322699,0.008734472889393089,0.01619657156420645,0.014862616542933147
2021-12-29,0.026436118524778493,0.023823705904294855,0.047326061205614695,0.008581476670349262,0.015883262988769103,0.014718086517536809
2021-12-30,0.025179865397362642,0.02269162323331673,0.04525688546295682,0.008457685284758383,0.015740794084378364,0.014447184129968496
2021-12-31,0.023965104120592294,0.02160974606923065,0.05683843188475829,0.008351885822038491,0.015489397885051945,0.014183479727850097
2022-01-03,0.024008094823419084,0.021518553605553343,0.05596293571342958,0.008368919863729228,0.015418308042499605,0.01428265633284631
2022-01-04,0.023084438414281774,0.021041014478931835,0.053805149531175094,0.008856544170548725,0.015957441857249587,0.01413136594182748
2022-01-05,0.02225635070363039,0.020443957598041993,0.05194974794532267,0.008844146048114326,0.01578478338457808,0.0140521776813493
2022-01-06,0.021458568606992353,0.019739653595886815,0.05124923560841941,0.008759609053627692,0.015471356243207396,0.014081583569545754
2022-01-07,0.02140706147411878,0.019374867576084514,0.049231559540278365,0.009567023503027409,0.01793053744035014,0.01406950104622833
2022-01-10,0.020550853163604242,0.01853896802941402,0.047676699689980395,0.009424213898569518,0.017647896851924437,0.014028766958765568
2022-01-11,0.019825279005198957,0.01807132014366852,0.0471258145369225,0.00924482622498826,0.017245592670412754,0.014038406240403095
2022-01-12,0.022266505047794132,0.020356825567761777,0.04662525955896542,0.009344959669091834,0.017214828033472417,0.01421565815610703
2022-01-13,0.021861452844338693,0.019727505062382012,0.0599658703126088,0.00921284959358726,0.017243495953225357,0.015421586829693319
2022-01-14,0.020942776147055846,0.018858542523046692,0.06915409292677362,0.009071617478118394,0.016852637194180016,0.015168885936771128
2022-01-18,0.020952992307122997,0.01891976865225811,0.06592062770845895,0.008924925397476881,0.01663900370304823,0.015930099988231704
2022-01-19,0.020827135036820005,0.018799694296077862,0.06286038067986394,0.008780275086410598,0.01717276296122996,0.015691681127198435
2022-01-20,0.02060505991634282,0.018259184818935875,0.06268630508608398,0.009277670900905621,0.018138230334983817,0.01588608044451045
2022-01-21,0.019670518602684192,0.017474757073217075,0.06234110346161609,0.009104095190151242,0.018252448185058886,0.016404014422483848
2022-01-24,0.0199424931464831,0.016842904714698178,0.061335107533143834,0.009026219391603727,0.018189271701982014,0.016330344805867657
2022-01-25,0.020315245674330674,0.017204858955683803,0.058523780936564525,0.008922475719275373,0.018406887428442972,0.01679720872637039
2022-01-26,0.021143286961176497,0.01784654947801407,0.0558500487502511,0.00883788904049257,0.017997537623279845,0.016541935943360807
2022-01-27,0.021106373219976514,0.018137785228810686,0.055659356553615306,0.009069793298971408,0.017597437265123507,0.016435036277968364
2022-01-28,0.02033328317959555,0.01750570056870392,0.126510069974943,0.009866038546203082,0.020352799280081064,0.016656198655243565
2022-01-31,0.01942437727453149,0.016929184104176397,0.15070255119045028,0.009726364861436954,0.020200416558783813,0.01714188006490294
2022-02-01,0.019146008218968356,0.016714814391358922,0.14422661863427022,0.009599006980927405,0.01973301295317361,0.01678793727062566
2022-02-02,0.018318183528487755,0.017581889717518003,0.13752789871295776,0.00942851858908417,0.01935992703835367,0.01724694242671752
2022-02-03,0.017554707035085285,0.01687088475347987,0.1381388881929791,0.009297451679373358,0.018930074764223943,0.01711574302230447
2022-02-04,0.018230514698390255,0.01711723868561034,0.1362671271964776,0.009155373575276161,0.018779827815029418,0.016790245962091107
2022-02-07,0.018787253477042427,0.017932077906748403,0.13130141150522903,0.008991813135994078,0.018361027868482194,0.016449385734951662
2022-02-08,0.018340530422555634,0.01728952873724898,0.12717612261830025,0.008959223575991758,0.01886493636716243,0.01613636942874037
2022-02-09,0.01893160316395205,0.017840145824450176,0.12109152973831092,0.008817536298231265,0.018452108279296806,0.01579755316398225
2022-02-10,0.018142145801418267,0.0172703930271836,0.11662509168199321,0.008706818394175982,0.018066802072319234,0.016755727002850423
2022-02-11,0.017402959458377748,0.016562534067943214,0.11111889375722336,0.008553242823365222,0.017728273145025068,0.016591717344520803
2022-02-14,0.019989725442956123,0.018832676303843124,0.10582442601893355,0.008417311548190882,0.017378551032428625,0.01767443450276857
2022-02-15,0.020610566197348815,0.019172364147658015,0.10249992065296762,0.008790984690414774,0.017565870163988393,0.0172918469363766
2022-02-16,0.022843906332542407,0.021191499796388076,0.09792542820118447,0.008769883698847734,0.01781971347386072,0.016953235364292482
2022-02-17,0.022365688065805803,0.02081314752946717,0.09719360754809134,0.008769278435869941,0.017580890679378448,0.016594856626753893
2022-02-18,0.022313708210976856,0.020806774461357067,0.09381372987567695,0.009217127746836312,0.017361440305362907,0.0162599367333304
2022-02-22,0.021403106088015652,0.019929592957270988,0.08943883112125572,0.009049610841750506,0.016994842883507433,0.015919759654040175
2022-02-23,0.02084259601100999,0.021852434636441535,0.08531227259533747,0.008914724099275266,0.01686382792847191,0.015593943846807639
2022-02-24,0.019913082365098464,0.020823919486297013,0.0816824575875728,0.008757449369403203,0.016626638468041542,0.01533073199670683
2022-02-25,0.019160402189647402,0.021078081490687538,0.07791208755051213,0.008758497371726846,0.016291488652307378,0.015072722425154308
2022-02-28,0.018842418977985234,0.02044704196061853,0.07453559460760743,0.009601002145487852,0.017136018553095284,0.014785489482483179
2022-03-01,0.022703228351613692,0.021711686812038264,0.07118744480219295,0.009510111268833941,0.01707259672936787,0.01454569327455089
2022-03-02,0.03250677753627293,0.023915051054906978,0.06879604699134782,0.010385321921470519,0.019694365023546753,0.015668284691972966
2022-03-03,0.037286446298914235,0.032183409630752655,0.06668272265313009,0.01044498541552052,0.019470071183889038,0.015646115584184855
2022-03-04,0.03625979646253983,0.031304543815853215,0.06362403257329059,0.010322314862131476,0.019004760911615893,0.01614244973548336
2022-03-07,0.04099851320985634,0.036270493413785215,0.06330186207632763,0.010602869099902233,0.019222840558115222,0.017173376026903754
2022-03-08,0.03991525024382734,0.036771210613030215,0.06140436630007162,0.010791337683338509,0.018774318532767068,0.01905283773033309
2022-03-09,0.03924848670208038,0.036759755732209756,0.0618100378936357,0.011552106424683588,0.020854531448485796,0.01865837271481377
2022-03-10,0.05531426122981922,0.05627895022180739,0.05894088442496586,0.012630553902867093,0.02249623892842334,0.019266490870379408
2022-03-11,0.05271734411704143,0.053445309282934304,0.05662621653964153,0.01240081923809484,0.022265771015690855,0.019172261090858
2022-03-14,0.050572396374502775,0.05136973338560633,0.05434479234706737,0.012234900729025312,0.021731008082959608,0.01879168958123987
2022-03-15,0.05130378738238303,0.05130237380707941,0.05203868839468312,0.012217268162993329,0.02248481141825595,0.018985791333273855
2022-03-16,0.05271123682347122,0.052949863059760946,0.05002167069593879,0.012412097534722211,0.021954419196655143,0.01857490620952833
2022-03-17,0.04988655393921165,0.0504186482382771,0.04912335296488751,0.012343879180358244,0.021796881696420134,0.018585864992981645
2022-03-18,0.0533457735459698,0.054423025557513265,0.04919746465210908,0.012590749915481238,0.022749182739373174,0.018741169608948168
2022-03-21,0.05050537515489123,0.051569883530799915,0.04762122417545714,0.012402093892493754,0.022671120876491844,0.01841003929590727
2022-03-22,0.05221767482869616,0.053252536686960165,0.04552489337779485,0.012121571933963383,0.02219805031681837,0.018055389102543097
2022-03-23,0.04920689794521432,0.050339169556556505,0.04670290389908459,0.011885651104300005,0.021937602960144097,0.01767211156094522
2022-03-24,0.04717590962915067,0.0502264075037127,0.04467167390385276,0.011736852637874738,0.021544874172139968,0.017582678739248497
2022-03-25,0.045076165415794185,0.047967651594701705,0.04371394962023063,0.011766030446650349,0.021956556361464593,0.0172688339368989
2022-03-28,0.04270657991359919,0.04554634062443728,0.04277546026947986,0.011540830423928599,0.021579255938382308,0.017008951590399442
2022-03-29,0.046403546476356014,0.048383874404160136,0.041029903258328,0.011398298035582632,0.02137111828355233,0.016687980647521663
2022-03-30,0.04406958234979115,0.04619872789801574,0.04039431250900938,0.01155656303591388,0.0212518630587735,0.016333071777037213
2022-03-31,0.042867050814515834,0.04459150117263752,0.04132766739399023,0.01152480353117111,0.021016301278635345,0.01601756222882316
2022-04-01,0.04657131985496181,0.04502645216588801,0.03955110990794458,0.01138676580011528,0.020503573729310342,0.01568195602045074
2022-04-04,0.0440303216196883,0.043857372732469486,0.03803800167210633,0.011615426260279074,0.020464554999710772,0.015593895075734472
2022-04-05,0.04332154144653384,0.04248991377272526,0.03639457857898935,0.011406109234315365,0.019975379886814002,0.01581042019799656
2022-04-06,0.041076456244442845,0.04029178537697676,0.038464985854232976,0.011183044823125496,0.019500816653426102,0.015491560937200808
2022-04-07,0.04293301316809933,0.04170010216689735,0.036795926932762305,0.010956507890639353,0.01904588773768541,0.015384609944180828
2022-04-08,0.04050156520022147,0.03949117530751044,0.038656405995634545,0.010840395348963895,0.018760681540534486,0.0151672624074338
2022-04-11,0.03886963665692265,0.03796955845107125,0.03718774754001351,0.010638920350948307,0.018332070287362553,0.014893799261157734
2022-04-12,0.0389993902027457,0.038386779906655795,0.03940111225644708,0.010419037447141101,0.01795636050895034,0.015160614200483364
2022-04-13,0.0420510265561573,0.040950593378132664,0.03771426727383021,0.01060063289456211,0.01872184208332116,0.015217729166381543
2022-04-14,0.04119306388190405,0.040578892435878935,0.03865411462900738,0.010415639045602434,0.018452503446773058,0.01490500427641712
2022-04-18,0.039663027339783496,0.039265615133337456,0.03908247324769464,0.010263126236316861,0.018243643319222375,0.01460657177636112
2022-04-19,0.03759867110183468,0.03737783504010468,0.04268825297281738,0.01012381455627459,0.018227871238817174,0.014713829467044453
2022-04-20,0.03942219591063223,0.03920830797580016,0.048363043043613115,0.010342594788545172,0.018949105472143166,0.014866494446924006
2022-04-21,0.037209015917410715,0.037140155578097474,0.047310660135581474,0.010139607480380204,0.018530558689950228,0.014851897988966497
2022-04-22,0.035265474443041525,0.03543584418649,0.04518452942433879,0.009971269964032182,0.019005534383952097,0.014740229599771542
2022-04-25,0.03376326916218848,0.033933593646013345,0.047153152863967415,0.009894819647356102,0.018851376973706698,0.015442563127778357
2022-04-26,0.033859523380383554,0.03470458960072953,0.045434176303039274,0.01055369035177365,0.01920760619242715,0.01634472049431436
2022-04-27,0.03347714702915839,0.033827108180432976,0.04412289306231628,0.010367401512508267,0.018788282258715712,0.016006112263380133
2022-04-28,0.031658577476206706,0.03206512354207907,0.04571726400664195,0.010306464437090579,0.018361151902697687,0.015683386720676144
2022-04-29,0.03158235186866475,0.03109939561401211,0.046584366002200894,0.010098475735631414,0.018206519666365113,0.015482534721951763
2022-05-02,0.029958494757344925,0.02990241390270704,0.0469727937213516,0.010131697210604649,0.017800999420096573,0.015189574193698359
2022-05-03,0.028391730773476124,0.02883428762171168,0.04582179107231657,0.011246185337485353,0.018055331214498652,0.016341405095707164
2022-05-04,0.028239130166452492,0.028448220234678447,0.04755432868413619,0.011026342324450536,0.017648677375033825,0.016012165520084207
2022-05-05,0.031224867495956335,0.030858037680004856,0.048438921250828514,0.010794385643484596,0.01743159172867682,0.01591460489538146
2022-05-06,0.029566946330895696,0.029335477160301476,0.047983160271207345,0.010590510569750276,0.017032672539557175,0.015728598053952755
2022-05-09,0.028312928226553038,0.028130964602243277,0.05297750328794299,0.010395322615832729,0.016660028208092145,0.015446569409665288
2022-05-10,0.03348653694978895,0.03253318533382206,0.06496491897482268,0.010543272118823182,0.017187544240189534,0.015508139072104106
2022-05-11,0.03337198746436811,0.032590026265161096,0.06370509113590854,0.010515362076345493,0.017277515452990656,0.015313122079135193
2022-05-12,0.036403826466732035,0.03431721989741407,0.061577911322131126,0.010386276662566024,0.016959620793118926,0.015265008826661944
2022-05-13,0.03440036412582614,0.03251476305008159,0.05884146744165372,0.010698537463814453,0.018568017495193778,0.015904966702710327
2022-05-16,0.03485582461281317,0.032935115500851146,0.05620546698626308,0.010652260316892698,0.018289059610592826,0.016018364313731322
2022-05-17,0.03450329180154676,0.032069266422854285,0.054775264532683846,0.01044858006911144,0.018766218422654583,0.01570044237192361
2022-05-18,0.03301844887649846,0.031085685882778557,0.053803013850940065,0.010243561066100668,0.01843783494025653,0.015513807058908782
2022-05-19,0.03227393860283205,0.030564447468888988,0.051385695413508285,0.010040360870533515,0.01812776638631429,0.01546399936908493
2022-05-20,0.0313861888143218,0.0301224404380409,0.04909630906386135,0.010228515750969714,0.018092179168567975,0.015956172075789338
2022-05-23,0.029817099922268445,0.02860347857401206,0.04761262085191127,0.010020393081913985,0.017825587955698864,0.01562370942092364
2022-05-24,0.02948183044384963,0.027245319709990543,0.05120878926269646,0.009838113768254084,0.017418763746766444,0.015623726908512136
2022-05-25,0.02796809667826257,0.02587481329967354,0.048905117371563195,0.009821556833560242,0.01736194150683529,0.01533840130009219
2022-05-26,0.0265463212583829,0.024617354671038268,0.04705310959643597,0.009870785716033977,0.01708805553158397,0.015210940190752557
2022-05-27,0.027259019264575607,0.02508455763078746,0.044988669074586596,0.00967533944481331,0.01671570545988119,0.014939879862744214
2022-05-31,0.025970768147932928,0.024421863068042154,0.043432678206929316,0.009493695123994584,0.01637890777641563,0.014821334010394456
2022-06-01,0.024680139318853506,0.024805357150476114,0.04645744489424094,0.009368440838998146,0.016548475123768367,0.014527720718117774
2022-06-02,0.023491871832977428,0.02921284912511988,0.048508262516767715,0.009190586222790773,0.016346542201043677,0.014329997084728622
2022-06-03,0.022737696438730713,0.02793068451626817,0.04691658939045674,0.009364986379652133,0.016406080959487493,0.017513001121473012
2022-06-06,0.022258479307315428,0.027072878110993306,0.04482158665755638,0.009501300804010597,0.01645567269454465,0.01750284552064202
2022-06-07,0.021229879573087435,0.0257196666705005,0.050555001419952034,0.009350066362416665,0.016189980085884084,0.017221038113366238
2022-06-08,0.020369725423422143,0.024587688462432956,0.04826689641357656,0.009213466661651386,0.015849064316166492,0.016851027340668238
2022-06-09,0.0206382909397295,0.024590861198179055,0.050232539492797795,0.009051139077702122,0.015521403403104872,0.016513143502828974
2022-06-10,0.01977320416496176,0.023426996529989946,0.04876890310110724,0.008894468583735543,0.015441669514932213,0.016499368173421052
2022-06-13,0.019044994280856518,0.022471741219469713,0.04672593700669037,0.009073273630136162,0.01514774351335076,0.01670223441672848
2022-06-14,0.018232090705585128,0.02141012383323748,0.045409548133796517,0.010183568909509062,0.016394162719601955,0.016871493022845206
2022-06-15,0.01830491497943436,0.020618913576358016,0.06955229601141007,0.010211269940060797,0.01633846208706317,0.01674312053694911
2022-06-16,0.020169097168308107,0.02089355583651846,0.06696177790285562,0.010021376778014924,0.016702991836996785,0.01638854449984714
2022-06-17,0.020183733772877913,0.020201568681534176,0.06385645577710895,0.010382759759753637,0.017007777363567157,0.016290461315938212
2022-06-21,0.02966962820309252,0.02642465829046844,0.0646835940881807,0.010240428882116712,0.016893108164641447,0.016678036925332426
2022-06-22,0.02824927767976508,0.025436896831055256,0.061966667905738425,0.010033532328012261,0.016610368440478352,0.01637306784430097
2022-06-23,0.029842604296578742,0.02551123136824364,0.05912681645682879,0.009832705026948205,0.01662829145282678,0.01673320954269577
2022-06-24,0.028873543659119136,0.024730907300327423,0.06322138614378078,0.009694484310277071,0.01672567963019802,0.019438949696743528
2022-06-27,0.029066174609528348,0.02500799516983172,0.06028976506965712,0.00950504459307264,0.016368560092834033,0.01900753536147159
2022-06-28,0.028077126150418637,0.024360089050042465,0.0589932295358784,0.009348868949815979,0.0160055646763133,0.018615215064419207
2022-06-29,0.02729729275438105,0.024402253180870796,0.05630883778058277,0.00918301823217997,0.01611818657162152,0.018207877971805835
2022-06-30,0.02653025602081389,0.02367843335218795,0.05377710392196228,0.009025811623184159,0.01581962990993039,0.017813130349052415
2022-07-01,0.027872299927083278,0.02288787662594038,0.07484956591716618,0.008936934509506675,0.01603353565751323,0.017800122509774297
2022-07-05,0.027522642761454188,0.023532788381405677,0.07319573277553325,0.0087999890287151,0.01745404968955223,0.018251949538256467
2022-07-06,0.03781363743291036,0.0342862068217319,0.07064767662662126,0.00969098147496435,0.018178815790839443,0.021246289029677703
2022-07-07,0.0358513052541372,0.03312706335428351,0.06734131896363199,0.010043544056338788,0.01775646127181682,0.020771063608023367
2022-07-08,0.03629003736808172,0.03359806890240141,0.07568770734834565,0.00984608780298978,0.017348450576575126,0.022510171470842836
2022-07-11,0.034817561182482276,0.03257794042812175,0.07327848355423006,0.009654598005659083,0.016955908631506787,0.022195377653950795
2022-07-12,0.03298009999460398,0.03087942739907116,0.07233561292274544,0.009559977875180259,0.016610317179371926,0.02242355570960123
2022-07-13,0.04079485629501901,0.037328914117410704,0.0700970905918161,0.009415739904183089,0.016355028430148633,0.02359990607671826
2022-07-14,0.03851481867079724,0.03534568293057685,0.07118353510413035,0.009318678817365464,0.016227415298643015,0.023125323337737192
2022-07-15,0.03640650722807219,0.033517606135132945,0.06797140727210824,0.009842595189476954,0.01965238514754878,0.023766940511234545
2022-07-18,0.034863817519632294,0.03238788683228246,0.06732891204849328,0.009653341158040346,0.019721514611149755,0.023268137494772613
2022-07-19,0.03648130946536382,0.03430787127178472,0.06697623638822227,0.00949555526700121,0.01946282691331428,0.023829044738596265
2022-07-20,0.034786648988597,0.032648907162339744,0.06446293005243155,0.009313195864658824,0.01905264489080746,0.023554315678651416
2022-07-21,0.03344715325193819,0.030975404064746172,0.06805280499682627,0.009235618683952724,0.018603355563696758,0.023131727861471822
2022-07-22,0.036894204188654994,0.03077481730527563,0.06493721172765968,0.009191402214856101,0.0181724966547932,0.022669936613780632
2022-07-25,0.035294900866917514,0.029260360842861717,0.063369455322901,0.009172368299412495,0.01778950526601233,0.022336560716832324
2022-07-26,0.03396324917487691,0.02835404725235732,0.06226544173232058,0.009061679474640427,0.01773137090784204,0.02182710652981033
2022-07-27,0.032630733594892686,0.02701450090681852,0.06004237730258416,0.008897769054755119,0.01747437459925687,0.021416070784768388
2022-07-28,0.031717296129908486,0.02646296503921359,0.05822074971409066,0.008737589705221389,0.01708799316147743,0.021121788012042356
2022-07-29,0.030145691363199223,0.0251799294596488,0.05899108055925921,0.009328992044802172,0.022305847524994583,0.020820904179370756
2022-08-01,0.029376135845793662,0.025292847970111138,0.0563659284968343,0.009261576038060115,0.022058498499945303,0.021331873614361823
2022-08-02,0.03195630548874482,0.03832185105332792,0.053803477810388974,0.00911055811109721,0.021590145497991032,0.020936377404768624
2022-08-03,0.03027036636203968,0.036309979804437495,0.055790713217240454,0.008943776156602858,0.021197026051936015,0.020531517904449542
2022-08-04,0.031477617047231614,0.03642703149296239,0.0572254048804369,0.00892693357652154,0.020853039749107044,0.020342733629511268
2022-08-05,0.030749626484033822,0.03560553465979613,0.05485260418977858,0.00943557608699116,0.020509577948210046,0.019901444674374116
2022-08-08,0.029140012163743685,0.03382089525654006,0.052383061156568315,0.009444824323503838,0.020257162308702285,0.01988523504802605
2022-08-09,0.028242297153337828,0.03252420528743003,0.05326163700918543,0.009392793173285474,0.021522898730163723,0.01954124603732886
2022-08-10,0.026784519050719716,0.030852016414306654,0.05169120229534524,0.009245708334329819,0.021045909441905007,0.019108602703495733
2022-08-11,0.02585248646246634,0.029457300683700924,0.05121653956410882,0.009073015883450594,0.020721791047131233,0.019025903206741756
2022-08-12,0.025814130536073038,0.028784564560126003,0.05428579130823423,0.008937365171864352,0.020664522259341078,0.018857144667058352
2022-08-15,0.025716070096976205,0.02771599894203859,0.05192962245766435,0.008827375830530655,0.020517160596249518,0.018548451027534253
2022-08-16,0.026199878344228548,0.02814049979827464,0.049582113146606224,0.008910184894695507,0.020553731322975874,0.018344568387788685
2022-08-17,0.026999393570550527,0.028288543485091574,0.05136466196552639,0.0088086740213445,0.02016140043540722,0.017947408253261906
2022-08-18,0.02620060486887489,0.027195009134619884,0.04910711411495679,0.008794368520685361,0.02007359591567461,0.01770177933020608
2022-08-19,0.026209684750679328,0.027541702973806495,0.04692174579507287,0.00866241396475121,0.01981904119649231,0.017534805561429667
2022-08-22,0.024881625463639895,0.026153161506879873,0.04505612145916407,0.008566479870568945,0.019866192105028532,0.017279312390072615
2022-08-23,0.02372371923900385,0.02486470646306401,0.04437292257936213,0.008585246996047765,0.0195113143818563,0.016925519576718367
2022-08-24,0.02550732761833896,0.026421420857634624,0.04518595977092559,0.008560565937872003,0.01911268411694625,0.0166699672240227
2022-08-25,0.024495304178265752,0.025280170378908496,0.043382206757591565,0.008412488824713056,0.01870941006772566,0.016510527677220815
2022-08-26,0.024669005190531838,0.02475975009724456,0.04147523672273445,0.00834283358619905,0.018439488345707595,0.01639855717608542
2022-08-29,0.02349601117278043,0.024080010830042912,0.03973451886667753,0.00861378723260911,0.018531903110313344,0.016051709323349875
2022-08-30,0.02584493830136376,0.02602316409984894,0.038037071070209316,0.008463571548597117,0.018231366284316663,0.016451361539520423
2022-08-31,0.030539595159299354,0.030462464364088414,0.03781452193907251,0.008485443936977371,0.018446022695886764,0.01679645612697184
2022-09-01,0.029855196576653885,0.03029370462950611,0.03628114685544279,0.00844416108294341,0.01867788723171137,0.016516488685131007
2022-09-02,0.030236325200198547,0.03186702407445918,0.034995808492657446,0.00854644625219798,0.018432117472673988,0.01734740300649685
2022-09-06,0.028632759951156984,0.030286145363241024,0.03712928538618821,0.008538122770575123,0.018218245764476455,0.016978157398950894
2022-09-07,0.027127067589063997,0.02873609059404699,0.042275350010151216,0.00847753502447371,0.017792197455318237,0.016854209731800775
2022-09-08,0.03180029349109836,0.032035993531395544,0.042012862925414514,0.00851179219211549,0.017885104971164474,0.016604870650439706
2022-09-09,0.030664403860664068,0.03062734539546313,0.040245553640628005,0.008419347003375613,0.0176246488479307,0.017260326459250002
2022-09-12,0.03136923229793612,0.03165637329999308,0.03859533833660072,0.008327786942476196,0.017660542672333565,0.01708693923180876
2022-09-13,0.029875651458020375,0.030251111807718774,0.03806654612612566,0.00830093136437221,0.021434437132784468,0.016911056886726034
2022-09-14,0.028347459029266876,0.028837119927078173,0.036436797655070324,0.008647446143447474,0.021321171951608386,0.016754930327033
2022-09-15,0.027163174232164584,0.02753127568542996,0.04513298336485977,0.00856731118946762,0.020818788225370276,0.016534089164503347
2022-09-16,0.028628776199487622,0.02841035319110619,0.051082090910437056,0.009278145832003419,0.020599370132382402,0.01623864051516956
2022-09-19,0.027123350155834017,0.027016618392021095,0.0531132056294008,0.009131449348968543,0.0201465296731338,0.01604285451054697
2022-09-20,0.02580803644310798,0.025746107233335105,0.05068653747282654,0.008993548717340132,0.01966171280686945,0.01570806442128277
2022-09-21,0.024987306485084498,0.02493905495354769,0.0484026381158112,0.008872808911476971,0.019293951606990208,0.015392575132262694
2022-09-22,0.024450104058072162,0.02388081384963244,0.04627141545869796,0.008729815385786384,0.01916706673455435,0.015229356175848365
2022-09-23,0.023312319397189998,0.022816514866997713,0.05235077685033838,0.00860390693174189,0.018774499086094753,0.01493988178092615
2022-09-26,0.029012797880473028,0.026610041716159237,0.051242633974353816,0.009058367366137634,0.020092415657832704,0.016557497275760624
2022-09-27,0.028746805520763072,0.026447545581964875,0.04901204092536085,0.00933912602479562,0.02029125342977863,0.016613488935745494
2022-09-28,0.028150616783319628,0.02637346369101905,0.048136202793627174,0.009169583997675602,0.01988424065472079,0.016269993836963016
2022-09-29,0.03022658192860577,0.027271422813909853,0.046945960675629825,0.009921312037845263,0.020455948174894684,0.016333893479821063
2022-09-30,0.02885581719961245,0.026072986878068475,0.0448324396469378,0.009728668630429042,0.02008293105049098,0.016367484043759727
2022-10-03,0.028222488982347055,0.024852924644348087,0.04310382629948324,0.00954714735071648,0.02002771132006406,0.0160217079181704
2022-10-04,0.031111704966851176,0.023831595909963088,0.04336671487725266,0.010066096513067163,0.026302712268455496,0.01571278441613657
2022-10-05,0.03128254829516923,0.024814961874202717,0.04460677826761196,0.010417766166807046,0.026225220635115863,0.015787798627813307
2022-10-06,0.029913909296650477,0.02416276352443668,0.042798405248828365,0.010278053361725936,0.026254672416076548,0.01547983255709994
2022-10-07,0.028415264770149978,0.023234727314213516,0.04093611026813283,0.010068272088860688,0.025616341929860967,0.015549172543832125
2022-10-10,0.030568789632003077,0.024828934211280553,0.0403760485577878,0.009968484729752926,0.02535509441660839,0.015699024056168437
2022-10-11,0.02942677954787591,0.024280678145095397,0.04120290555454883,0.010614776452893437,0.025726932041770855,0.015565500923603098
2022-10-12,0.028595479741089672,0.02394902607255321,0.04006618578655226,0.010479759805610089,0.025118162974563776,0.015309446295689871
2022-10-13,0.028144478805911217,0.023629502172004498,0.039046327548766885,0.01032254756280758,0.025307513149964253,0.015134354041677782
2022-10-14,0.02743621255676479,0.02354772094709499,0.03984371961222586,0.010111733788080004,0.024667989616974986,0.01488460443075446
2022-10-17,0.029013027243587657,0.0245291562757967,0.040337527563139464,0.010544007826311685,0.026124837042626657,0.014620167550875883
2022-10-18,0.027490834052478562,0.02332820915716275,0.04443359256338279,0.010489911650798338,0.026685728493823623,0.014326931841808457
2022-10-19,0.027951462519705164,0.022892575838206485,0.044432805261553916,0.010328439256255791,0.02603462928725328,0.014360401127774113
2022-10-20,0.028349019292550976,0.023239313048113358,0.04512530436864469,0.010493473627794615,0.0255327021769303,0.014362883181948014
2022-10-21,0.02689954142124523,0.02212143353998738,0.043506002895585365,0.010282236396889084,0.025198556553469507,0.015108922965197702
2022-10-24,0.025766362829910582,0.02139233673582079,0.047703640988748935,0.010373247566810984,0.024959438570907003,0.015399790907032387
2022-10-25,0.02453269465376295,0.020413745491309455,0.04769172405035626,0.010166412425054339,0.024375811513953956,0.015309089712320147
2022-10-26,0.023452810490264434,0.019495383182234746,0.05100342725573301,0.009970413108697817,0.023837786945359603,0.015099347210378544
2022-10-27,0.024164788863511463,0.019922264691316936,0.04868354535061045,0.009861356826891808,0.023295515598361394,0.018133889624803654
2022-10-28,0.023315877251525778,0.019442728146705755,0.05210403658813718,0.009677901579217227,0.02271408148926697,0.017740445748690353
2022-10-31,0.022609870748666085,0.018991970342715155,0.056826086969201384,0.009870126984951868,0.022479882936073378,0.019744284752870073
2022-11-01,0.022129871815982628,0.018431314400193265,0.0637214982343375,0.009689328106068063,0.02192438774646252,0.01957137510810729
2022-11-02,0.022054898855588232,0.017645811066685706,0.06871990553543865,0.009561263571880094,0.022287704494427282,0.01997727945483032
2022-11-03,0.021746433506203644,0.017583955161115387,0.07114424697814352,0.009376541040192692,0.021752674901631252,0.019533131748836266
2022-11-04,0.021771079844902168,0.01756537022793779,0.06934412432044516,0.009505493624312966,0.021301228948693855,0.019329256123143436
2022-11-07,0.025823594774595185,0.02097767179150122,0.06922983870096305,0.010877798631194667,0.025627434361008915,0.024100390314259684
2022-11-08,0.024691478009481495,0.020123602251745122,0.0703770363411608,0.010656041159769074,0.02500321218137586,0.02404088614921482
2022-11-09,0.02560265898230854,0.02095913202631849,0.07672614871765635,0.011278024736204087,0.025117633185335834,0.023871673622511667
2022-11-10,0.026814916659366007,0.021969357077155697,0.07440357991178727,0.011038692093205207,0.024554626557945106,0.023404312118999415
2022-11-11,0.02552635373192537,0.021195509575875487,0.07328215320217318,0.011798308880174017,0.024254270957433335,0.02305823937361938
2022-11-14,0.02578658169991306,0.021575281310413308,0.07212066757741126,0.011674019102907591,0.02364680813222282,0.02400755442851302
2022-11-15,0.02698291646228185,0.022663374723279717,0.06878731182853932,0.01144667292899231,0.023495995098052783,0.024015466664773437
2022-11-16,0.025852103063711947,0.021705062130727343,0.065757769213511,0.011197461443609518,0.023702354795103662,0.023477607996006785
2022-11-17,0.025051250447376983,0.020971433178927388,0.06320788078467718,0.010957643944066429,0.023108855047511975,0.02311442538564989
2022-11-18,0.02819146648690466,0.02265835253241593,0.060796517042098194,0.010828811278508236,0.02326299981587383,0.023251107067127772
2022-11-21,0.02744274378296856,0.022914835631815938,0.05806833197376357,0.01065894794610176,0.02268344482086957,0.02295739182267484
2022-11-22,0.026064345301292393,0.02182840538835785,0.05948131102820562,0.01058837786991712,0.02216257317043182,0.02270882049659087
2022-11-23,0.025164869815333987,0.021036762552762166,0.056729081534701103,0.010367979931749167,0.021702981855062392,0.022324089124784834
2022-11-25,0.026814316397729035,0.022745350395161183,0.058615448190522515,0.01018028167279757,0.02143747963580295,0.02181506573019226
2022-11-28,0.02637392641902852,0.022666756281686955,0.05718730292675064,0.010016722960484838,0.020923014325359642,0.021324585815129322
2022-11-29,0.025307468232726168,0.02165565185706658,0.05626431428466971,0.009950907057346518,0.021125293855558135,0.02086420937749163
2022-11-30,0.02431921051049224,0.02065168795471438,0.05819590349413751,0.009795439125526724,0.0208401798238333,0.020422598051559243
2022-12-01,0.024874835089103313,0.021583573355711812,0.05702589658338029,0.00960889512115261,0.02064726933604992,0.02073239822481938
2022-12-02,0.023754618418442296,0.021210968775939226,0.055066864649665925,0.011370992782260048,0.022931680208401764,0.02078679170066872
2022-12-05,0.023142215589781676,0.020797813420855234,0.05667092824334324,0.011144187733343603,0.022698413690910225,0.020398863379983857
2022-12-06,0.025306554955128225,0.022608669013488143,0.06488999749023129,0.01141702619946648,0.023635299129754195,0.02020161937082681
2022-12-07,0.02659285040715109,0.025127852280111447,0.06215526172700342,0.011169769224895189,0.02305697739979012,0.019783640584016902
2022-12-08,0.027086505017601167,0.025461641368259413,0.060801637894562804,0.011079997584388279,0.023224389136858162,0.019484870385763627
2022-12-09,0.025816958922082883,0.024573299417485157,0.05925610837064152,0.010847128446909365,0.02290228064967318,0.019096757370397243
2022-12-12,0.024596172034887863,0.023371144961318934,0.05819041451599869,0.010666465418112545,0.022781559314942693,0.018676826482433736
2022-12-13,0.025139235961281273,0.023497966689640517,0.05775013084657148,0.0106534201748472,0.0224197614128655,0.01875395338582803
2022-12-14,0.025616740563404523,0.024707822357730516,0.05719734415209265,0.011094523668462666,0.022544107187305082,0.01847209667694336
2022-12-15,0.025497223789578426,0.024704676763094745,0.05915706842232967,0.010886412705507623,0.02202569001015285,0.01816426483192218
2022-12-16,0.024717389537710105,0.024193906667246728,0.06138355434578693,0.011237673080137208,0.022842607690072986,0.018802484875641828
2022-12-19,0.024752584245084763,0.024557475772165775,0.06082271943026022,0.01108632794065444,0.022275553819488515,0.018388913954406432
2022-12-20,0.0237942788283129,0.023533017386835303,0.06846062383723468,0.010854193322236774,0.021757264751149363,0.01802275816569411
2022-12-21,0.022907479739093888,0.02240463738158533,0.07117215265035848,0.011088244195904791,0.023487037254802418,0.017646477977611846
2022-12-22,0.023527910840422637,0.02294277277501374,0.06783524044883707,0.010851100127665573,0.022906800437810185,0.017269715180322952
2022-12-23,0.022636335183565715,0.02235894832214407,0.06754500781626248,0.011149715172320551,0.02294852210810594,0.017170645617602457
2022-12-27,0.023046192158502555,0.023995267163887574,0.06455829726566686,0.010952478321112761,0.022539976887804736,0.017033400263434445
2022-12-28,0.021931022675316783,0.022872461238685998,0.06265300365865813,0.010923319298492431,0.02212940419018793,0.016747339371968702
2022-12-29,0.0210375105882814,0.022158483396669135,0.0690736557555186,0.010725811489819548,0.021871132772039115,0.016391073955534786
2022-12-30,0.020212709168368103,0.021462901657550687,0.06657306355434106,0.010575510595444816,0.021678644167631794,0.01605721780421758
2023-01-03,0.020620024369059974,0.02450096996376396,0.06372044960534794,0.010355579449035186,0.021242216942077632,0.01574517216732257
2023-01-04,0.023911444279467727,0.02733185459802419,0.07001029666426596,0.010377868643479272,0.020801685893661964,0.015575301909459723
2023-01-05,0.028663233489262568,0.030896764714303165,0.06807867452595623,0.010260675963333729,0.020448865919494158,0.01532681323919423
2023-01-06,0.02736900186439209,0.02948502362992683,0.07355466917280219,0.010266424431365693,0.02058870531908279,0.015610407994991566
2023-01-09,0.025950399210058137,0.02798047539689793,0.07010479497508372,0.010560894496384582,0.020782528413503504,0.01603337155269385
2023-01-10,0.02487538083933648,0.026888247611761784,0.06864199553061269,0.010378192827483614,0.020303433176837124,0.01671328310343304
2023-01-11,0.023704673975446428,0.025592511122336122,0.06894334746884112,0.010166691201335138,0.019907749303200745,0.016541021878651595
2023-01-12,0.024395898498887836,0.026215788625006883,0.06576593844778944,0.009964184319343167,0.019505060457648958,0.016775283770594635
2023-01-13,0.023493720667373746,0.02540579267695799,0.06272591949948615,0.010016058904641068,0.019696021216395996,0.016489041582232793
2023-01-17,0.023062240550918454,0.024568224835584913,0.06425176658445113,0.010108817753932136,0.01952063321579738,0.016172151011089035
2023-01-18,0.021971286579205936,0.02347153058555003,0.06289718031204639,0.00998732138534867,0.019239471798558037,0.015835155993924953
2023-01-19,0.021138283959258097,0.022616398828825216,0.06464247145367209,0.009794664615188239,0.01918206614670343,0.015516928057992487
2023-01-20,0.020411934180669795,0.02194631252832835,0.061724292133674835,0.009777744583458266,0.018841768016812373,0.015195931369399188
2023-01-23,0.01982989699052867,0.021546417330200143,0.05962594804869706,0.009593448036888698,0.01840814414786551,0.014919820179650071
2023-01-24,0.01897799840075108,0.02062486778664598,0.062015634577110366,0.009407563737488057,0.018328055842100992,0.014617245032916204
2023-01-25,0.019128852203893088,0.021054636310305658,0.06155250666193678,0.009251945705872462,0.01799246476570507,0.014329077527220012
2023-01-26,0.01830257586824222,0.020078835570569352,0.061479393267026845,0.009106140918649084,0.017660810142707657,0.014045510837798947
2023-01-27,0.017830967461815662,0.019751248138234215,0.05992844015417931,0.009041124007905754,0.017270940365677227,0.013826283103403463
2023-01-30,0.01794080807649618,0.019100411432222526,0.0594374634750351,0.008875955791895753,0.017296471190498736,0.013723882370996221
2023-01-31,0.01869942394014095,0.019383263504700935,0.07246548200338598,0.008742593898225378,0.016933686562849066,0.01349614804223952
2023-02-01,0.018293625000716848,0.01858904015680983,0.06906722626385055,0.008611469282552726,0.016574092881872417,0.013287620205604677
2023-02-02,0.020282466578145163,0.018851110212863387,0.07055033721288743,0.008465056370931184,0.016341583750178638,0.014309970853309761
2023-02-03,0.019513133215916748,0.018215186726719353,0.06726222904105429,0.008422513318389644,0.01597383177648433,0.01405267733638344
2023-02-06,0.021522323109291423,0.019483074257604188,0.06438092940245757,0.010178599303363838,0.019505077724121845,0.013869361960181275
2023-02-07,0.02072253070720627,0.019033349132563285,0.06164804179630832,0.009976655817601581,0.01910404456660073,0.013635988097578362
2023-02-08,0.023400089775531267,0.02083650662388692,0.060688402586309295,0.009792232067326127,0.0186594595540983,0.0135598157507953
2023-02-09,0.022865852415282238,0.020516133755442097,0.06222011915776617,0.009615710874754893,0.0183876959994269,0.013501278484642065
2023-02-10,0.02183842983119337,0.019707343691157366,0.05947454546651237,0.00951925137363398,0.018160423886057948,0.01360336574846655
2023-02-13,0.02179695436961376,0.020018519873346484,0.0576203265922843,0.009346652104829408,0.017746795639080264,0.013935583570036748
2023-02-14,0.020823965619576678,0.019124032277438443,0.05658262965016277,0.009258993375177198,0.017474737790028172,0.013988522415797369
2023-02-15,0.020364642268492012,0.018676426732402728,0.05739993458475114,0.00908659854964314,0.0170721373005763,0.013757820592416288
2023-02-16,0.019552824924489995,0.017879713733851905,0.05596296516415559,0.009208667670682342,0.016958757600755107,0.0138178566053412
2023-02-17,0.018702639960524018,0.017146896013411964,0.05436552529414565,0.009072825266144167,0.01663060599803569,0.014701238272274082
2023-02-21,0.02002543484756646,0.018307406779058136,0.05394784469275222,0.008909123705692752,0.016253472290021154,0.014641996054733288
2023-02-22,0.019152583839653157,0.01751710457022208,0.05864343647983951,0.008794404872966307,0.015987069596692625,0.015538993416563045
2023-02-23,0.020635619588394508,0.01926615787199194,0.057713288303430546,0.00863936975183976,0.015777119688296065,0.015302909420999829
2023-02-24,0.020568940915655684,0.019390066790466176,0.05813619175629889,0.008648401309211245,0.01588206331345196,0.016360826296723367
2023-02-27,0.019980525521664672,0.018852085751675407,0.058063098575077,0.008570250818473308,0.016388238787537788,0.01716090297386311
2023-02-28,0.019298536213215,0.018237179128574393,0.06419754142637023,0.008466291871136868,0.016086692876843917,0.017021557568750678
2023-03-01,0.019262839045281466,0.01824338095513542,0.06123085579207301,0.008419984155777955,0.0160295993821823,0.01725589486982708
2023-03-02,0.01858779388379854,0.017518513544560476,0.058789100450484716,0.008328640643853831,0.01567157592047526,0.01724613535932902
2023-03-03,0.017887805771634832,0.01685261846113307,0.056300304605201766,0.008207113875101929,0.015465439955114972,0.017410322058217846
2023-03-06,0.01815216717143879,0.016619341256095103,0.05939511229499343,0.008215850527702415,0.01551806952418019,0.01703851231925365
2023-03-07,0.017643637487704797,0.015991070437272315,0.07382754232472907,0.00808083556272812,0.015221726006236738,0.016710101066412315
2023-03-08,0.020585558172303106,0.018761677937014637,0.07156170038598426,0.008862003928629642,0.018005316573932215,0.017391164436751632
2023-03-09,0.020040932568378023,0.018109479101844655,0.06999713767533702,0.008704991926296977,0.017593491245236726,0.017247158195009132
2023-03-10,0.019573813418582428,0.01782802915046048,0.06672650660196824,0.008742738084607526,0.017186859654038163,0.016888008540687456
2023-03-13,0.019098355238810632,0.01763631350144977,0.06508734028902903,0.009311909302326461,0.01722691155466785,0.01653501643913764
2023-03-14,0.019959082099797708,0.018600614425565567,0.06549541386341386,0.010605600442515904,0.022534788958156127,0.01622799790282232
2023-03-15,0.024387618230459474,0.022167329349763728,0.06256529084955936,0.01040581638366,0.02201869099054542,0.016182554195227357
2023-03-16,0.028812983839383667,0.026292272627530634,0.061819150086362996,0.010412988340088834,0.021534640992207244,0.017837310508451092
2023-03-17,0.027490401259929756,0.025323524173512014,0.05963514231262396,0.010237005852458408,0.021094152300759093,0.01751598318623308
2023-03-20,0.027179882942998154,0.025191467617282696,0.06096443186202911,0.01136257854414968,0.02198187978382011,0.01719921463919023
2023-03-21,0.026092051329161675,0.024187796033267386,0.06011345425626352,0.011153854824157957,0.021514364413890354,0.017137333978352702
2023-03-22,0.025911691428733334,0.0238603965547458,0.05962082248972683,0.011776983963234346,0.021090300365593437,0.016913184392732938
2023-03-23,0.02554615216488584,0.023367694746096,0.061601819636113726,0.011549579546549855,0.02086411882034594,0.01674460477547157
2023-03-24,0.024647141558783798,0.022483500418326807,0.05879467280738321,0.01230239805892884,0.020857505119877856,0.01684298646114765
2023-03-27,0.023655057569017073,0.021768016134062044,0.05670912352032774,0.012093765504743462,0.020372374406212597,0.016641818827304537
2023-03-28,0.027401412165980146,0.024318457212248713,0.05701700895253685,0.012247220005156474,0.019966875940174166,0.016288445627146195
2023-03-29,0.02602371411890005,0.02321824716421046,0.05506200925560977,0.012144580331778485,0.019655583195774647,0.01594831077197724
2023-03-30,0.02472411199713419,0.02215674580854037,0.05286798390486796,0.011894853569292603,0.01918976110947594,0.015614672155084313
2023-03-31,0.02420366154578497,0.021453127090064878,0.05308647333068643,0.011717369747204694,0.01937403882786826,0.015344175888190559
2023-04-03,0.023609617976288057,0.02053571911098692,0.05298045723540769,0.011527478552471613,0.01897850370364489,0.01504243550065891
2023-04-04,0.02947421507246811,0.027646824562644577,0.05324985861526487,0.011373868830317236,0.018570945819108765,0.014918878959697688
2023-04-05,0.027928099320886274,0.026249845234118697,0.05082698844359015,0.011787702765158715,0.02062597166177342,0.01514640484455328
2023-04-06,0.02647598148291343,0.024940056530490202,0.04899145499226478,0.011528917740539959,0.020131865063654834,0.014852687594164143
2023-04-10,0.02511818850176869,0.02371568804255801,0.051238432561800676,0.011320500557316615,0.01965281265860473,0.014618634923148433
2023-04-11,0.024180283752010263,0.02284716546239593,0.05407992717994795,0.0113385064492694,0.019249060917591786,0.014475581424291234
2023-04-12,0.02398268380575104,0.02235952976707989,0.05163352164278409,0.011201889919572203,0.018958859248281435,0.01431551001260273
2023-04-13,0.02370004886780077,0.022160296087344572,0.05101362630390138,0.01097505905558839,0.01866249846333443,0.014354612973320455
2023-04-14,0.022957782515137665,0.021600627010587372,0.050328094487475605,0.011163001359045776,0.018670558072809512,0.014203113198233612
2023-04-17,0.021880684413099604,0.020600274957379892,0.0504906151603595,0.011657888301988273,0.01864745003837274,0.01394739942407451
2023-04-18,0.021904020997028564,0.02048251367431478,0.052977614320866034,0.011436875477681477,0.01850218199022459,0.013840803106540196
2023-04-19,0.02086974972277849,0.019544360434180084,0.051892707856337345,0.011262907153794285,0.018146912173174913,0.013617629346475703
2023-04-20,0.02107158923212041,0.01968625918787151,0.053046583397428106,0.011099772654316642,0.017751237202209072,0.013384468348601219
2023-04-21,0.021535944818548657,0.020352463850706465,0.05074350646678926,0.010929714461809742,0.017338406743215094,0.013383647616007903
2023-04-24,0.020645604063715912,0.019531164088209194,0.048486812721719535,0.011106932368402348,0.017168752252613252,0.013312659020912394
2023-04-25,0.019999727318254786,0.019075151168458718,0.04658981143702424,0.010908949182936943,0.016921105313062113,0.013137328306400358
2023-04-26,0.02036080420795733,0.019751369233679063,0.04470846171239918,0.010686719155084899,0.01697187052244889,0.014113819369691069
2023-04-27,0.02271776647423398,0.022495212624123018,0.049989753328856024,0.010504345463342848,0.016583784763547972,0.013834257017994494
2023-04-28,0.021697660466272542,0.02158500998211017,0.05744226301252145,0.010293362698893287,0.016237864311862988,0.013582143810890046
2023-05-01,0.022269431266022755,0.0210679118453347,0.055219465129084655,0.010083114832930834,0.01587359120693047,0.013319769436238652
2023-05-02,0.02174949135899499,0.02011585953832973,0.05399200715218793,0.009909737622829932,0.015520740104114165,0.01329482507702802
2023-05-03,0.02703591896945759,0.025150061769911625,0.05336509936997668,0.010205412514129935,0.015572536329938857,0.013565524574813794
2023-05-04,0.029203053411160296,0.027104428580837392,0.05129174170868147,0.010095133771511078,0.015241703709491945,0.013334179726342894
2023-05-05,0.027660721315135656,0.025748946924181455,0.049931764426530786,0.010072914312524148,0.01567007426952065,0.01311214264071399
2023-05-08,0.02900829811382255,0.02714642268801544,0.04792748554958524,0.010371560817476411,0.015531244565336232,0.012910050923977593
2023-05-09,0.02856283971305386,0.026694172342208836,0.047799412338002334,0.010193433763466325,0.015218695549864143,0.012899455749658523
2023-05-10,0.027150779281488444,0.025409603798821127,0.04579752003071058,0.010030739823617572,0.01489618938080131,0.012754753597081286
2023-05-11,0.026255286415024538,0.024529871515097303,0.044954672811011946,0.009850873423037691,0.014723070054088648,0.012951794281900525
2023-05-12,0.026053916570954863,0.02408947139185239,0.042944594966045226,0.00980199438249713,0.01802741986413559,0.014637287644608789
2023-05-15,0.025030197015945544,0.02318121958907049,0.04228008573689324,0.009609150139172773,0.017775156214116048,0.014377831622031736
2023-05-16,0.024218470994567722,0.022488834228318516,0.042779889475646884,0.009427198984960108,0.017405447322086917,0.014134748377097
2023-05-17,0.023053653537636415,0.021466383288374122,0.04088246539164011,0.009762033645735507,0.017390749478835673,0.01463537433159631
2023-05-18,0.0235278018860964,0.022099206983232554,0.03911326342016503,0.00960981720189523,0.016989718394425028,0.015167159986535205
2023-05-19,0.022807399144223185,0.02155116955724495,0.04642538812173889,0.009779183046209389,0.01677951953860311,0.01526069714302132
2023-05-22,0.021761977741614792,0.020580478861956776,0.04434789162190951,0.009851336431519217,0.016873760837044817,0.01511710627418434
2023-05-23,0.020813364610680028,0.01970024936194867,0.047952201609716534,0.009668118842612329,0.016601810730508385,0.015064548696754403
2023-05-24,0.020228752558181372,0.019115756486239362,0.04690396043886245,0.009484993251986908,0.01638665236651155,0.014876873750037973
2023-05-25,0.020221692380448634,0.019238346244492995,0.0458360360503497,0.009365302019556047,0.016384918028162245,0.0154527491514567
2023-05-26,0.022244917390499597,0.020293583993563184,0.04532840945937368,0.009437423930119551,0.016334396359178563,0.015210586224970622
2023-05-30,0.021474268226957683,0.019557808266597473,0.0465195905801734,0.009257175933493804,0.016557106655900503,0.015812256994971057
2023-05-31,0.025067622779678587,0.023510794342942374,0.04848198164885188,0.009191624124789853,0.016220946268540273,0.015509592034980962
2023-06-01,0.024671908382217222,0.022705656047857233,0.04699200896356882,0.009037176988756833,0.01620131717671064,0.015270639923527927
2023-06-02,0.025120501468438375,0.022664786757770127,0.04725423721244407,0.008983127013678817,0.01627806111395903,0.015546830325456626
2023-06-05,0.024904000994828573,0.022880556167896166,0.045162283625718364,0.009242794348641671,0.016062430423313248,0.015248333362229225
2023-06-06,0.02371127547367567,0.021903409963498325,0.04425148731477246,0.00908462555494652,0.015738122752151643,0.015093355448265145
2023-06-07,0.022632878462876503,0.02095014103586319,0.04233300568322523,0.008946311701501784,0.015393763103818979,0.014785410897011242
2023-06-08,0.021796063333452218,0.020148677342079712,0.04138123919922609,0.009128391334736953,0.015112074351946883,0.014503580532310843
2023-06-09,0.02151857367118202,0.019675024528545818,0.039660266008691256,0.009212958267265332,0.01666746862529765,0.014392404869601794
2023-06-12,0.021156899239669145,0.019432820947304138,0.0400651383994835,0.00904328896647674,0.016300961065691434,0.014110805449802857
2023-06-13,0.024692634406557588,0.022484605140266713,0.03833967145925921,0.008912984802582511,0.016259611882121144,0.013999310292513526
2023-06-14,0.025697684159041972,0.023801850966284403,0.03790559008462725,0.00883419843887228,0.016039565265276237,0.014363857233744065
2023-06-15,0.024996147194314696,0.02313381896145954,0.036265832504693264,0.008741255958412065,0.01590698362572044,0.014215559219947532
2023-06-16,0.0259747835728109,0.02430327155713165,0.04192192430253095,0.008588525752492984,0.015619340563675907,0.014022887166190306
2023-06-20,0.025150024958798752,0.023420548677470655,0.04167126681880085,0.008439252663582685,0.015369304756719795,0.013761947038089844
2023-06-21,0.024593304477727007,0.022492476020273888,0.04313574594335598,0.008665280485244502,0.01719461608741092,0.013496662095802536
2023-06-22,0.024972747988310763,0.021972711598544806,0.04302300784318879,0.008518560684074727,0.017287878997585267,0.013342693984780612
2023-06-23,0.02735596847210214,0.02434446514040277,0.041129578994367394,0.00867858937698929,0.017218649074241685,0.013144072301483156
2023-06-26,0.025997176530021142,0.023192730615600024,0.041589257345343335,0.00854870147931579,0.01685799551798501,0.013658154443681897
2023-06-27,0.024684475357494476,0.022114950428783704,0.0403087598573152,0.008411781096791792,0.017129926716538672,0.01343714703696853
2023-06-28,0.02474015550392107,0.022644941491149956,0.038668501201743956,0.00834402508513598,0.01678633909515574,0.013180521006312682
2023-06-29,0.02496076450748248,0.02282169397142802,0.041161314387649896,0.008207863930732376,0.01641924423193215,0.01337495624666981
2023-06-30,0.023737682752485608,0.021763444239324747,0.04086454492154261,0.008083146840915018,0.016279733221014746,0.013345693805117758
2023-07-03,0.02281734028031005,0.020862061935482,0.0404598536703121,0.008045877732674454,0.01605618457443374,0.013554168026611706
2023-07-05,0.0220823416435779,0.0199314304141995,0.03991426880037808,0.007917294143865848,0.015718819307915716,0.013449411353217951
2023-07-06,0.02279015211633175,0.020709843956720028,0.03862625987549834,0.007799301367977426,0.015641257163700385,0.013268309217826808
2023-07-07,0.021691863970505498,0.019766478430755758,0.03736809436686162,0.00778104836919444,0.016086834610373267,0.013152286350667142
2023-07-10,0.022460533547338207,0.020413484888018387,0.035902506413782447,0.007876352789703807,0.016212680718570086,0.013154621916533464
2023-07-11,0.021742084349795836,0.019744632780524032,0.03576093915755833,0.007756906390208394,0.015858353418020964,0.012904386692576748
2023-07-12,0.022106816778247895,0.020014400312175436,0.03490735631348449,0.007663831257009625,0.015519146060464869,0.012702634013500984
2023-07-13,0.021379598338573946,0.01929530800642295,0.03526027571877934,0.007980299713914752,0.018036151594894963,0.013361281591253115
2023-07-14,0.020886735531292878,0.019037496409361938,0.03527532354146718,0.007858210122932396,0.01857758397596616,0.013903353939467242
2023-07-17,0.020893312890154656,0.01912291454894384,0.033786298678452745,0.007737009503619898,0.018270405191807778,0.013636038515057246
2023-07-18,0.020690298686448734,0.019088733839119586,0.032538245337072426,0.0076715991675386,0.017907384889705537,0.014231518479135926
2023-07-19,0.020814614382619282,0.018760871202665147,0.03402749744869228,0.007974836791389786,0.017618583843668444,0.013977246570741276
2023-07-20,0.019946229392931843,0.017955452884702634,0.032742928885797905,0.00784910545676427,0.017250374231468843,0.01373315270317603
2023-07-21,0.01908373534502206,0.017200176124879115,0.035789140947372546,0.007797088406772681,0.017256108036688235,0.013496778901640244
2023-07-24,0.01915902998820829,0.017370105074771335,0.03461746001812916,0.007693852488002747,0.016887324028126295,0.013260828946377026
2023-07-25,0.019486633323429783,0.017789878095056454,0.033310740966535905,0.007594975709797119,0.016674512396866126,0.01315890119004881
2023-07-26,0.01893785940078818,0.01734922845406614,0.032293505235950766,0.0074851878902521185,0.01644348037622038,0.01331399626172496
2023-07-27,0.018473701381921878,0.016860258768456572,0.0318195422051137,0.007407241060832503,0.016123794392396463,0.01307377516369926
2023-07-28,0.018403863978713245,0.01688054711091884,0.036650541880768356,0.007737993069474824,0.016652253199601726,0.012910895386482178
2023-07-31,0.017721175249925815,0.016409641538086925,0.03899806129541552,0.00777199765600162,0.01631936387397499,0.012977145202225157
2023-08-01,0.01761196641366224,0.01587877462027905,0.03730397810279333,0.007718642348418462,0.01653937028619721,0.013356058035872156
2023-08-02,0.017004027595433988,0.015461901103102159,0.03673613534446244,0.008258205917569685,0.017203831748135095,0.014158533576789145
2023-08-03,0.018012388227173735,0.01621773290546877,0.03655947490446983,0.008132332832547481,0.01733410539997442,0.014336679452390332
2023-08-04,0.019004501083954472,0.01712152323222021,0.036507201579321864,0.008026471975756901,0.017009683621282384,0.014284525791786821
2023-08-07,0.018789915039210982,0.016874900248475364,0.034966355422331716,0.007933653653924871,0.01662255561301297,0.014103411606269024
2023-08-08,0.018336760999324467,0.016534182567350845,0.037423294272997516,0.00784262894274913,0.01686955107458805,0.013937531668768599
2023-08-09,0.017935050520613182,0.016136838073922303,0.03624278665771341,0.007796822721577663,0.016998634577117196,0.014134405550815741
2023-08-10,0.018037682919714516,0.016247513604969573,0.039559711362959445,0.0077437329138406764,0.016623245824313116,0.01389204206150469
2023-08-11,0.018357434629590018,0.016167158794909983,0.04314085789319774,0.007629057065444435,0.016272540082126957,0.013651492229811801
2023-08-14,0.01763446278644455,0.015589832704266386,0.04122987025893631,0.007520454097514697,0.01592306572268757,0.01354505905299779
2023-08-15,0.017149898620727005,0.015164012573993461,0.039499697847849936,0.007419482294853964,0.015571551784138667,0.0132914731247927
2023-08-16,0.017556546691971656,0.015407473996977056,0.04068786175838076,0.00737700146750356,0.015236513451040152,0.013522167027839508
2023-08-17,0.018072349902708066,0.015794460876350457,0.039671327756191026,0.0073153037106542425,0.014948842700999143,0.013273261059708283
2023-08-18,0.017746429036257456,0.015371935756404402,0.038076311061973,0.007347260333002504,0.01474391244578447,0.013154062313216782
2023-08-21,0.017325506969737562,0.014988370611374403,0.03734973580326045,0.007248124221308989,0.014429734660663794,0.012922245332579373
2023-08-22,0.01679116065159121,0.01450043649363196,0.03693225671168811,0.007187704043825215,0.015302374252161393,0.012696137625613254
2023-08-23,0.01623135689853179,0.014088484404824846,0.03634052152478207,0.007098735569458439,0.01500766705592664,0.012635247512033026
2023-08-24,0.016738503259855615,0.01396941518924275,0.0356053080202929,0.007385740181418679,0.017110613835337445,0.012729565545418275
2023-08-25,0.016108360955102936,0.013504284028529996,0.03418326016619243,0.007284146550385447,0.016777457419406488,0.0126533899872819
2023-08-28,0.015798755746058924,0.013688657907957022,0.032831607992649746,0.007234530608256315,0.016395544206090115,0.012425236398711952
2023-08-29,0.015266295727953894,0.013241496939627659,0.0317845505593063,0.007169565512207813,0.01602639987385826,0.012201484542610774
2023-08-30,0.015282737346693833,0.013388816408997369,0.03060507576627958,0.007334703073457611,0.016413127856549352,0.012163528934838545
2023-08-31,0.014860459793874592,0.013021981759429873,0.03983559217452033,0.007274728444114371,0.016047790653239438,0.011951896089155891
2023-09-01,0.016215254327682366,0.013106775459002028,0.03822138319865233,0.007212938742296862,0.01587019276083461,0.011759941218761434
2023-09-05,0.01712314535229521,0.014017534287736175,0.036566936470563194,0.007118508514178837,0.015674352708240014,0.011750638310381378
2023-09-06,0.016938335687388298,0.014476376877226244,0.040670255351681804,0.00719092126007819,0.016574095460392287,0.011542983181978448
2023-09-07,0.016544179297802993,0.01408474188126435,0.0398264945714812,0.0071587896950086076,0.016545918644168975,0.011865017068207933
2023-09-08,0.016134349220704215,0.013822313689660614,0.03892883446332438,0.007067133488216908,0.016361736940221142,0.011724907992432301
2023-09-11,0.01569553174823107,0.01357995093884659,0.037348572053415664,0.00697812474778963,0.01600350092237979,0.01180748019149386
2023-09-12,0.015176252811348235,0.01313819776479983,0.03573908955068738,0.006908140973072147,0.015777369722095577,0.0126145731411337
2023-09-13,0.015632506681412292,0.01359305163762359,0.037396854370503434,0.006960861320406863,0.015428969776258768,0.01242271788125904
2023-09-14,0.015144712682950073,0.013168770171276895,0.0364806794508223,0.006883139745572611,0.01523562192617308,0.012194624380678481
2023-09-15,0.015689890831672063,0.014114991311073641,0.035048029518032466,0.006801955043636677,0.014990934537905754,0.012056530019574425
2023-09-18,0.015266953925591607,0.013646873664585765,0.034346553477073466,0.006870760289167347,0.015116150494648675,0.011888692349707394
2023-09-19,0.014930839748225368,0.013291226075093839,0.03419182188718685,0.006833505745905865,0.014821862732720134,0.011744115976965968
2023-09-20,0.014491418787938961,0.012877994672175631,0.035186319973192826,0.006754409432957848,0.014508276891347024,0.011643497762975819
2023-09-21,0.01444649164554911,0.012801125806279748,0.035939735548863094,0.006820633336378315,0.01466284512586225,0.011575173287724838
2023-09-22,0.01421873276389381,0.012451966403059884,0.037131071301400455,0.007338304639104866,0.014407961801768433,0.012244372453283586
2023-09-25,0.013852826370327436,0.012103080163967434,0.0356586643945935,0.007262737832887009,0.014174945949487334,0.012020907544660453
2023-09-26,0.013537562167675633,0.011782048422328968,0.03413941881409177,0.007237320769778513,0.01453444788538402,0.011842456688580036
2023-09-27,0.013381851918013539,0.011686100865087725,0.03275370220934726,0.007370932384734954,0.014352063728821885,0.011720631236295402
2023-09-28,0.01715018374570292,0.014164660592205098,0.033572278437636986,0.00795477573461707,0.014801594921109544,0.011513497448864252
2023-09-29,0.017864510634563204,0.01422468720522676,0.0373569151118537,0.00793878792961469,0.014488164038911506,0.011933586120233068
2023-10-02,0.017463317569540882,0.013735600346176116,0.03578848059234716,0.007946317504996962,0.014453721887651927,0.011845975213145623
2023-10-03,0.018213878723773416,0.020464132470858237,0.03552552847013908,0.00810029343936523,0.01759709263797043,0.012811698081809318
2023-10-04,0.017505882603334067,0.019537098366291736,0.035821909472279756,0.007998588953315228,0.017194652316511058,0.01260922083456732
2023-10-05,0.024962536089955203,0.026060138185392292,0.03431544903831181,0.007908626679665277,0.016965096197002927,0.01251372059927574
2023-10-06,0.024846426219791037,0.025602368577246667,0.038450697260644644,0.007790609991199956,0.016618181191744952,0.012477572304030807
2023-10-09,0.023660430088924066,0.024399091422992254,0.04004230169016089,0.007812728216605338,0.01779185894277945,0.013033406361280347
2023-10-10,0.026117245600594606,0.026517133669888768,0.038431366893162934,0.007975731049549406,0.017498823400123008,0.012823474294491042
2023-10-11,0.02484024772254565,0.025260331249451023,0.036765813879659964,0.007943368200610363,0.017097360453862537,0.012598116141684925
2023-10-12,0.02541174287858859,0.02492913958524308,0.03519094677594033,0.007916557631616751,0.01680503589486348,0.012410061664322524
2023-10-13,0.02424398527495285,0.023708964308707905,0.033835120826536655,0.007806335906388092,0.016509645646558418,0.012239780756825826
2023-10-16,0.028974367280968652,0.02836723351966337,0.03391752089890229,0.009919651205117152,0.018649726054031954,0.01204642436938062
2023-10-17,0.027722305344534393,0.027281853473273207,0.0346913864538798,0.009750875915054257,0.01824622472703595,0.011834387022542983
2023-10-18,0.026278799395000375,0.025918991229557917,0.03336122538940964,0.009559984776102298,0.017987618367634496,0.011645120196740381
2023-10-19,0.02560731288686208,0.025218846728256507,0.03205354678668492,0.009977234529032748,0.0175843592772366,0.011445106770330551
2023-10-20,0.024569750722671885,0.02414795845901235,0.03232179612125358,0.009865768145042494,0.01718624756917733,0.011258102263680117
2023-10-23,0.02346465108333792,0.022986424892390965,0.03157235556894103,0.009772462011280774,0.01737318842832522,0.011447611188119499
2023-10-24,0.02534571014929867,0.023337354054910855,0.030395896981229412,0.009607040644409051,0.01718505383998824,0.011387879464262743
2023-10-25,0.024985290540545005,0.023084817125206557,0.029510105362838088,0.009422895013233451,0.01681453766716171,0.011387237836884874
2023-10-26,0.024478312513849142,0.023104497348774462,0.028587127392274283,0.00928521408929386,0.01646278917363484,0.011413728122203775
2023-10-27,0.024714283316111904,0.023345604822703238,0.033761835398718396,0.009113916369788293,0.01611565858352786,0.011218881889000115
2023-10-30,0.02499331615583851,0.023914707261437976,0.03270267744815225,0.008945590931297051,0.015755870705972633,0.011646754990585383
2023-10-31,0.02675923373677214,0.025164810801936367,0.03579085073459124,0.008812658116875139,0.016179852366593864,0.011472878962394002
2023-11-01,0.02590237271715329,0.023924398596015785,0.03932157158926985,0.008739580949401294,0.016385743265344695,0.011284468957386747
2023-11-02,0.024704873494131627,0.02494535538669093,0.03825214133081712,0.00861625663486515,0.016090471078627017,0.011092224242352702
2023-11-03,0.024693790895866794,0.025030387353497892,0.036648285523386975,0.008490245502956802,0.01574311808660203,0.01097219282246385
2023-11-06,0.02470471543212448,0.024873447041824464,0.03526032938900702,0.008362504110108167,0.01599738289771756,0.01079581208957683
2023-11-07,0.023492992831129603,0.023670068452865328,0.04052039164277965,0.008295066903540727,0.01564887561757573,0.010792888898019435
2023-11-08,0.026354950314377547,0.026253726685111833,0.04048741049061791,0.008316356038177538,0.01654046981972768,0.010855952895402352
2023-11-09,0.02645112743522116,0.02623613354826379,0.03885747120297701,0.008349278999249081,0.016222810669859807,0.010951704799074646
2023-11-10,0.025142021402399118,0.024987998348405576,0.037725246046731456,0.008307424450365322,0.015959009848412926,0.010775178258016029
2023-11-13,0.02455853674174779,0.024364279518879026,0.036105829272432784,0.008858460330701968,0.01675847374186528,0.011018719378646045
2023-11-14,0.023720913867686697,0.023526430508921822,0.03798351270373059,0.00879711150996879,0.016397818099255758,0.011731478509490847
2023-11-15,0.022556208402576418,0.022391032882586676,0.03738825663605952,0.008797949481154433,0.017759834109756747,0.011575437985963952
2023-11-16,0.02249765144810444,0.021912089557441505,0.036644986113907596,0.008644434807434627,0.017773655712779723,0.011535059166241339
2023-11-17,0.02678753306527057,0.025668275960655018,0.037209861279935794,0.008834062742021148,0.017774332339804584,0.011359849889817966
2023-11-20,0.02833785517893237,0.027424408552534092,0.03706683352560606,0.008681144601278336,0.01737883134735197,0.01130908527983053
2023-11-21,0.02771938216834261,0.026832036600086172,0.03639365182082807,0.00854170405500597,0.01711715282653697,0.011845824392704717
2023-11-22,0.026280699351508566,0.025488750432560037,0.035050490363424044,0.00867286904261483,0.016905208779721737,0.011634680803529196
2023-11-24,0.02510484416951392,0.0243060347341688,0.03397159143661637,0.00856661975702803,0.01659842376821527,0.011739952841968264
2023-11-27,0.024748963736085924,0.02374328463012244,0.03285294379787235,0.008483586978538323,0.017326787686407497,0.01164390497137906
2023-11-28,0.023705607209734563,0.02272306654197355,0.03217118891640683,0.008389082166043744,0.01720981529309811,0.011598285704338825
2023-11-29,0.023409101051160567,0.02258692816641206,0.03234219485196596,0.008704387377522643,0.016971084182565994,0.011582874337978374
2023-11-30,0.023003508211123153,0.02215169489707974,0.03276911723196298,0.008577898587096913,0.016629947337862945,0.011412768644334539
2023-12-01,0.023301775864098408,0.021132896680104013,0.03140871760689608,0.00848589583824589,0.016368057372930317,0.011450789125052927
2023-12-04,0.02361516744575776,0.025350164958459875,0.03014537094820973,0.008950413523735413,0.016099202094739126,0.01203333424870528
2023-12-05,0.02292406895872694,0.02434779794939068,0.0318072020600525,0.010018804437798593,0.017852937227529894,0.012758302352037766
2023-12-06,0.022064803542384697,0.02341255894477609,0.030544745401243845,0.009838933981182855,0.017737906813155294,0.012801218556583305
2023-12-07,0.02487551249710304,0.02534314369561983,0.03347953322861497,0.009713765246506065,0.017568040428403157,0.012950810101231513
2023-12-08,0.023631155516095147,0.02411780022945284,0.03212728918864317,0.009524500464778964,0.01722520014410238,0.013242702685518627
2023-12-11,0.02396965407410263,0.024097854577192327,0.030805934769641517,0.00991262189117987,0.018337181507970014,0.013126798605359036
2023-12-12,0.022787764095090503,0.02293421786428944,0.03466910331448022,0.00995766253585318,0.018011497909575156,0.013068201476835978
2023-12-13,0.024998459426080172,0.02481529619529627,0.036576020240133685,0.009759358724882636,0.017596453316601975,0.012822182911470859
2023-12-14,0.02404046130562456,0.023971435298495013,0.035136305496565524,0.009576052129727368,0.01721155515470122,0.012580505076085997
2023-12-15,0.02467143113013389,0.024761431761893285,0.0343987026082469,0.010581072100957626,0.021810911000963187,0.013525009832333535
2023-12-18,0.023453639428155086,0.023547858062897182,0.03510242514986494,0.010408870203705964,0.02137883411823542,0.013263908098865356
2023-12-19,0.0227378195092315,0.02309098500272289,0.033639998174195315,0.01020507602911326,0.02085813767328183,0.01316693360613042
2023-12-20,0.022016183978939355,0.022542221052960203,0.03226177062401696,0.010065341891834256,0.02044108723766358,0.013162141407206826
2023-12-21,0.021212235755297636,0.021539819932610605,0.0314282887185591,0.009873830883864848,0.020142709862800423,0.012912479238477746
2023-12-22,0.02029041717805057,0.02057379205735302,0.03362205877680696,0.009686282296522861,0.01965971214687612,0.012672303540609544
2023-12-26,0.01944050721789424,0.019676627095075654,0.03250103524305225,0.009657257857335231,0.019188518066418726,0.012456914569602138
2023-12-27,0.02038342065425437,0.020314009677966118,0.03195312569593482,0.009469203032355463,0.018780351250944162,0.012226502084563886
2023-12-28,0.02046965571647233,0.02018655872620552,0.031647918789710884,0.009568849686753273,0.01845612797407955,0.01226262459228127
2023-12-29,0.022100873355121658,0.019927904017170872,0.031216666577529317,0.009423681559047535,0.01815891875775687,0.012151981544616813
2024-01-02,0.02106381696722515,0.019814533606705993,0.03038993924304102,0.009323988695608161,0.01792690194369179,0.01206292274298227
2024-01-03,0.020920141607640174,0.019520954082807507,0.029832581416792108,0.009148687508286079,0.01754567710647779,0.011863114907427075
2024-01-04,0.022364957881085553,0.02091829903096699,0.030820496222752066,0.009505409489123344,0.018722493868570774,0.011713127954156681
2024-01-05,0.02143169834684351,0.02013937519308401,0.03395113949593429,0.009353134728285296,0.018283798540784785,0.011544096643094106
2024-01-08,0.02155037053915775,0.019762659188369995,0.03337509864978601,0.009176014834115308,0.017899443411134152,0.011523640885961299
2024-01-09,0.024570234766951544,0.021725224173510523,0.03317389632549425,0.009159842126384045,0.017482003314732583,0.011324950457080684
2024-01-10,0.024189026604233974,0.021524531076400236,0.037773327403662744,0.008989953157552955,0.01720735578021433,0.011491028823290828
2024-01-11,0.023336673979323104,0.020780839201101627,0.03901548070085469,0.008842891148381257,0.016812981081625294,0.011426776719373265
2024-01-12,0.02236213386645311,0.01996459379690568,0.03773292129104921,0.008723519319990955,0.016782550399763972,0.011232553830748568
2024-01-16,0.02146694709097501,0.019368379063054154,0.04136808953488852,0.009159781610320375,0.01749211801903379,0.011232286413034904
2024-01-17,0.0205119645650924,0.01850535985184419,0.05637981719565433,0.009248452025796291,0.017232515389274707,0.011132675104510487
2024-01-18,0.019587643826660783,0.017786520629240753,0.0538811539662909,0.009406102172435342,0.01732985318841478,0.011113221728596991
2024-01-19,0.019786194788521776,0.017685637855613726,0.05474809093700701,0.009361097584535688,0.016994349108809377,0.01094499798483862
2024-01-22,0.019153198185119596,0.01708603420857219,0.05617130366818732,0.009213302932278133,0.016633265303953114,0.011001780565792225
2024-01-23,0.019766614573754233,0.017383268142611916,0.05497886411192646,0.009072439556948383,0.016760798559724028,0.010896735993920593
2024-01-24,0.01923901442976203,0.0167888579846352,0.05258693439136905,0.008911438390274161,0.016467020999603624,0.01080961787987672
2024-01-25,0.01862772863163321,0.01620797895005507,0.054997474112511775,0.008815800779555343,0.01662074011159488,0.011729032966081068
2024-01-26,0.02009731346256639,0.01803281616998773,0.053106874769491094,0.008661389032548735,0.016251466282956286,0.011560988482660493
2024-01-29,0.019356180781257754,0.01774676680730393,0.05313544943222672,0.008509754573292382,0.015895248088996353,0.011390605158225596
2024-01-30,0.019228728902648106,0.017563952332824845,0.056896801366703754,0.008400875345656821,0.015977168229910268,0.011254964573214203
2024-01-31,0.01884307900825246,0.016909010259496156,0.07705895515064799,0.008278645982986749,0.015623968974385732,0.01120043370495573
2024-02-01,0.0198502453876469,0.016831505440459953,0.0734996728021296,0.008306033185263814,0.015289200262094127,0.011012743246929144
2024-02-02,0.02089184524380719,0.020019199831227748,0.07043173234277622,0.008177034220944483,0.014973846798884392,0.011166533083779802
2024-02-05,0.021073817301066874,0.019912881248191752,0.0672581175797682,0.008237997659538442,0.015237692222227785,0.011111658981614835
2024-02-06,0.020200875259003666,0.019184288345916057,0.06411676563968485,0.008180262174296104,0.015343436588910133,0.011266575081880684
2024-02-07,0.019409503232672636,0.018477031553045767,0.06208636201298294,0.00808909302036965,0.015018200390307697,0.011086800862887396
2024-02-08,0.01869074026760375,0.017831514713623816,0.05955461987226411,0.007958833367538824,0.01473915794390031,0.011190711271265499
2024-02-09,0.020397032783548763,0.019449027399664486,0.057338891207272695,0.007842557615649132,0.014699862880746309,0.011152042570575284
2024-02-12,0.019620675245008018,0.018691896849134415,0.05584980160553332,0.007783524045975331,0.014390388582057451,0.011022172321584589
2024-02-13,0.018757187526378734,0.017893738395024235,0.05490651584174921,0.007687980363064537,0.014196706030762112,0.01108836255691956
2024-02-14,0.0183393375809055,0.01736326272026346,0.054188800042225045,0.008033898956150264,0.015185633928965929,0.010934721509178675
2024-02-15,0.01832995205850839,0.017249909607239843,0.053755903253988845,0.007913034427692131,0.015038641603914257,0.010782496560320497
2024-02-16,0.01841157800596753,0.017186812617236667,0.051575341421358695,0.00787488480299156,0.015782327535051356,0.01104559338213144
2024-02-20,0.018205394329178136,0.01662046395523272,0.049496258610253925,0.007805218694185894,0.016238841575169752,0.011728382290938087
2024-02-21,0.017956746611732216,0.016534509287904127,0.04767457278243119,0.00784520191592322,0.01619462273895027,0.011617901599603613
2024-02-22,0.017268129591191145,0.016066670099619196,0.057643292093955426,0.007747750365394307,0.01602591406710037,0.011420426105254127
2024-02-23,0.016799957965613132,0.015606141249669265,0.055445965297974596,0.007638214159778751,0.015691371845417353,0.011285682862530644
2024-02-26,0.018409545876353448,0.01694058710835895,0.057843465144709956,0.007752217942043731,0.01547059442766288,0.01112648509265523
2024-02-27,0.01815705857491651,0.016591782043547932,0.056115676237470435,0.007713550396705896,0.01577075258133069,0.011390407746876665
2024-02-28,0.018123379444242263,0.016446029239287945,0.05415674965840492,0.007613959974919736,0.015421123818881666,0.011198748488436794
2024-02-29,0.017439588893997854,0.015787092572722455,0.06947775783613772,0.0075043535760727885,0.015125651211214649,0.011010603663793899
2024-03-01,0.016796207753933493,0.015179640312047417,0.06635283708908722,0.0074973418880795,0.015009502982264118,0.010831440930168128
2024-03-04,0.017477037837369654,0.014618319793327483,0.06339342770006215,0.00843250306853448,0.015416960397690692,0.010706346266439732
2024-03-05,0.017531113027265524,0.014394030277122074,0.06180675610353956,0.008803547200389988,0.016214355885386375,0.010533890061300686
2024-03-06,0.017022157048323276,0.014204562243145893,0.05927056645475934,0.008770469242086234,0.015851203516644125,0.010376078858085282
2024-03-07,0.016791356953626636,0.014125716170910154,0.056702964734631316,0.008753768705881628,0.01619858103069552,0.010306741761431497
2024-03-08,0.016179221972855012,0.013640748212292345,0.05698939891602385,0.008624533166361881,0.01585963202369454,0.010468253218404049
2024-03-11,0.016064281477868467,0.013632991999021706,0.054409926477129146,0.008684058602864402,0.015509959296424958,0.010472526046266724
2024-03-12,0.01549100951254494,0.013192313518849707,0.05250767732640384,0.008536555618970994,0.015249082990136574,0.010490446066713191
2024-03-13,0.015051964957353751,0.01283749826063049,0.05072803305103313,0.008666826414967372,0.015200974112709932,0.010323615767082866
2024-03-14,0.016867939874022415,0.014725049941777884,0.049462314551100776,0.008623236844563316,0.01640321376838081,0.0121263844348173
2024-03-15,0.01725460795516198,0.015059403212266852,0.04942653394836439,0.008564685878183523,0.016051924421750883,0.011935805894990574
2024-03-18,0.016607540535653123,0.014507955968234813,0.049619741436579476,0.008438732622041216,0.015956506303027793,0.012327666637763156
2024-03-19,0.017186434206935237,0.015046521136288193,0.048126297132599805,0.008299096691496576,0.015631709757193146,0.012101344795796021
2024-03-20,0.01672992040409587,0.014585556720622304,0.046491168639931454,0.008175494147829336,0.015329542089612591,0.012229866389580693
2024-03-21,0.0175624082950126,0.015015835653289105,0.045110604191487276,0.008042349753181941,0.014997097985002457,0.012054111571293033
2024-03-22,0.017049442795908604,0.014480181578463789,0.04319256213832995,0.008232841119865128,0.014692825863084468,0.011841995101234775
2024-03-25,0.01649605953136322,0.014035200862506021,0.04151003909822992,0.008441552414437472,0.014449374818523215,0.011930577300064948
2024-03-26,0.016637978927450184,0.014347512169832988,0.04051619059641612,0.008437280625494962,0.01415072170598191,0.011728573070898179
2024-03-27,0.01607453411601699,0.013975630402581471,0.03948596112179832,0.008293702788558224,0.01405906851159326,0.011537329696501406
2024-03-28,0.015540391349370014,0.013519085070524848,0.04588372202003687,0.008267265842291573,0.01382475115405691,0.011338036265567548
2024-04-01,0.016485318992584964,0.013972885170024173,0.04449340311834589,0.008491134943742856,0.01362643420276998,0.011155587037337988
2024-04-02,0.01597977012833832,0.013503111841237925,0.04424459951712314,0.008518422977374573,0.013420339369651339,0.0111766477940336
2024-04-03,0.016268122187754846,0.014071726767655572,0.042456736727839,0.008652880681742782,0.015113949552795025,0.011051035108978736
2024-04-04,0.015693948000612048,0.01366357883988866,0.04072818004274621,0.009004436471831787,0.01764586427471176,0.012489880177440953
2024-04-05,0.01568840112779899,0.01393382897125417,0.04053423239774968,0.008858413906736182,0.01730968162389282,0.012530874968652166
2024-04-08,0.015171628341382935,0.013569186596270823,0.03879469317835152,0.00928405214975414,0.017041849090745954,0.012304140730712797
2024-04-09,0.014791906473183746,0.013427150937914443,0.03835163991887938,0.009121098108231218,0.016839280097035794,0.012210687867476804
2024-04-10,0.015038909700949414,0.013443986410862998,0.03695509336238487,0.009005314828725441,0.016516376378049407,0.01199440823233888
2024-04-11,0.014947990858938434,0.013497763064110171,0.035421408618587585,0.008935726484695171,0.01615178756886563,0.011780748252315293
2024-04-12,0.01516679302821101,0.013331347665274012,0.039410576707384556,0.009035430032169606,0.015880157631597443,0.011669108407350226
2024-04-15,0.01482640192979844,0.013123842317150627,0.03770173131024997,0.00886979788896801,0.015538829564505967,0.011465638940082477
2024-04-16,0.014392898202619624,0.01278540679779478,0.03863891358616445,0.008744354511811535,0.015507081764435231,0.012680526465339398
2024-04-17,0.013960482611173641,0.012412921030423421,0.03763788274141069,0.008844222179746878,0.015391061687310621,0.01294450757796252
2024-04-18,0.016986436600983056,0.015499995614361925,0.036191278303198654,0.008855935160080944,0.015055126657127316,0.012817738037125874
2024-04-19,0.01632920381918945,0.014928886469225014,0.03549091327230252,0.008738647761464897,0.014729593088609834,0.013393276093228886
2024-04-22,0.01578755980688852,0.014392401434444426,0.03399400108125806,0.00868562921397019,0.014886956069585032,0.01343415711951551
2024-04-23,0.015283037148092815,0.013933094720087887,0.0332127859992067,0.01035362183285087,0.019335504276720164,0.01317427618229897
2024-04-24,0.014873960032502584,0.014349126147223654,0.03200851509969355,0.01015199709502578,0.01889731557075242,0.012931659815123751
2024-04-25,0.014571738258645568,0.0139293016572681,0.04137477700528538,0.009952794715434043,0.01844895023303541,0.012737213150465164
2024-04-26,0.014378553905413814,0.013881990072837665,0.03965317770504718,0.009762580072211974,0.018014809023278233,0.013362929721633762
2024-04-29,0.013971104661290036,0.01351298090182767,0.0381915130864972,0.009578074046926904,0.017613821376967525,0.013105191816686157
2024-04-30,0.014398907066945717,0.01366414505621236,0.07802446730797435,0.009432895323825699,0.01723803613978804,0.013469094248381113
2024-05-01,0.014251949897737298,0.013367748361011924,0.07458395078108594,0.010466233461716525,0.018714862845424778,0.01389321385965182
2024-05-02,0.01811023022645964,0.020767488687445573,0.07166446233568427,0.010273692724012623,0.01828995837185834,0.013631888275743433
2024-05-03,0.01736701650712125,0.019824934485424918,0.0700475668677507,0.010064869128310321,0.017877042145295303,0.013642721443310087
2024-05-06,0.017053819027545266,0.019131440571256167,0.06850308658000603,0.0098627979731192,0.01749986160212491,0.013854873736340636
2024-05-07,0.016444545268608866,0.018329962870770974,0.0657009209930361,0.00986353977469575,0.018725040806320654,0.013851192209756245
2024-05-08,0.01584213368261532,0.017553353869572824,0.06265547996539272,0.009689286383851617,0.018290262782846883,0.01358568449266985
2024-05-09,0.015449138596427305,0.016880207467551474,0.05981115500256928,0.009502359989350012,0.017866431913569222,0.01363732785185854
2024-05-10,0.014947643044661585,0.01622228321112088,0.059032253853902955,0.009452823332185006,0.01851197319778219,0.013523391322965142
2024-05-13,0.015056195478957906,0.016132948704421602,0.05668593597612089,0.009755620455038245,0.018109722680782803,0.01379690239123712
2024-05-14,0.0149274454693792,0.01563139023796392,0.056585990722519644,0.009969858616865335,0.01769120147909048,0.014361163432016107
2024-05-15,0.015158571086357637,0.015504132581764809,0.05419430070063783,0.009879103841645198,0.017402612442555337,0.015427063499883795
2024-05-16,0.014832821594425696,0.014970977073165238,0.052488327006443604,0.010141512281723074,0.01874503299130965,0.01512113310770216
2024-05-17,0.014529880479549322,0.014540449725028525,0.05099949784199989,0.009970507597577382,0.018335580978980477,0.015177572399596684
2024-05-20,0.014423787009294359,0.014254311946979115,0.051027314983908695,0.01014133846416671,0.02057468152571392,0.016375483527462775
2024-05-21,0.014035481266795762,0.01380336229392001,0.050648683945778226,0.010095475008338253,0.021665658418226402,0.016074937373384682
2024-05-22,0.01382659642926912,0.013725100707138747,0.049172529874372574,0.00995393167268443,0.021264390065791495,0.01578637302934905
2024-05-23,0.015150338979261137,0.013809608694506547,0.05048829737436224,0.010167692949380865,0.021137536271293337,0.018706058337378977
2024-05-24,0.01495891680316653,0.013523826114740694,0.05231885036589538,0.011066505010916656,0.0218873298050081,0.01843083474683329
2024-05-28,0.014845591736685801,0.013384040615343564,0.05244225399765646,0.0108337627627838,0.021350309082176985,0.018106298648233387
2024-05-29,0.016596587937026078,0.015123124411191362,0.0507056728699819,0.01078041765536929,0.023904197658688623,0.018189884557551512
2024-05-30,0.01617481400577695,0.014759581838271833,0.04976763739692229,0.01064360667912557,0.02335928878951661,0.0180530342097278
2024-05-31,0.016522256591472596,0.0157143715355774,0.04840890297848852,0.01042250654425495,0.02348600428943504,0.018622557770211025
2024-06-03,0.016381393929536487,0.01514301755234792,0.046249173709831636,0.010372867777320025,0.024224546667538354,0.018431238433567646
2024-06-04,0.01967884686313966,0.019432036832722103,0.048065448388434545,0.010361291731398863,0.02374767910082045,0.018269464204545435
2024-06-05,0.019303069574130114,0.018885800196769557,0.049774912196591414,0.010332127375577487,0.02468727452319318,0.018808892161145258
2024-06-06,0.018765003917410934,0.018386171856020678,0.05123974841269404,0.010415755382298967,0.024308631271808077,0.018672245829811803
2024-06-07,0.018970683247716683,0.018481848109578626,0.049377167218006376,0.010290344869326284,0.02551236647618306,0.018532781272042827
2024-06-10,0.018158156169049477,0.017712146991990693,0.04820354070979573,0.011647207596605211,0.02858227455407435,0.02021768099713833
2024-06-11,0.01957588712170196,0.018628406102101872,0.046044444359741935,0.011392347885651362,0.02803617398267718,0.01996401070560727
2024-06-12,0.018721292707636936,0.017844351052125597,0.04924479613645465,0.011145182031895882,0.027739805995475045,0.019581987848956203
2024-06-13,0.018067850872788144,0.01726607290007271,0.04773852499136818,0.011182883676758121,0.028138512199778084,0.019327079505932362
2024-06-14,0.017326833320897586,0.016555105322230753,0.04641148161446353,0.011419492349480516,0.0288410265117836,0.019208087034005946
2024-06-17,0.016664045297537237,0.015899247511054634,0.045067050989926194,0.011497794367520596,0.028271296857577576,0.01888479786683722
2024-06-18,0.017626491848811824,0.01642014417148715,0.044191965055627794,0.011384124746090758,0.027550739916037573,0.01852125781947094
2024-06-20,0.017552212515303308,0.016234802484669374,0.04408691964412604,0.011242482777079095,0.026878348323752306,0.01820577032100816
2024-06-21,0.01698575991844148,0.015644542642621394,0.04581005295118387,0.011180387587838599,0.027823154610072568,0.017982807136618588
2024-06-24,0.017316622400677634,0.01515364499943329,0.043944839177714516,0.011451681039392963,0.028534566307511118,0.018495410449443972
2024-06-25,0.016964223243450302,0.01484011090901334,0.04352577767119469,0.011260451858696719,0.027807451320806868,0.018150493928489362
2024-06-26,0.016636818133371097,0.014784982203095156,0.042027048518014844,0.011089465829048744,0.027551463387351642,0.019037442131134036
2024-06-27,0.016008480418722736,0.01427050766297909,0.042678335237925344,0.010973741634787548,0.026850640178311097,0.018629574858800558
2024-06-28,0.015739857474069373,0.014358719489211674,0.04127911284400957,0.010962768684257744,0.026164805241264348,0.01832020498268837
2024-07-01,0.01521540022575947,0.013855378646050938,0.040627867726166736,0.010731804061836856,0.025614436284467152,0.01815595828332227
2024-07-02,0.01624063967759095,0.013404109293822419,0.041526758629448456,0.010506742189787826,0.024968938043006764,0.017837149835774745
2024-07-03,0.0158189856285688,0.01305115472161833,0.04005664982054496,0.01030015912931195,0.02434113645471665,0.0174501541806515
2024-07-05,0.01574693876749806,0.013228561137758905,0.03836601803962984,0.010580693954678956,0.02533629841350271,0.017829576043801986
2024-07-08,0.015466532543056598,0.01315537346857786,0.03883215729789595,0.010642733217878154,0.025420700230679077,0.018223954821007658
2024-07-09,0.015305894649907384,0.013087643778623212,0.03761480341725926,0.010836961362629897,0.025391416851383557,0.017904957310734267
2024-07-10,0.01525138987749463,0.013330716952320465,0.03610791265241439,0.010614228516349924,0.02477269145602907,0.017633529123302044
2024-07-11,0.01494971849775111,0.012989296743738256,0.034623935843587396,0.010439967900394552,0.02415000964687438,0.017300540539984314
2024-07-12,0.01457863192603644,0.012640249549079425,0.034133292683739554,0.010851265542607447,0.024022019851881855,0.017533291521907145
2024-07-15,0.014232566434924094,0.01236015603239598,0.03363516873468655,0.010622995909023533,0.02370229330151334,0.017631900995696753
2024-07-16,0.01387363402206689,0.012041417597509914,0.03962591943700386,0.010424445504281746,0.023161784891553835,0.01754720014270645
2024-07-17,0.014261265109507718,0.012473476451220678,0.03811087636720352,0.010723572887591517,0.022894116116282056,0.01762518501657798
2024-07-18,0.015939802098063446,0.013075531386974662,0.04254463827780677,0.010522386626989608,0.023618179804008238,0.017378796961547677
2024-07-19,0.015371693148475038,0.012673626607773953,0.0426655873118199,0.010309186975084251,0.02305194803342401,0.018181804940054763
2024-07-22,0.018255938962189182,0.015452207060929847,0.04077542388195968,0.011215073597305489,0.02350183743507193,0.01793947142995179
2024-07-23,0.017566347229529718,0.014897720328972418,0.04245607901929173,0.010979749360653103,0.02291572198164649,0.017657504102557998
2024-07-24,0.020443823294596434,0.015342159520647174,0.04151555890651246,0.01079428073370415,0.022345588653714946,0.017365467021724187
2024-07-25,0.019665619314539022,0.01499009334001803,0.04089923953350831,0.010588637035926479,0.021792853637607305,0.017162353701972777
2024-07-26,0.01898126101295416,0.014639577920689224,0.040647553113422503,0.011692416826733405,0.023608226656452326,0.016806244199878174
2024-07-29,0.018772117871738728,0.014922224655244752,0.0392228677974297,0.011682288129700662,0.023021111771649387,0.01645393751656637
2024-07-30,0.018872542005219924,0.015337812712390174,0.04052718512422478,0.01142923472871858,0.02248403786585856,0.016256421921656623
2024-07-31,0.01867006841443048,0.015472184571631296,0.05065662898664498,0.011420790409020864,0.02254631711937329,0.015913610132500117
2024-08-01,0.022115474427460136,0.016948618733787807,0.050101367505370996,0.011312388580185826,0.022219790041329675,0.016324707064163283
2024-08-02,0.022116867485536665,0.016942662787587756,0.04892766450542146,0.011086949464165656,0.021952227271557146,0.016678665950845956
2024-08-05,0.024224008581898104,0.019589271781182114,0.04671250068080508,0.010883728498375177,0.021421812751094994,0.01634612695312482
2024-08-06,0.023178074271254158,0.01883781168163357,0.04478538557840364,0.01086358444722114,0.02293310663761037,0.01682626886398304
2024-08-07,0.022072195456161344,0.018022043036403205,0.043996838226131485,0.010696606411064442,0.02236290394750933,0.01652595385542405
2024-08-08,0.022673383304350272,0.01876226933030312,0.04456619199587219,0.010472587712874652,0.021921471057144006,0.016643744002020035
2024-08-09,0.02192241787280171,0.01822317777805053,0.04262402918974087,0.010595264809966823,0.022072939162431745,0.016293798999039974
2024-08-12,0.0210379033957771,0.017538536974044658,0.04079176555723298,0.010403554986920424,0.021528263922873284,0.016050942375475025
2024-08-13,0.023812757956433818,0.019602799462731024,0.03950329153938099,0.010490513055238498,0.021280286721425776,0.01617797877363618
2024-08-14,0.023699220994231388,0.019747872540103496,0.038219796888538805,0.010277557147688578,0.020836647213070405,0.015870219808928686
2024-08-15,0.02325818802310636,0.0192230739690608,0.03782530575005439,0.010343613152372113,0.02064426647348229,0.01555041007431139
2024-08-16,0.022607836170918078,0.019006994219300955,0.03632203063994918,0.010190123150348021,0.021945527617647887,0.016286331017457086
2024-08-19,0.022437948354075473,0.018951428003762337,0.036293481590575064,0.010659872819159595,0.021670774594052655,0.015954771703405167
2024-08-20,0.02347471001946661,0.01985687133061012,0.037991301032446516,0.010438819958175421,0.021431365592959092,0.01573775661282644
2024-08-21,0.02238262267605902,0.019061230888315454,0.036706330466493124,0.010248528982975775,0.020968086507433207,0.015435644033250484
2024-08-22,0.023262146708677947,0.01883861128558757,0.035257483031092114,0.010044429426374568,0.020456811131196156,0.015196450709709226
2024-08-23,0.022591533971128702,0.018608643637967513,0.03814471525632128,0.010159699350032324,0.02028254978455448,0.01502720419003172
2024-08-26,0.022817558715601073,0.019164221805100995,0.036790870949144676,0.01023482376603201,0.020652394363347818,0.014953191787543745
2024-08-27,0.02416442404060017,0.020539550151409704,0.03662802078763621,0.010050740725896625,0.020199389364236212,0.014669737208470241
2024-08-28,0.024318343583672082,0.020949358729749137,0.03600542357047543,0.009850984711181112,0.019712053720386584,0.01440057966665419
2024-08-29,0.023531553988029138,0.02031198816454709,0.0346966224755901,0.009744014483888492,0.020111538248155293,0.014750515554633869
2024-08-30,0.0230886528122458,0.02001695225974731,0.04515463025576569,0.009753121519755551,0.019835476133644687,0.014451351756719917
2024-09-03,0.02420640234775719,0.019653510937555477,0.04316002305229674,0.0099356026077543,0.020368551732892176,0.014161709361588443
2024-09-04,0.027084657338040205,0.0280268155729577,0.04255085810403649,0.009745569181614,0.02080554731957894,0.015042444408712307
2024-09-05,0.02623384100074146,0.02699807438216893,0.04147072056146543,0.00955688888859628,0.02036978238675415,0.01475061231881065
2024-09-06,0.024895338767080815,0.025641761693670325,0.0423225630500731,0.00947942056963937,0.020339974161585034,0.014747691731074621
2024-09-09,0.02466619109395217,0.025408942724130495,0.04053853120527747,0.009425843756421972,0.021116632799855862,0.01481716863221142
2024-09-10,0.02389191603052665,0.024378427800901315,0.041321885739912724,0.009266675176719856,0.02095217037167507,0.014945707854560772
2024-09-11,0.026737968938720037,0.02604071272534715,0.040380256747253984,0.009127504765816107,0.02044285237937998,0.014819839226226771
2024-09-12,0.02637729010812034,0.025522277603037647,0.038929011592815435,0.008958753024966347,0.02008913162277875,0.014674935234657033
2024-09-13,0.02613653877165158,0.024957712413894977,0.03888905904765112,0.009335977189791173,0.021575356653268585,0.014592342528092246
2024-09-16,0.02485589728619769,0.0237876567982905,0.03781608697385749,0.009458536236660502,0.0221908128749338,0.014445807211729469
2024-09-17,0.024461911042204954,0.02314559233863371,0.037201146891632314,0.009278521212339234,0.02164818704913196,0.014275122219547074
2024-09-18,0.02372583148250786,0.022385719667269738,0.03616627750910878,0.009205582978729261,0.021145602129118656,0.013989695003759716
2024-09-19,0.022604642968972945,0.021324441999202602,0.035026902818965526,0.009044685632452443,0.020730040591010312,0.013762180470312994
2024-09-20,0.02197198661722629,0.020955786550602637,0.034534167032591045,0.008976197047542954,0.020946858384896336,0.013687302387009152
2024-09-23,0.020934872804462237,0.020060953294010968,0.034772518959990256,0.00915171740282313,0.02044370675172876,0.013421877127684468
2024-09-24,0.021184858301694677,0.01932464865584229,0.039511314157818826,0.008993078523555464,0.02016631009221649,0.01316585179653655
2024-09-25,0.020845945128723425,0.019190885904792468,0.03849025500691607,0.009024647911926833,0.021859325072914205,0.014535455013912709
2024-09-26,0.021649560344477185,0.01973735613209981,0.03812213334997333,0.008876637463231515,0.02151734359307291,0.014242793972772774
2024-09-27,0.022706966748582507,0.02052339720929878,0.036976528319828714,0.008749999104283882,0.021111646328147077,0.015630385013094973
2024-09-30,0.021726516382501813,0.019644219696911148,0.04957899290250698,0.008838940663782085,0.0209021466092553,0.015419123499340832
2024-10-01,0.020706305429604773,0.018789538669882335,0.047374986635636766,0.008709469595985645,0.020550132804211082,0.015247880245258593
2024-10-02,0.021115565657427542,0.019509484208875223,0.045331521329100434,0.008877332989291942,0.020149070898286194,0.015039729188530592
2024-10-03,0.020166585197512757,0.01868501251956247,0.04331627931681061,0.008870735562484891,0.019703630387450176,0.014980576844603789
2024-10-04,0.024861852939124712,0.02349864539973826,0.04226218124617561,0.008740053938323234,0.01962261553616929,0.015304564621157597
2024-10-07,0.02376882553822205,0.022422452916805034,0.042163858300101234,0.008637633358307903,0.0191568171142326,0.015016312990031384
2024-10-08,0.02529413003404217,0.024130915103983717,0.0419667819575484,0.008487789806482038,0.018892776894757757,0.014710559260071093
2024-10-09,0.028405228219909717,0.027386688074383853,0.04014105643881861,0.008684779385902529,0.020980363122794193,0.015265912208329145
2024-10-10,0.026961774849342965,0.026129472215096115,0.039259203623581346,0.008567702384056021,0.020474263645566655,0.01520239539989229
2024-10-11,0.027800136308569673,0.027241059804432418,0.037580872093646765,0.008489273811428822,0.02041301697249104,0.014954399863618599
2024-10-14,0.02638702984882443,0.02591382346882498,0.03630122107865895,0.008812122381246977,0.020251003872865696,0.014972072542895034
2024-10-15,0.026134154147878702,0.02544649051672116,0.03838661796863055,0.008694563699447067,0.020007156088424082,0.015255968857375518
2024-10-16,0.028685502405726357,0.027619577133301605,0.03672287049255068,0.008598790153878788,0.019776450203835765,0.015254221848446723
2024-10-17,0.027195181084502584,0.026225180579248532,0.038749517859212004,0.008497952444707971,0.019369256488214887,0.015010772934385496
2024-10-18,0.025810046997714896,0.024931946079702266,0.037159445080064024,0.00844419455104869,0.018953116090553244,0.01487000345729603
2024-10-21,0.025405702150572747,0.024450821970406864,0.03744686768120846,0.008466878199861137,0.02105905030154215,0.014839377936862241
2024-10-22,0.02483186927888158,0.02381208631073211,0.03651154154923502,0.008347337955212634,0.021284431352413657,0.014582567631319307
2024-10-23,0.024498675721380887,0.02376798251958083,0.03494686205389537,0.008348537679481502,0.021677233784972473,0.014335029926045302
2024-10-24,0.024043751160493666,0.023072820878365204,0.033693717747592784,0.008532440206832909,0.022527705280132676,0.014209330541745611
2024-10-25,0.023023299434171928,0.022109744626404783,0.039173979459973925,0.008516544159252811,0.02197007839841745,0.013942562589568932
2024-10-28,0.022974102962913388,0.02214868010210726,0.03772414600543643,0.00837883845418732,0.021428253967946228,0.013697938296604897
2024-10-29,0.02975815566176265,0.028896807329100917,0.04768897388080988,0.008237885693447545,0.02095528610218248,0.013435683926903419
2024-10-30,0.02819283206729584,0.02745897170129711,0.04577730855825132,0.008309926679495356,0.02064279270806108,0.013175299136470739
2024-10-31,0.02746171608495651,0.02678391307783606,0.07260402170670463,0.00829529429284772,0.02027609143236198,0.012925863965843857
2024-11-01,0.02618701336394003,0.025565083285236007,0.07081752413542117,0.009011589245589861,0.021519848374084535,0.012701186048347834
2024-11-04,0.024864066569535742,0.024300778510227036,0.067685307575642,0.008846778263766421,0.021005744612495682,0.012564616335554
2024-11-05,0.025176206957659764,0.02454554159727602,0.06580916971023235,0.008691719068371793,0.020497581747809072,0.01264239758300218
2024-11-06,0.024002224853882974,0.023410213984131772,0.06394593340223614,0.008542225392437526,0.02003496372611634,0.01256700241110232
2024-11-07,0.022865621838857663,0.022435655158026063,0.06155346644059037,0.010111253652041853,0.02197351585487925,0.016523244378874487
2024-11-08,0.021937485285825602,0.02155826718723783,0.05901076881011107,0.010172633067548405,0.02177197173933018,0.018512326415862704
2024-11-11,0.022736618033433683,0.021861893311439375,0.056351624003278894,0.010007590170419982,0.021430941882104634,0.019061509162751802
2024-11-12,0.024218798271784817,0.022637091504579585,0.060139016310728516,0.011513886912305144,0.021726311675453622,0.019012552913456375
2024-11-13,0.02301897787267841,0.021557839747533093,0.05737181965494563,0.011303074415378889,0.02121755418625797,0.01915764884157267
2024-11-14,0.021940402439719366,0.020610110672207037,0.055260863080162155,0.011174153916883927,0.020710580395713177,0.01893680637353734
2024-11-15,0.020931046180985256,0.01969470135616742,0.05666867543554001,0.010987313767900544,0.020215943092104748,0.018521819074590343
2024-11-18,0.021513379536688006,0.019973557818013826,0.05420474312491161,0.010756732950147473,0.01975331804640461,0.01815330548342826
2024-11-19,0.022718543018675978,0.021392842201739034,0.053988270908642375,0.011104540184381203,0.020110231173788014,0.017987447598212147
2024-11-20,0.021642942418158288,0.020394343789078163,0.051570788063200076,0.0109367254910233,0.019626879817017155,0.017628534497217824
2024-11-21,0.020784883149545852,0.01959032992651955,0.052713548553046746,0.010821608134187997,0.019242539720560742,0.017258862223900627
2024-11-22,0.020563259130090047,0.01963287316070124,0.052048152241571194,0.01074372476416363,0.01878633763700378,0.016961563087318034
2024-11-25,0.020238663997206086,0.019140222021586842,0.0534207062417613,0.010894722796727388,0.018558185156732368,0.016722026647376712
2024-11-26,0.022022558181532682,0.02048328544916926,0.05557951186044394,0.01292740944804192,0.019800767590271117,0.016388119637415488
2024-11-27,0.021001159681796083,0.019568369986408464,0.05329767066309111,0.01263171114743779,0.019367749542850175,0.016272523482253394
2024-11-29,0.02003729452989417,0.018691534986083776,0.054913098479155445,0.012431541983876825,0.01901640541376523,0.015990404144518924
2024-12-02,0.01945959567726028,0.017878398533568877,0.05435640841565249,0.012216085588241603,0.019032127355786826,0.015668597052968965
2024-12-03,0.0186100518917791,0.017803701714761155,0.05367763456224688,0.012076158395119014,0.018660519312430738,0.015345467689362352
2024-12-04,0.019647183533464837,0.018665392613442067,0.05383140761482747,0.011826932359423252,0.018775433987332314,0.015437893263371683
2024-12-05,0.01989687078631019,0.01874230322793054,0.05136504533555862,0.0115829505946571,0.018580033388123893,0.015120477795380663
2024-12-06,0.019054835618496236,0.01795259412884647,0.049144947144465954,0.01154110598685088,0.018334916723823667,0.0148155402997953
2024-12-09,0.018991172579386963,0.017725045914812065,0.046919591842716074,0.011322573405548033,0.01790738711548236,0.014514856079910907
2024-12-10,0.018929886990196848,0.01752484391044147,0.04593135906002132,0.011253886615292535,0.01892472303600903,0.014827545970936183
2024-12-11,0.01813845840606472,0.016789373371266847,0.043911260111415856,0.011281790582064464,0.01850235565577674,0.014525949701578098
2024-12-12,0.018968086821300346,0.017055128640615147,0.04634929110677911,0.011361454329990939,0.01811650747179879,0.014242290628588936
2024-12-13,0.018207015005500964,0.016362315529152648,0.04476830487063263,0.011685121474023518,0.020007562280067236,0.013992405996997448
2024-12-16,0.018303626039984307,0.016332753066632403,0.04557508144381743,0.011700307193230612,0.019960122633442615,0.01391328520252646
2024-12-17,0.01775641099262145,0.01588688094775302,0.043974308794505326,0.011450609817869046,0.019481117444461685,0.013642290235053723
2024-12-18,0.01729986827447185,0.015592246436248238,0.042881463367629345,0.01121809429729929,0.019036800503065873,0.013640053935911872
2024-12-19,0.01674680597198188,0.015014736021730002,0.041393823159454425,0.010997931349655987,0.0186231997641674,0.013379210489407987
2024-12-20,0.01642176442286622,0.014639909604523388,0.043503393238852474,0.011342502863680756,0.020693920541729725,0.013752311075317793
2024-12-23,0.015965135809593693,0.01411586744336382,0.04366559805957928,0.011451084665670786,0.020639073354443437,0.013520748318177829
2024-12-24,0.015437008775051173,0.013706168799568437,0.042405374802120456,0.011284419048687447,0.02020816614127837,0.013293357156802426
2024-12-26,0.015369739908844396,0.013834329823223308,0.04654071704415133,0.01105375460261677,0.019729339227061802,0.013104489231581872
2024-12-27,0.015031437467136182,0.0134514362487203,0.04805319830679594,0.0109093296011597,0.01926243378764393,0.012902153399875682
2024-12-30,0.015147492223873786,0.013551981142867191,0.048877450080663846,0.010823752966056423,0.019031746235639038,0.012668980461935198
2024-12-31,0.014728456540963736,0.013137883841674223,0.057762934792415024,0.010637665540144465,0.019044026284990866,0.012465594255176047
2025-01-02,0.014587775860152793,0.012766371483934417,0.060184957732652054,0.010562988493424165,0.01863577825575208,0.012628412083314578
2025-01-03,0.015350531011522086,0.013460277591997088,0.057436755389550294,0.010586886736069865,0.018917612284084145,0.012392941522714926
2025-01-06,0.015214716568203876,0.01322563851914224,0.060810709747736065,0.010430476414133668,0.018518822374798124,0.012440180140618866
2025-01-07,0.01482625409860192,0.012847351979078016,0.0640415236002105,0.010232184973959507,0.018510123405436812,0.01298623374664035
2025-01-08,0.014618489019854058,0.012810881853725807,0.0639370144714943,0.010116158424497307,0.018089336909969025,0.012844865757718196
2025-01-10,0.014759730651421938,0.01297874454896393,0.06329653105354939,0.009926550748780308,0.017665935445887827,0.013023723583223673
2025-01-13,0.019696052509919473,0.019083545977149494,0.0659368916934278,0.01028080081970854,0.017862042040714957,0.012974363041473395
2025-01-14,0.020864294712976083,0.01885176706376386,0.06300624736820636,0.010442676115722083,0.01891347691357877,0.0127655510154862
2025-01-15,0.020656497618628006,0.01853774930090151,0.06012841754188667,0.010230027317348867,0.018466706088019827,0.012544217694602925
2025-01-16,0.02212105074802765,0.019473658749065446,0.057970335699701864,0.01035887460719903,0.019976802021134273,0.012526353556951093
2025-01-17,0.02180080567478096,0.01883296340670311,0.056697314786572826,0.010450536701926845,0.019547629840844495,0.012522122850136623
2025-01-21,0.02105120175888882,0.01812006869329936,0.0587176139427539,0.010237289069232687,0.019514444988538236,0.01278332097669975
2025-01-22,0.021751166466477394,0.018337995948725462,0.05800642987468993,0.010055933292372914,0.01921851357696557,0.012611862907472586
2025-01-23,0.020829414427414882,0.01758942282135858,0.05754673614579512,0.009892695529087836,0.018767562951585458,0.012530694674280756
2025-01-24,0.020202964573610368,0.01710047873357915,0.0549061691675208,0.009704726473056364,0.018774604703087828,0.012368463897540944
2025-01-27,0.019294723650896416,0.016411280396710803,0.05273844689311896,0.00956657484575845,0.01850144871214127,0.012151126477980622
2025-01-28,0.019583403599759873,0.01679117992652824,0.05657452663229424,0.00986724211037433,0.01891697105806213,0.012676269833577152
2025-01-29,0.018877016049443293,0.016182827098454214,0.05724633822412234,0.009904778142816739,0.01878602801545058,0.012464631290079686
2025-01-30,0.01878753782596482,0.01599907864589595,0.054873284184600475,0.00970846791463453,0.018702854663646823,0.01236218429221766
2025-01-31,0.01799004020968308,0.015410781953367703,0.06892258491431522,0.01029539884162874,0.019887813442662303,0.012220376004466673
2025-02-03,0.017283802692756416,0.014837812589257829,0.06569850746962469,0.010119895610665846,0.019478697132722135,0.012068424003424241
2025-02-04,0.016799626145001804,0.014690775731270209,0.06898784289171499,0.010028525686226293,0.01909811172274072,0.01194667203159564
2025-02-05,0.016302259703781404,0.014189778056335119,0.06638956977230011,0.009918857324983425,0.018945929203627157,0.01195501133060453
2025-02-06,0.017411265222523568,0.015247185175747035,0.06402119304416362,0.009802225043885818,0.018497301538060524,0.01251152967979897
2025-02-07,0.016844603224836628,0.014747104807461836,0.06118317216709459,0.009683158242371452,0.018210646673941944,0.01230864544978464
2025-02-10,0.01627503758170948,0.014288305593443068,0.05903164492551361,0.00952361084309268,0.01782904970710618,0.013429011748698394
2025-02-11,0.016666259306092657,0.014644947756917841,0.057553968991453736,0.009905463692344723,0.017417851895832975,0.01419510075362427
2025-02-12,0.01656976220978812,0.014827038965875781,0.05526911895775486,0.00971056217855343,0.01705278951300723,0.014714494840220608
2025-02-13,0.01816597199631135,0.016173783857941004,0.05286721778005141,0.009525818527792926,0.016961022530781127,0.01513174916133924
2025-02-14,0.01742233390000452,0.015553406843609776,0.05071451228141053,0.009410556124152501,0.016576283731263627,0.015138399309603433
2025-02-18,0.016934052453934246,0.015013419352715279,0.04903842804755601,0.009732697896461402,0.016232276642965626,0.015652644179856637
2025-02-19,0.01696156667321521,0.015135545062216878,0.05167349372716277,0.010112884153217469,0.016241414467101364,0.01567100146335757
2025-02-20,0.016383300776553426,0.014591122371039305,0.05312226543973515,0.009952498802751293,0.016027526356980314,0.015401405309122675
2025-02-21,0.01582324213194132,0.014172962647349326,0.051527510737868765,0.009852169260319935,0.015956217690672188,0.015253895523043648
2025-02-24,0.018125759408063956,0.016159843277712176,0.049517940906258565,0.009660071000430603,0.0159169674698075,0.015104328018152861
2025-02-25,0.017417023319207258,0.015581896923960307,0.050465969595130014,0.00949453426437603,0.01580259567229823,0.014931254555492459
2025-02-26,0.01862444191043604,0.016779324044554636,0.049939526983701674,0.009827203353072543,0.016360933210469403,0.014700892151979348
2025-02-27,0.017908344616060362,0.01624661657501894,0.05172801981700106,0.00966677292911977,0.01629575734087111,0.014625580946543535
2025-02-28,0.018827481551766858,0.016843242719229254,0.04941135430349152,0.009794240194899134,0.01624007043978897,0.014429561815773968
2025-03-03,0.018245990245262123,0.01658578965285035,0.04781976767310929,0.010194857260008093,0.01640474062147593,0.014463157285383397
2025-03-04,0.0186709779962428,0.017323240683450206,0.05055770125890125,0.010683945454634025,0.01702296362403633,0.014445992211952086
2025-03-05,0.017892832538227082,0.016810420636715652,0.05087582937088356,0.010542788469704767,0.016640997993473215,0.014338609993154687
2025-03-06,0.019540943840831805,0.017936279748712137,0.04902601344304955,0.010329366048274051,0.017053860849393292,0.017645401312412143
2025-03-07,0.01868298622044726,0.017182838103627925,0.047921523783154694,0.010117793970682982,0.016719306699806112,0.01727081204983274
2025-03-10,0.018149997917696534,0.016932973661658798,0.0462327830806864,0.009955646070474037,0.016713196681750257,0.017430142638103056
2025-03-11,0.0180968578720221,0.016972732092045476,0.044579480136816826,0.00981305988822803,0.016442647991851272,0.01716944145136407
2025-03-12,0.017373125723928688,0.016317466942814652,0.04267113391249272,0.009734779476315701,0.016605733390103957,0.017373025596383918
2025-03-13,0.01793786623366508,0.016809587150978893,0.04843993078008107,0.009709517567281487,0.01671204986583902,0.017352782220069002
2025-03-14,0.01806174910867372,0.016838379753067432,0.0462874882087302,0.01000903088156262,0.01675213369190095,0.017292932634803585
2025-03-17,0.017545012446515875,0.01643091469458993,0.04421194789756906,0.009829259164544912,0.016394136371691116,0.01696909889445679
2025-03-18,0.01692908617819864,0.015907695860839965,0.04273340895941091,0.009640079899562745,0.016042078571577082,0.016820653827088063
2025-03-19,0.016621953177469943,0.015467643217875096,0.04091103615279007,0.009737925570814576,0.016019683494593897,0.01664394516013833
2025-03-20,0.016029372245478707,0.014906093477513418,0.04155895687465744,0.009546936016813468,0.016151137639105112,0.016639587839721692
2025-03-21,0.016230852088301658,0.015289195759004814,0.04448842724149721,0.009365080542197288,0.01583933099122027,0.016289188326704073
2025-03-24,0.015635946444006274,0.014727286398857628,0.04250282602708357,0.009318631500755205,0.01583791511372904,0.01594555652803273
2025-03-25,0.015526647779797478,0.014625858152823856,0.04094314068908528,0.00915214563009512,0.015487135186359087,0.01564400468863673
2025-03-26,0.015006049033270564,0.01410200029429429,0.039576365118436804,0.009006220330099724,0.01591028981169594,0.01605201471896664
2025-03-27,0.01478199897255781,0.013985368365731247,0.03787885094193592,0.0088453176658858,0.015557204235559428,0.01576707936875143
2025-03-28,0.014349347842217917,0.01354207515327213,0.036865451912133404,0.009069572902108379,0.016203259160046828,0.01617576272979217
2025-03-31,0.014178745470356548,0.013224760150666365,0.03629986561459619,0.009064057905373157,0.015924101121320672,0.01584550651052522
2025-04-01,0.01664073188269414,0.013605235227252654,0.03496098779459645,0.009203019553975044,0.015617387363963859,0.01598380228174074
2025-04-02,0.016073955155544464,0.013210632811269971,0.03578496590014006,0.009037052678759617,0.01539783796733198,0.01564898346121774
2025-04-03,0.015632004825807806,0.01292751993185551,0.035118198077593366,0.00896902698557446,0.015219955318660924,0.01532422230178126
2025-04-04,0.026598956372092843,0.02432278356272423,0.034159035113103926,0.009276266040271638,0.023260251987695223,0.01752294435089853
2025-04-07,0.03518996454318634,0.03132656499939587,0.03990260411906168,0.010809417078508663,0.030228599823936816,0.025873427482934964
2025-04-08,0.033941840369297954,0.030450134626487893,0.04090118831716293,0.011415795148100824,0.029595575578926496,0.027380031618142765
2025-04-09,0.03265015239206801,0.029703451399619343,0.042314781909826446,0.01122432712439043,0.028836552556349804,0.026821653232367355
2025-04-10,0.0339884503181914,0.0309800843531705,0.049735721452495885,0.012508709033089706,0.02861208500327209,0.026300166221735415
2025-04-11,0.03427953151092786,0.03121163796364111,0.05202147544865679,0.013851253779512301,0.027989542448476,0.026646962687050035
2025-04-14,0.03320417503082301,0.03038594161973941,0.04971796711688723,0.01418648011211674,0.028480199972857514,0.027458158527925436
2025-04-15,0.03139287434771166,0.028824318317709933,0.050709616698846556,0.013900365640324945,0.027808906202994782,0.027216035482241812
2025-04-16,0.029725771572327416,0.027377077506144872,0.04840314033010364,0.013597407868465212,0.02711080034171644,0.026577572232288765
2025-04-17,0.028708876742008636,0.026583990426825667,0.046836470171035975,0.01490013769693825,0.026844227686262555,0.026104745177706116
2025-04-21,0.029274946413304203,0.027075567600274006,0.04472921960343159,0.014589161556216847,0.026387553914910225,0.025618100401299894
2025-04-22,0.028883735021792582,0.026936080067005843,0.048122487484923704,0.015430842677123411,0.02572013404140764,0.025026544462886647
2025-04-23,0.027998138833897953,0.02615150961167142,0.045958913037893595,0.01506053894034797,0.025202044608111387,0.02528256779915425
2025-04-24,0.028490239368286936,0.025629198847552076,0.0439183710667839,0.01663394155405025,0.02493249363895619,0.024742971448704677
2025-04-25,0.027105821094390397,0.02443450800747909,0.04300331847452189,0.016578938146969934,0.024304032222500008,0.024176357770272716
2025-04-28,0.025722899123150903,0.023281441223658696,0.04109885695652846,0.01647712071521025,0.023924682917479047,0.02362708020664979
2025-04-29,0.02493942131489545,0.022686245187576747,0.04546832881719984,0.01636006671922918,0.023324580259792307,0.02308306696035261
2025-04-30,0.02519902225666038,0.02298141678622537,0.047708891771170873,0.015982842337191577,0.02282163458622417,0.022563922939379512
2025-05-01,0.026752985726288037,0.022596484311467938,0.0458845142103276,0.015618261091603946,0.02282179205650476,0.024970363345154917
2025-05-02,0.025939423731495728,0.02210217572065134,0.04584018314573052,0.016415566590739894,0.022380511637928698,0.024407918770364342
2025-05-05,0.02517939456963231,0.02150287714394889,0.04558590452154993,0.016066015116494532,0.021871511328952594,0.023932126714361554
2025-05-06,0.024787209763904375,0.02123639643644539,0.04407169388130394,0.01643651256550258,0.021384115878578355,0.023410319062402683
2025-05-07,0.025783052112031045,0.02245840565667298,0.04278201155623245,0.01715124833922046,0.02175691295078256,0.023139339541659948
2025-05-08,0.025123373819744266,0.02204300417223637,0.043003290742801334,0.016830900771989316,0.021589473095504456,0.02322594523092817
2025-05-09,0.025755690564769913,0.022687232705771915,0.04117144729669112,0.01725591098357835,0.02108598509049837,0.022836568241450902
2025-05-12,0.0250890284133793,0.022216894676793678,0.042658222876787805,0.016989065844171224,0.020670244018313,0.022424547754615335
2025-05-13,0.024270032503036335,0.021746478762803192,0.04254184718287022,0.018127501973162027,0.020265418589016104,0.021964772944372532
2025-05-14,0.024580504061323828,0.022158027551916808,0.04065687055815092,0.0177136487895228,0.020042536415415157,0.02195069001695563
2025-05-15,0.023517477370417508,0.02127418754217316,0.04104324942307357,0.017696846664819042,0.02005079371378848,0.021689006516228085
2025-05-16,0.02373156275493365,0.021649700208003206,0.04089379597555189,0.017429325528488873,0.019644199994534567,0.02124723607879098
2025-05-19,0.022965138427098394,0.021045003528850272,0.03918289640790187,0.017186832145356632,0.019303621636460967,0.021162184734150668
2025-05-20,0.02187002908692627,0.020076186896039263,0.04283579443588752,0.017017753670478395,0.018872155726926357,0.020977056502678115
2025-05-21,0.020854605848229624,0.019184541010532782,0.05007001884941855,0.016900203567842446,0.018975407689199683,0.020514831780658077
2025-05-22,0.020570599916392363,0.01848437637958757,0.0480917025016451,0.016573192678431985,0.018803224961200838,0.02006966935174464
2025-05-23,0.019744461467762053,0.017839904211957275,0.047117409666956336,0.016202737909498256,0.018570717180032722,0.019625702502280417
2025-05-27,0.01893289008000448,0.017151840938573717,0.045583825027283344,0.016396262187196278,0.018322515484442657,0.020398881388478566
2025-05-28,0.018452543322386338,0.016799883978432316,0.043902222545752295,0.01650308140037879,0.018003080070303996,0.020392566157904347
2025-05-29,0.018299901147821655,0.01656421174166525,0.04556643967483981,0.016100270281268935,0.017610793663521744,0.02015683480765913
2025-05-30,0.018185508554503325,0.01632932897855653,0.051964587046991896,0.01576694966714978,0.01730565818223162,0.019709542886888285
2025-06-02,0.017458302478372597,0.01573427555268502,0.050027997712580694,0.015490384219835006,0.017113411295904567,0.01927088682872715
2025-06-03,0.018890420657956895,0.015516616371276805,0.05206314689432237,0.015922615404397683,0.0200325350330131,0.020452799960962373
2025-06-04,0.018587084859990728,0.015649280863426932,0.049734329408455326,0.015588533982415947,0.019553334980506473,0.020025184160035334
2025-06-05,0.018049884036809766,0.015518348794303395,0.047480703186575025,0.015269465037544044,0.019084830191744433,0.019715497745546862
2025-06-06,0.017478147710490787,0.01508966241119267,0.045457555259728666,0.014971480205986942,0.020052231246198992,0.01938473904204291
2025-06-09,0.01776005498078786,0.015454758774738064,0.04425177961611158,0.014721255899456403,0.019677793978812207,0.01929585867455044
2025-06-10,0.017355171824535914,0.015089269078679324,0.04400127350971912,0.01437682430001424,0.019627666982554515,0.01916492341794641
2025-06-11,0.016752252448261947,0.014557678326176967,0.042924662427183284,0.014054654255706105,0.019178052938666673,0.018774801223239768
2025-06-12,0.021948706139213466,0.019255490253105464,0.04108544690287399,0.01372172155925443,0.01886434640569376,0.018713488530195624
2025-06-13,0.020922221012659833,0.018502054661062247,0.039301503204577724,0.013878093869570991,0.018418886259165827,0.01832147018792654
2025-06-16,0.02971228882283283,0.0275579833668582,0.038323616716887526,0.01387649013213456,0.01798970191852419,0.017940550366876622
2025-06-17,0.02865858114335742,0.026523980288651546,0.03911039216515785,0.013723211959619152,0.017579152568891757,0.017577446504377627
2025-06-18,0.03013903012807606,0.028519472628183523,0.038265102372595866,0.013417173153716846,0.017701819027123297,0.01723695759423204
2025-06-20,0.028552436341741618,0.027084135385710167,0.038081923561957776,0.013104817695410189,0.017344467191844383,0.016970913076944438
2025-06-23,0.02707248073795927,0.025748348905062845,0.03806062299102448,0.012877884872935216,0.017803852682322537,0.01663014691844469
2025-06-24,0.038370803913771276,0.03386011910528484,0.038336460396644005,0.01259282920535794,0.017422767362782254,0.016291372393625433
2025-06-25,0.04132741075042841,0.03764320137509434,0.039079902297524526,0.01287904530960281,0.017252495165218467,0.015978128179313357
2025-06-26,0.03907130029956401,0.035722130054691346,0.03909550707516272,0.012594591146692393,0.01702108380868441,0.015760341482802198
2025-06-27,0.03690437275405047,0.033834621707135096,0.039653021497454116,0.012312247669248964,0.01691013556954201,0.01667774825506
2025-06-30,0.03487147194445986,0.03206014087688977,0.05590730947016102,0.01262536542255791,0.016867442811024865,0.016323188076220206
2025-07-01,0.033021300421311135,0.030404215690758653,0.058403408107687904,0.012399457379811886,0.016523548915690352,0.016061410808266105
2025-07-02,0.03125698435318316,0.028938831786753032,0.05582782055232785,0.012389209933842993,0.016211020180120515,0.01573982392061661
2025-07-03,0.031018807016557858,0.02892591697049513,0.053627675541945447,0.01212554043795873,0.015985584915552787,0.015943852227381653
2025-07-07,0.029441478419973906,0.02749100874734871,0.05164791241017399,0.011903530206472413,0.015778122266641444,0.0157581624886142
2025-07-08,0.028194093636635414,0.0263276572905837,0.04929305499824443,0.011639229157583334,0.015463392829510014,0.016126875899223517
2025-07-09,0.026771082713590025,0.02513285046334971,0.04750817209658575,0.011501145492439373,0.015149786466449917,0.030313709212848098
2025-07-10,0.025392343535024148,0.023893373322419996,0.046844275457568224,0.011252178890036007,0.014839694650925122,0.03055833504875888
2025-07-11,0.02561734084678451,0.02381028812514001,0.04611805692799806,0.011013262795378318,0.01510422570512791,0.03008943198279422
2025-07-14,0.02580844456703868,0.02390898011255319,0.04410106554833099,0.011026762455840033,0.01763879702967901,0.029380317829552097
2025-07-15,0.025488026759435796,0.023345741825410656,0.04421460017475018,0.010797018949241297,0.017275008493138736,0.028742598855101092
2025-07-16,0.02431215459660409,0.022345727618907185,0.042515382814319616,0.01066356360399978,0.017275124348107133,0.028086969604089598
2025-07-17,0.023120026866314296,0.02130663003766566,0.040695883787075,0.01052597333193049,0.016877557864496115,0.02749219128427195
2025-07-18,0.022629807983792785,0.020791776421161555,0.03891743927618077,0.010341458105530171,0.01653423089292752,0.026850126943018138
2025-07-21,0.021571267470824648,0.019868018520644494,0.03726934399943113,0.010155694820958037,0.016188450151333474,0.026443599483693188
2025-07-22,0.020578028837651724,0.018975481180738524,0.04142908613680901,0.010372426138869954,0.016610751948107474,0.02585172372132965
2025-07-23,0.020235793585552834,0.018371356333704625,0.040179291322567694,0.010392630527037719,0.01628049428666574,0.02544406924872253
2025-07-24,0.01991053078379275,0.01758250603349946,0.041912755294335954,0.010557426732128816,0.015916376951257583,0.02509875271771668
2025-07-25,0.01936006357397766,0.017098128086089664,0.04009104184209629,0.010443777678405469,0.015632158445014376,0.02452546850392709
2025-07-28,0.019024058327721877,0.01675400209973505,0.03836242882336427,0.01049559228052343,0.016068389759105853,0.023963435264262034
2025-07-29,0.019603033359084324,0.017582873545886394,0.0386565797381448,0.010405289067032973,0.015731578837590958,0.024223242749875747
2025-07-30,0.021972601365760524,0.019976137801376182,0.03808638908079521,0.010224375037831463,0.015386567630620261,0.023664939897015264
2025-07-31,0.021210933920158714,0.019311671811891872,0.03661789648790389,0.01017601084461953,0.01535922748968234,0.023155838438285063
2025-08-01,0.020533915543741864,0.018718358039600497,0.03553516497373416,0.009972399886296973,0.01622059852417202,0.05714219835900805
2025-08-04,0.02161627614580501,0.02193593634477073,0.034102588965732344,0.010325034637333516,0.01591919489716871,0.05587732713503071
2025-08-05,0.021224122412168867,0.021321567162528185,0.03603891381281255,0.010235722300726398,0.015752507321316316,0.054510375840838246
2025-08-06,0.02100327972510828,0.02099086451166085,0.035370678444505005,0.01003498232810939,0.015679950193346684,0.053234641765851284
2025-08-07,0.020456347495726918,0.02033741435485912,0.03449014643217546,0.009835308699217341,0.015339836177342026,0.051948853218359015
2025-08-08,0.01968725444000519,0.01953960381646115,0.03305165779679501,0.009711796995579627,0.015177386453172046,0.050684492954655436
2025-08-11,0.01881880532348332,0.01867616110438879,0.03260977807782039,0.009791128675696049,0.014921868639304775,0.04957804661272374
2025-08-12,0.018017651719308053,0.01786040282953294,0.03148038746206074,0.010970328018432366,0.01526060626229019,0.04839395450387447
2025-08-13,0.01775846031339405,0.01728296309396518,0.03387289690978221,0.010741934853479313,0.01499145131563752,0.04737773983997066
2025-08-14,0.017265486641167675,0.016740703198627145,0.03251423785784242,0.010529928395842056,0.015075866604667185,0.04624190362615541
2025-08-15,0.0177696901661077,0.01701380216804419,0.03119259974466264,0.010423223899263081,0.015057009722569438,0.045125412203823156
2025-08-18,0.01806210097929763,0.016995858034528456,0.03090408737429597,0.010208416602721562,0.014740299335084197,0.044032886069870054
2025-08-19,0.017566170915223816,0.01665725049298201,0.029777147295951222,0.010006615106840288,0.014427941892248063,0.042976183023019185
2025-08-20,0.017753770103264333,0.01645807741026565,0.031526277170241805,0.009880434830458511,0.014707552767711856,0.04199695681552476
2025-08-21,0.01753642247216242,0.016526991391264203,0.030276837766398043,0.009849913168969205,0.014630185953551478,0.04098668462897005
2025-08-22,0.016891072830393084,0.01630202987353308,0.030105300076964672,0.009666474317335045,0.014440851983909018,0.03999556270328963
2025-08-25,0.01625010622081692,0.015654535927902,0.03212900424835772,0.00974039878854826,0.015216497987451203,0.03903543691861818
2025-08-26,0.016573713797016654,0.015801296133288453,0.030804044929720373,0.009549891911238671,0.015004088281016454,0.038102658632462205
2025-08-27,0.017769495829902993,0.016880555727867053,0.029635530092122508,0.009402964571803243,0.014690319406775247,0.03719258686627487
2025-08-28,0.01758327750351593,0.016616630056338056,0.0326776236715973,0.009268357204022793,0.014388668212539186,0.036338689748151236
2025-08-29,0.017000920006637603,0.016141762607288355,0.032296508881285636,0.009230219823064885,0.014370484454438686,0.035536961878304976
2025-09-02,0.016629145380606426,0.01568736482288819,0.03140618555508057,0.00938140595975554,0.015161923603773848,0.03477457021768375
2025-09-03,0.01769097692116788,0.015755061579483906,0.030139809859676507,0.010198946049466995,0.015578185748627507,0.03401860164583239
2025-09-04,0.018803889997499428,0.016746456710736494,0.029415296195378478,0.010292902065309811,0.015442804113410962,0.033208872318933456
2025-09-05,0.018189857569346032,0.01633149073536823,0.02825420745061244,0.010217242106798332,0.0154880773022538,0.032581827238237375
2025-09-08,0.01931123428277467,0.01722703883729406,0.02727532375454492,0.010358467489666602,0.01517258144262817,0.03180589653893003
2025-09-09,0.01855994451495772,0.016682060635372503,0.02652945098813803,0.010235773728547377,0.014961839568609178,0.031050280985706884
2025-09-10,0.017859010446077513,0.016090866218771187,0.025644699082422298,0.010029976604205184,0.014939893535210906,0.03031564541615771
2025-09-11,0.017857930150681794,0.01625888960884822,0.026183564584802973,0.009828875359934961,0.014681506989844738,0.029679369654199494
2025-09-12,0.018393939176003918,0.01649886678649649,0.02699570433312638,0.009645157176434828,0.014681613201371237,0.02903299140571253
2025-09-15,0.01768390745125302,0.01608339080457797,0.025967058683734244,0.009479205044251619,0.014822420240827949,0.028347570546918843
2025-09-16,0.017215436236972966,0.015579098807642482,0.026979324990744354,0.009467064713350778,0.014519127602518923,0.027839331474257715
2025-09-17,0.017550486412964153,0.015686137963206843,0.0265799841475362,0.009290785370956968,0.014212931012100385,0.0272049251444441
2025-09-18,0.017029954545374957,0.015285671592902257,0.02557124846902013,0.009127696083747442,0.014473548243765358,0.026718980809284143
2025-09-19,0.016566806051187107,0.014915340779775748,0.02944733133392947,0.009230085234717219,0.014166869135668565,0.02613174734472437
2025-09-22,0.016603262765240476,0.014824066438350101,0.028776289548334003,0.009181473945426582,0.014542957413944268,0.025551663950078955
2025-09-23,0.01598170038051097,0.014298342531000452,0.028996576379491695,0.009778140525712653,0.01565085015119109,0.024957159942900643
2025-09-24,0.01584440705071026,0.01462452040149956,0.02827351811187977,0.009819214526405584,0.015432041938466305,0.024382649977723193
2025-09-25,0.017075095512570873,0.016006887424500793,0.02716710886214908,0.010008311971015522,0.015241504503422628,0.024957869728424464
2025-09-26,0.016412122229002107,0.015385009982255404,0.02654186973092532,0.009809823776007118,0.015608817662459607,0.024492141573479103
2025-09-29,0.01616627901750508,0.015121703210566018,0.02656651070910587,0.00983207176374245,0.016989548232913276,0.02393380844921602
2025-09-30,0.019240445011817237,0.017597339916182834,0.04967805871571475,0.009936374978441288,0.01670486812662463,0.024003657275171487
2025-10-01,0.01923948768757569,0.01744681791202719,0.04753148849425297,0.009790356508815712,0.016417590826618617,0.023503867729343462
2025-10-02,0.018676944592978997,0.0185278952651927,0.04788724704625439,0.009694242490570175,0.01678657103954918,0.022987511760366598
2025-10-03,0.019170509292612128,0.01873924770036197,0.04582715324233996,0.009632320464234729,0.017530648785823787,0.022640323487088585
2025-10-06,0.01844052874345152,0.01802404062425026,0.04503703566617114,0.009683630368525957,0.01873273584385558,0.023101398108136276
2025-10-07,0.018117174481783918,0.01781145682197259,0.043117914810143924,0.010123524187933558,0.018426513557643628,0.022767973099690014
2025-10-08,0.017369480547756208,0.0170565545495798,0.04299581841235776,0.010017348623566773,0.01848616042241491,0.02238567959756474
2025-10-09,0.017155355493753632,0.016767394075858016,0.04361995941562605,0.010380844500643112,0.01930895346866092,0.02187497091723153
2025-10-10,0.017370355181398955,0.016844215543115354,0.04209947863354833,0.011373377529321407,0.020655029957810263,0.021409698713917034
2025-10-13,0.02170883179198453,0.020289258013030036,0.04311967175427367,0.011224366405397977,0.02015675084781513,0.023010485676561707
2025-10-14,0.020902770029212477,0.019569518888936474,0.041218133352864915,0.012880473556347544,0.024527691242858585,0.024819029435744752
2025-10-15,0.020422116224492446,0.01928077221067427,0.040399294665295654,0.01266702299791098,0.023923201563861598,0.024753855369069003
2025-10-16,0.019656717641436384,0.018594169412832963,0.03864861990351781,0.012513078886690645,0.023558578500025646,0.024183222837778434
2025-10-17,0.019344844136507767,0.01832538824295396,0.03782231108615631,0.01320800000906013,0.02443597050233716,0.023632765588957088
2025-10-20,0.01850371618054667,0.017566677695044452,0.036855374854950655,0.013658587996461918,0.027485346049266578,0.023117538674877133
2025-10-21,0.017727889063256813,0.01689730705765439,0.05076848386131842,0.015085688028731234,0.02734521479689903,0.022753539589908122
2025-10-22,0.017074862600449544,0.016273974343906743,0.048912177192141255,0.019182077008447117,0.03140464618540729,0.022420390893939733
2025-10-23,0.01678563865233351,0.0168543285918638,0.0467483250154261,0.018831778498782575,0.030587418165897495,0.02194482286299523
2025-10-24,0.023549233464431697,0.023060399977422,0.04564337042897356,0.01879404200950842,0.030166650140316435,0.022015631068500907
2025-10-27,0.02245752085684744,0.021955715110947467,0.04375561785774417,0.018322389702675503,0.029389148845823533,0.021518744579003993
2025-10-28,0.021413807261296477,0.020982834441260326,0.04355635687742703,0.01884402311723871,0.029876927120023725,0.021114008561294095
2025-10-29,0.021340636770616195,0.020882241345831668,0.04251934992408949,0.01846645787027761,0.0292251559553263,0.02063711677671895
2025-10-30,0.020407410852412596,0.020063480290610874,0.040723636017559704,0.018019317231812555,0.028606507258215282,0.020508285335696614
2025-10-31,0.019486116649151855,0.019155414958871783,0.061519818579368196,0.017586007812722956,0.02806007521613155,0.021021716622425832
2025-11-03,0.01873545289889782,0.01830817153258513,0.05996560265064479,0.017178029082879326,0.02741384099945281,0.02055477261659796
2025-11-04,0.017940387604353538,0.01754413596082594,0.058072586263489885,0.01677218867018558,0.02671643141111984,0.02010902774753184
2025-11-05,0.017420436928232187,0.016960148536932743,0.05564300135976873,0.01659544249801447,0.026278548196485563,0.020309176356539706
2025-11-06,0.0175258811736988,0.016901115540708903,0.05366859725268946,0.016266849551196588,0.02583733703815271,0.019911867718331568
2025-11-07,0.01685941109268751,0.01622863811043052,0.05193819015947478,0.015866113724893396,0.025183271490895765,0.0194830275935505
2025-11-10,0.016284414323040293,0.015626561054675366,0.04965994542619692,0.01550603469992513,0.024567361965356745,0.019053726416382775
2025-11-11,0.015791883569750007,0.015161065639810485,0.04743025044568028,0.016156139249499588,0.025873861724214797,0.019621637684099483
2025-11-12,0.01590790377731076,0.01550410628044092,0.047791833350369656,0.015761764658421665,0.025290596718758836,0.019253824457202515
2025-11-13,0.02055032894986899,0.019195489980838712,0.0456882780614147,0.016106472461766216,0.02725570024220717,0.01889897939304199
2025-11-14,0.019637096518890274,0.018396864984051565,0.044247991135434955,0.015737976222258542,0.026580690946202273,0.018482743309625838
2025-11-17,0.02013728591772314,0.01882416950368394,0.042608614553717984,0.01615872952487935,0.02802695072099217,0.018148545584400422
2025-11-18,0.019266582829084257,0.01802705753847079,0.0430369917112636,0.01579585414361836,0.02730726550468676,0.017875672658757003
2025-11-19,0.01889831111426645,0.017558439039976875,0.04113034373041025,0.015415034361621895,0.02661976992640478,0.01756127801808395
2025-11-20,0.019402989403549818,0.01815074791287396,0.04110497643709603,0.015059478345478737,0.02598287610019672,0.01728199348463672
2025-11-21,0.018639868161040796,0.017386808098647007,0.03963424405112599,0.014740092812836905,0.025436961412631104,0.017036318634799187
2025-11-24,0.018833585359256815,0.017174868325243994,0.038534147891494494,0.014417801897691193,0.024849330125363115,0.01679169919259994
2025-11-25,0.01847964241899979,0.016925084847215457,0.036922917351604446,0.014090995979819332,0.024293477669252474,0.01655313912595717
2025-11-26,0.018394364008797147,0.016849849706271878,0.03634079613175934,0.013949697532389688,0.023847299179052327,0.01627364421241205
2025-11-28,0.017994565376524156,0.016463749976683765,0.035901020918292836,0.013675242316755742,0.024753049283129692,0.016497220397475088
2025-12-01,0.0172711516987762,0.01580547410594345,0.03907625040008148,0.013596299687898585,0.028089932654408373,0.016468923019366744
2025-12-02,0.017057792534229347,0.015195243985913025,0.037617588640866714,0.013312325934663017,0.028414564546535574,0.01617236242245387
2025-12-03,0.016833756796597873,0.01508496766410523,0.03635199299764331,0.013271706999657297,0.027734395615597006,0.016008302627971604
2025-12-04,0.01625808883515447,0.0145607825594671,0.03603996940467457,0.012975374945887479,0.027024036338777143,0.016714161481699626
2025-12-05,0.016085190875919045,0.014324642508139758,0.0347276708824562,0.01268822575223292,0.02666423051517298,0.01637293027386067
2025-12-08,0.015630234636039776,0.01401634963693866,0.03572636618415783,0.012398472869573969,0.026685017272956527,0.016402495872151982
2025-12-09,0.016448402505930493,0.014951156945919315,0.04086565575027599,0.012191408545315377,0.02612228343183619,0.01607167755842412
2025-12-10,0.016233797421745053,0.01468444908026077,0.04462500100458062,0.01195114272537269,0.027008705832932703,0.016483379416562242
2025-12-11,0.015668382063633256,0.01421224192995462,0.04265056718096747,0.011699435013611625,0.026329212165896537,0.016190055439837106
2025-12-12,0.01588260968486823,0.014538636715542166,0.04778869397430183,0.012216852025983174,0.028639375288937282,0.016896256605827286
2025-12-15,0.015352683192676533,0.0140513414889606,0.046437770057002246,0.011959215104816462,0.029364754530011927,0.017465492865929456
2025-12-16,0.015263639961893598,0.013894516086946467,0.04499426181425166,0.011695706030037363,0.029157787160351334,0.017218997746164318
2025-12-17,0.017239474938766645,0.015991082076751324,0.04406402443880549,0.011439508509185532,0.028418333406924637,0.016974581207052444
2025-12-18,0.016957512924449646,0.015854864699956856,0.043366579899954544,0.011365980122619126,0.0302636484651043,0.016871435365912936
2025-12-19,0.01633418694940715,0.015252191405761763,0.042384906698579104,0.011128450016990345,0.030010650005663456,0.01651137256897109
2025-12-22,0.015958929389678408,0.015043260409477323,0.0409070077294895,0.010933210679493979,0.030212316776570446,0.016397401757099927
2025-12-23,0.01702218599286205,0.016583241144518333,0.03913813341084278,0.011370714212763209,0.029636081486131668,0.016051017556270638
2025-12-24,0.016465307911565655,0.015981192289282208,0.0491085736199483,0.01125363521633515,0.030037656907432795,0.015778785900355113
2025-12-26,0.015854274735706046,0.015376945720911044,0.04831094003743439,0.011012061672971227,0.02930922049260562,0.015470950186317674
2025-12-29,0.017755532823767045,0.016937782586388173,0.04691694927148494,0.010991767871935511,0.03296751880193737,0.018082517629117254
2025-12-30,0.018501587217870496,0.017508920828992126,0.049592496251630404,0.014426214700902223,0.037948954159253596,0.020447648437548
2025-12-31,0.017745530959611046,0.01677534185237918,0.0688096035197156,0.014233682451431433,0.043401061732941726,0.021824276700828267
2026-01-02,0.01730326956029465,0.017022885937117357,0.06937392247768824,0.0140662792998599,0.047593363244595725,0.021632977292175316
2026-01-05,0.016636079458987242,0.01633405279324432,0.06637190329395312,0.013746247649539663,0.04633871203383505,0.021144618802158375
2026-01-06,0.01686281983958338,0.016478775286169194,0.06379174319040323,0.01459440212848178,0.04821076123475201,0.023050814910145285
2026-01-07,0.017543269331915298,0.016750626177832614,0.06270800748950658,0.014389241543613292,0.04853401590188269,0.022715698946642545
2026-01-08,0.018069777524753923,0.016544441274595974,0.061702758585621964,0.014135973453396147,0.04820389402653775,0.023317399805047004
2026-01-09,0.01984570757191153,0.018934460521971386,0.059742337088142854,0.013800522899005163,0.047450632918332424,0.022896831323785487
2026-01-12,0.020283082205377983,0.0192799901306106,0.06104177439823035,0.013596803875699644,0.04773675959193268,0.02270474821423171
2026-01-13,0.01945760668249529,0.01859258517979588,0.0621868421203271,0.014232195866648898,0.04901089648244649,0.02263986162331609
2026-01-14,0.02044944853957862,0.01935395466328684,0.059303680649886024,0.013913810453963504,0.04781176401655811,0.02212921611894877
2026-01-15,0.019990586498948297,0.019124099751821513,0.0629583615429376,0.013678971645748793,0.04820321583954081,0.021664923229788576
2026-01-16,0.024254206592392084,0.02263474341283389,0.06003507632206916,0.0133677282230652,0.04697618562856829,0.021283788310950586
2026-01-20,0.023080321624954908,0.021622842612660117,0.05731020917448113,0.013123251270442074,0.04667540716117764,0.021570064274402043
2026-01-21,0.022434269152975136,0.020944078908553473,0.08824065753635411,0.014860952206128281,0.04782358504495555,0.02108940299288115
2026-01-22,0.021400513107756633,0.02002693199152783,0.1072086002114702,0.014819978732231143,0.046789583179552015,0.020676484557284186
2026-01-23,0.02151203678433135,0.019981581147752666,0.10260548867043434,0.014814164098032883,0.04640180287987266,0.020215944626352768
2026-01-26,0.022321395247349468,0.020951741617314956,0.09862156660768216,0.014717809054768072,0.04652828480722409,0.02064883515916076
2026-01-27,0.021398418102746758,0.02003690307435502,0.12104860620274431,0.014964023838271293,0.05390843234734472,0.020340525093971912
2026-01-28,0.02225181794180168,0.021227151064885326,0.11544984608481887,0.014602943368980723,0.05591296555598421,0.020638144825951645
2026-01-29,0.021559181022931563,0.020578483168368727,0.11192989121821606,0.016738610262447363,0.056563774210378434,0.02029725565118785
2026-01-30,0.02317085528028381,0.02216650619181117,0.22133591649802667,0.016333910651275516,0.05507036765313151,0.022099297170378077
2026-02-02,0.0220768177352201,0.02111806708917006,0.21303851603716897,0.0296891137532092,0.09953113781194121,0.023655470805828496
2026-02-03,0.026083992197276765,0.02848767546926646,0.22159018141669448,0.0291912207683507,0.09692267097707033,0.023365638288065288
2026-02-04,0.025299548381825656,0.027447951097524795,0.21102031248065603,0.030907403183046984,0.09589242580759023,0.024584412534331888
2026-02-05,0.02577716205744973,0.027789606262962323,0.20131541256028426,0.030089143449626606,0.09333312340772017,0.025418760151700585
2026-02-06,0.026170851162432854,0.02781853219822238,0.19165787091525008,0.02939954033785912,0.09324368872855421,0.02484786691804418
2026-02-09,0.024859044777006463,0.02650295968216002,0.18259389939771936,0.02885822675909965,0.09071146677056673,0.024376676855576464
2026-02-10,0.02392294705227735,0.025561968181676255,0.17577052547832125,0.028383122629935743,0.0895054599422804,0.023980707603363186
2026-02-11,0.022844032814217718,0.02432427185752303,0.16733313526502921,0.02770255784604441,0.08722281501764127,0.023493685445994048
2026-02-12,0.021965196430726173,0.023283542651887052,0.15934293693615015,0.02710510432741274,0.08539569796454377,0.023025332037447815
2026-02-13,0.02280304547843237,0.023803841265449887,0.15178302702644536,0.027105862931991544,0.08620576057347605,0.02338149822554136
2026-02-17,0.021703608250577627,0.022669352276467672,0.14451415234952447,0.026693913728274232,0.08413111988689832,0.022855656612206607
2026-02-18,0.02090054417239338,0.02164851286847692,0.13909252927537685,0.02664647586458453,0.08287345254684635,0.023087563025932036
2026-02-19,0.024379230284964824,0.024497501880472828,0.13243922979498285,0.02629296543882539,0.08151052988588205,0.023294013677738507
2026-02-20,0.02388024438170536,0.023978612684434814,0.1261037655281258,0.02560407950021041,0.07929915497241981,0.02287847524482756
2026-02-23,0.022706433405940096,0.02281488876578732,0.12017035702816817,0.025157033995433377,0.07826111579457348,0.02264191950295724
2026-02-24,0.021620873008074616,0.021761034120245822,0.11459598959455775,0.025172572191722545,0.07695649467214509,0.02222575166733807
2026-02-25,0.020891226492840875,0.020993600425002937,0.10936146861779564,0.02459402747952998,0.07490810992562213,0.022356565620359935
2026-02-26,0.019966706654282497,0.02002300874536578,0.10428400692574252,0.024028294354135112,0.07339452865267558,0.021931867571239504
2026-02-27,0.019113262592480765,0.019123147893160247,0.10041882492160482,0.023433202695609685,0.07208874320059463,0.021465247908608327
2026-03-02,0.020163892636769293,0.019739251127131142,0.09569475214232336,0.02291593107666302,0.07153903825063536,0.02107044121976915
2026-03-03,0.027129855046099677,0.028829374809077192,0.09173205221922258,0.022452583432489695,0.07044364313430256,0.020959429281917696
2026-03-04,0.029427739651020583,0.030866136722148572,0.08787295796723374,0.023124050952510546,0.06994905443336649,0.02094593383468498
2026-03-05,0.027869117063812118,0.029271381263591398,0.08485826549382286,0.02252555553042681,0.06806073545344558,0.02067481742386068
2026-03-06,0.036826963875192555,0.03153770038518826,0.0813042032617874,0.022060169363509307,0.06627022519660844,0.020546118218386426
2026-03-09,0.05025794794430073,0.03928778298238949,0.0794629878834664,0.021726207708589743,0.06473205037945275,0.020084792632732214
2026-03-10,0.049113611057392814,0.04240264379462113,0.07598452858638244,0.02128586189830584,0.06298556678008174,0.01969493742414951
2026-03-11,0.06145183578044605,0.05492998642367855,0.07308287749313448,0.02144734342464931,0.06264820702621213,0.01959787612341374
2026-03-12,0.05950373491627094,0.053890036637648395,0.07198296260152771,0.02104799064976762,0.061822001189653975,0.01927855836255371
2026-03-13,0.0631693600527521,0.05787834488572772,0.06863875731191192,0.02061727687608291,0.06016272772715545,0.018868099302887856
2026-03-16,0.06022253918736343,0.055297306840412466,0.06615041048896128,0.02026068879769341,0.059410623614563604,0.01888370024014789
2026-03-17,0.0592887099508286,0.053051780196764264,0.06395959433030747,0.019896099076633412,0.057837407365388505,0.018665266888339936
2026-03-18,0.05652376886195512,0.05108919685271213,0.060988918354118925,0.01938830285879835,0.05631696094298551,0.01840657296571254
2026-03-19,0.05323045352144521,0.04968481074231264,0.05824121827176148,0.019474930447742365,0.055189313738152036,0.019111535309222695
2026-03-20,0.05014783317411098,0.047112167613534595,0.05638531287451307,0.022831222975698225,0.05699991534848214,0.019254019986585626
2026-03-23,0.04775703636764002,0.045646072772310954,0.05423383957725646,0.022283059234148445,0.05568259543696799,0.019157675655705548
2026-03-24,0.05689272146268263,0.05637932330335318,0.05570732951103575,0.02304434828334988,0.054193703134341735,0.01909698529993989
2026-03-25,0.05553786838185216,0.055047450245703046,0.05340611223765992,0.022445590347923493,0.05274133572448317,0.01868778117623483
2026-03-26,0.052799410071616634,0.052492522520151436,0.050967960010603025,0.0229243291996511,0.05223397473511288,0.018711565918841176
2026-03-27,0.051692115132590255,0.05249538154656754,0.04886981906424129,0.02377053722065253,0.0529860550640991,0.01857317663924502
2026-03-30,0.05146964228508929,0.0512563468007018,0.04759171129562139,0.02376423862989342,0.051919035003889495,0.018180595137854572
2026-03-31,0.049502733487422595,0.048458780062465456,0.0500812783492596,0.02319089853717774,0.05058531063986764,0.017786320643127098
2026-04-01,0.04689594099474225,0.0482072528038025,0.04780804370484931,0.023227554694531905,0.0510232194812187,0.01789007469861835
2026-04-02,0.044397345798788644,0.06705820646779377,0.04617782983966309,0.023374960662066905,0.049775293942025324,0.017550611408183737
2026-04-06,0.05393833768802556,0.06750834173610008,0.04415541715509853,0.02350433848076962,0.04934763939363869,0.017326467214618266
2026-04-07,0.05085722148598944,0.0638042799461386,0.04220005665231237,0.022890990984411018,0.04802586113726526,0.016968913505696986
2026-04-08,0.047936139825324194,0.0603000392918091,0.04079968730730522,0.02229480277167151,0.04681217854797043,0.01667371638207317
2026-04-09,0.07266350079148017,0.07241319250624965,0.04209196365835476,0.02208107734664217,0.0467080736959472,0.0181231211762074
2026-04-10,0.06928737625751472,0.06849876096087282,0.04069466731977772,0.0215822048355477,0.04556372631567998,0.01773381758992747
2026-04-13,0.06535289886316764,0.06475264200833455,0.03899288472748225,0.021069250485584886,0.04434705433422146,0.017886599583394478
2026-04-14,0.06202393282247768,0.0625989970775322,0.03737843979906737,0.02054639066800146,0.04322915807825223,0.0178783096663539
2026-04-15,0.06396465442720135,0.06097419264539722,0.03592086546631346,0.02032317213679675,0.04352230844092726,0.017784952140620314
2026-04-16,0.060210036139253645,0.05761436365170167,0.034407171737767424,0.01983461355945775,0.04236339977430748,0.017399130081274878
2026-04-17,0.0578226620307914,0.056283316968831744,0.03321429710147286,0.01934000107527983,0.04131259577431174,0.017025639049693713
2026-04-20,0.06676856721502192,0.060980192844929046,0.03196475022011158,0.01908968770501558,0.04114413880372519,0.016706014731003263
2026-04-21,0.0662105325159128,0.06009409046176642,0.030688086491971776,0.01874040485543163,0.04035516650657476,0.016519651859900893
2026-04-22,0.06290853548599878,0.05758567254110068,0.029452309817160353,0.018881270540950606,0.04056520588678637,0.01621652214800204
2026-04-23,0.059279068072516906,0.05544422302204222,0.028401899201437528,0.018457507564382164,0.03971828562563308,0.01637860087458465
2026-04-24,0.05661993428203851,0.05324748073302074,0.02992462042724371,0.01803571909627061,0.039307576150856664,0.01610822251806122
2026-04-27,0.05355371299613498,0.05033666110737523,0.030673255925934194,0.017595060475337976,0.03835989310359414,0.015875727273640512
2026-04-28,0.05084510530168542,0.048324959431231156,0.02959091082057089,0.01728650379925492,0.03756752062267501,0.015545511216449693
2026-04-29,0.049222527709159844,0.046485866584098395,0.028422385428857597,0.017281834949123828,0.036975472967666706,0.015655764294918374
2026-04-30,0.050961383866765304,0.047648971335001254,0.02910501211040798,0.016989052723645245,0.036353074388789076,0.01538630071295554
2026-05-01,0.04833754694306971,0.04636678007345454,0.03092888677378441,0.01684904381574196,0.03590386128142993,0.015156808862074449
2026-05-04,0.04658558682189765,0.04686805438377594,0.029697884386273257,0.016441889964735487,0.03569123248504255,0.014846533442260577
2026-05-05,0.04592471745256534,0.04766165501834644,0.02994791311816005,0.01681676398779118,0.03580795357924276,0.015350400689784313
2026-05-06,0.045135809921907556,0.046864937550192574,0.029977085752204046,0.016475884162097127,0.03486548955720215,0.015911099874345448
2026-05-07,0.048488091782293054,0.0511774215601518,0.0294802216437408,0.017011566517803688,0.035687374864618676,0.01693111049804931
2026-05-08,0.04570938288026625,0.04853556883245168,0.028607332094248414,0.016603806176707956,0.0357069761496225,0.01657284296837675
2026-05-11,0.04313342429315413,0.04604435479055349,0.0275145081725076,0.016214260442058846,0.0348200570813975,0.016718501396736217
2026-05-12,0.04155883720502227,0.044425872689191806,0.030994922313499047,0.015815513622504395,0.036558021257122666,0.01722137568546986
2026-05-13,0.0412495765028992,0.043293244939528276,0.030570353538623946,0.015542347241377959,0.03560671344491559,0.0170031695861142
2026-05-14,0.0391005084169678,0.04145011486727212,0.029406653639247497,0.015185527511505202,0.03597851137902216,0.017300351794323023
2026-05-15,0.036906905022464485,0.03922308668748038,0.02839520457879805,0.014846930896494158,0.036491220269782416,0.01706881557644804
2026-05-18,0.037147507960396176,0.038503392835060136,0.0280865632064201,0.015517314987042978,0.041454887299306575,0.01963049271535013
2026-05-19,0.036318604377160876,0.0373020738577863,0.027722237612544533,0.015140710150662729,0.04035402118885459,0.01920446819981183
2026-05-20,0.034415529655988354,0.03540118958466108,0.02803775299379112,0.014934125918813792,0.039834911400415104,0.01912629769428775
2026-05-21,0.04384672671371224,0.03815626793187566,0.02907338632378219,0.014613595541625835,0.038895421945912265,0.01915954315897776
2026-05-22,0.041838437477792534,0.03688388343935869,0.027948200468648363,0.01426679260862077,0.03790081026982351,0.018771250200767843
2026-05-26,0.039473583056125354,0.03504004486140405,0.029169483738519738,0.013958039665053072,0.036931237322059766,0.018565730152303107
2026-05-27,0.038368058188530264,0.035396865152996525,0.02804609417131992,0.013665739093196499,0.035976586337371004,0.01816756071951404
2026-05-28,0.040552503526590726,0.037669331720122885,0.03070641617706211,0.01358019683679488,0.03539244153271127,0.01787066703410092
2026-05-29,0.03826942146823232,0.035723156138156506,0.03751955903134124,0.013465093114081894,0.03459975040699626,0.017728435829624287
2026-06-01,0.03657513624505665,0.034310130799965435,0.035901863199884664,0.013430820475755091,0.0336915780459047,0.017388025505312987
2026-06-02,0.03839285048474255,0.03392368822588148,0.0359179420988189,0.01370738867564873,0.032859453258056746,0.017813052504045163
2026-06-03,0.03662561507723206,0.03230683573331302,0.03440677298139793,0.013397559243248139,0.032012901055642876,0.017863434877372467
2026-06-04,0.03536637113887906,0.031158302382750372,0.03323905528304265,0.013321834716024376,0.03166242671913761,0.01828723611221092
2026-06-05,0.03492027651364232,0.030920041291647504,0.03373543327614791,0.013128823799422075,0.030850976759238962,0.01791111306315018
2026-06-08,0.03414717952941667,0.03004433142736763,0.03380711683361728,0.014417587922390592,0.03364435327325836,0.019309388934283227
2026-06-09,0.032368607744599216,0.02874846134900869,0.03332468590126206,0.014073843578766558,0.03280713585411225,0.019002531879620196
2026-06-10,0.03256356326685976,0.028899958058621656,0.031941483230108585,0.014236298150691305,0.03383728112609546,0.018606408369506052
2026-06-11,0.03143796574688612,0.0279703293865933,0.030909670146818894,0.01583123731444219,0.032995383254212626,0.018288359601214423
2026-06-12,0.030915811813663513,0.028158562975360034,0.031138396556781654,0.015474078301683444,0.03222935030307762,0.01789092672245195
2026-06-15,0.031100200532752986,0.028842237178909186,0.030027319094239883,0.01630185488864937,0.03414456404843069,0.018372800374700203
2026-06-16,0.03347549845145746,0.031387972286339015,0.028925650211109315,0.016794939624427276,0.03400297195450166,0.01804495233903851
2026-06-17,0.03698808349525439,0.03395392372409675,0.02907207386226694,0.016378153592420522,0.03311614009496445,0.017652686670605326
2026-06-18,0.03504927977396736,0.03224932601161909,0.02932151398597116,0.01602388722400161,0.03234768488923271,0.01727286309329719
2026-06-22,0.03313070982969604,0.030589424827775605,0.029324255362600336,0.016956204842563286,0.03467248064932694,0.017261817970586152
2026-06-23,0.032235676175811204,0.030049652121105726,0.028209334066695912,0.016673297144870074,0.03385301305546721,0.01690238888547904
2026-06-24,0.03129389406423175,0.028707589761861142,0.028914947426080393,0.01647607053716686,0.03517888603675256,0.018050777035609412
2026-06-25,0.03226780682433208,0.03060988287911638,0.028612321491483107,0.017603563299693367,0.03729797442581962,0.018946385010780144
2026-06-26,0.03127959651084785,0.029702632137665858,0.029637317395148858,0.017279351485830693,0.03633044276321859,0.019039009261597652
2026-06-29,0.032024680680891614,0.03146108756754756,0.030277458653623728,0.017016985424317167,0.03552481894358846,0.018770038832006928
2026-06-30,0.03102388752081691,0.03022985995515734,0.02944714478546456,0.016853867524957843,0.03481781713564034,0.018421383791587462
2026-07-01,0.029926850643082568,0.02869422875312969,0.029569416195251313,0.01643519947524317,0.034258291807520436,0.018296093748677664
2026-07-02,0.028671227484248562,0.027873284152048733,0.028858115976572406,0.01618700894126285,0.03343556572688731,0.01805309524134399
2026-07-06,0.02716467669346342,0.026477659118464954,0.02781462171675153,0.015938127637746425,0.032624500742792134,0.017663247793673793
2026-07-07,0.02577173510431774,0.025163989658264573,0.027104145923282294,0.015682399288741752,0.03210801097232034,0.017409174506339612
2026-07-08,0.025875881825130804,0.025626684373951315,0.0261205266596524,0.015309328211230797,0.03147787496163339,0.017035841776170388
2026-07-09,0.027963542938108776,0.029015763083665193,0.025633616728191085,0.015417904603070038,0.03236750132232701,0.017150859741861257
2026-07-10,0.027271989158563617,0.0284274052872876,0.03142477075518241,0.015328568399157043,0.032600544975115886,0.017632571008245137
2026-07-13,0.026047018299173632,0.027012827556811714,0.031028718603760993,0.015021656427122308,0.03182030203787548,0.017260648918263764
2026-07-14,0.03759784740263077,0.03837905865689925,0.03010688558131871,0.015671996713172293,0.032076993878316376,0.0168895767789642
2026-07-15,0.03580344532661963,0.03670688112712901,0.028899808226007018,0.015625733296169356,0.03154102321722497,0.016830964865268503
2026-07-16,0.0338329857133882,0.03476765006438567,0.027823818904955062,0.015273329196498263,0.031381911943312524,0.01651896580695195
2026-07-17,0.032099667877341045,0.03305249454847602,0.02763433308956376,0.01521768547167645,0.030939720142766997,0.01616874806725149
2026-07-20,0.033313125796537946,0.0342910239063633,0.027111056217161957,0.014908552660179908,0.03014065681789424,0.016035962408890207
2026-07-21,0.031606387771763514,0.03271659180237867,0.026626201037556446,0.014550327937702523,0.029512858436665047,0.01591115662026575
2026-07-22,0.030527370959062283,0.03160638731667285,0.025615303622027446,0.014525174661706506,0.029795656469519538,0.017019004912903254
2026-07-23,0.029707411285579702,0.031669022524748486,0.025413188805687447,0.014665488886236524,0.029360152284386314,0.016770754449401567
2026-07-24,0.03382440850389568,0.03673842938622376,0.024491817820616237,0.01520785763784222,0.029816171660806565,0.017103711966580167
2026-07-27,0.03356432234729021,0.036962491958964686,0.024083637750517077,0.014873040099454315,0.029227940755674867,0.016743075384943875
2026-07-28,0.04030144882561082,0.04517757726299934,0.025784252979655985,0.014517388646151012,0.028482225006668697,0.016396847950433675
2026-07-29,0.040278614337588205,0.04548638185170256,0.027459078696024243,0.014313094863825572,0.02811893065008446,0.01606129964888865
2026-07-30,0.042920232714478,0.049120632702631443,0.027293805473139955,0.013972847540099378,0.027482794170174282,0.015809963333181205
2026-07-31,0.040627636876919816,0.04683684987738215,0.02647606562648709,0.014026769136425067,0.02702243370558467,0.016448048468415893
2026-08-03,0.038531859204556713,0.044448742004877584,0.025503744038434913,0.013950635963684059,0.02674860957482017,0.016102906148878545
2026-08-04,0.040058702165785845,0.04790108260556509,0.02481837594757973,0.01364785214532864,0.026067172665899765,0.015956386452968388
2026-08-05,0.04217648400576063,0.04838535674875205,0.026325407218388643,0.013677735544565972,0.026962800067891667,0.015961349599188147
2026-08-06,0.03986171681437448,0.045752873476919115,0.02533505915671224,0.015269367544003341,0.027307450477982526,0.015841875794493483
2026-08-07,0.03854882579809248,0.044812624241519196,0.025014550670691197,0.014900940374370186,0.026716155628412702,0.01552028143539778
2026-08-10,0.03655293048622292,0.04256644822315209,0.024214410651857178,0.015280622950614553,0.026894994567868914,0.01564308349832581
2026-08-11,0.03781282792276148,0.04302298988779296,0.027464676275265654,0.014939018961592025,0.026918256026784926,0.01533460702363721
2026-08-12,0.03591617053173272,0.040910686283488415,0.02657408347694358,0.014608573695893459,0.026256620550688482,0.015026885122240858
2026-08-13,0.03392746013994453,0.0387153608795358,0.02585833281164505,0.014304773523896747,0.025727323091016538,0.014728426078764154
2026-08-14,0.033037421005314975,0.03729057451233044,0.026295108005510524,0.014137308455642893,0.025183886017098294,0.014430838801769694
2026-08-17,0.031528530250817165,0.035670987728442564,0.025306297063531227,0.013820873635540677,0.024549621232539072,0.014141945040661874
2026-08-18,0.030829360768262863,0.03474272395257718,0.024852488268202192,0.01360085063298941,0.02423682547407621,0.013860808233472868
2026-08-19,0.029212697533920178,0.03291623218745152,0.02571276841577169,0.01351730532606614,0.02478656795986986,0.01413899264720405
2026-08-20,0.02784366172597731,0.03125826687868769,0.025072068446247556,0.014380370634600624,0.02493151031655852,0.013858090421710954
2026-08-21,0.027334507857552787,0.030498889790139216,0.025735027049341906,0.014085779917248293,0.02547009491655172,0.013616600195196964
2026-08-24,0.026085168986397133,0.028990627508077557,0.02513902320441621,0.014570758793391876,0.025257089696535052,0.013874499330904497
2026-08-25,0.025927111178259042,0.02852563173686216,0.024228208568894172,0.01423785580612732,0.024800472458224795,0.013613078848101454
2026-08-26,0.026634132771989102,0.02983035262961659,0.02339832141366693,0.013900423479404653,0.024176320128210037,0.013777832209657588
2026-08-27,0.025273662016366966,0.028429335019664312,0.023829977048429117,0.013698765475941335,0.023664341253146683,0.013989815416776042
2026-08-28,0.02447269894363738,0.027745121019900426,0.02394121415238727,0.013384443592671604,0.02353659570458864,0.013715667985190244
