,PC1,PC2,PC3,PC4,PC5,PC6,PC7,PC8,PC9,PC10
2015-05-01,2.7429443077930866,-0.7225142901324881,-2.0179574065528816,0.09755175405407504,1.6691009751836028,-0.030624813515131428,-0.23244436624179898,0.9504747380584326,1.6565739105050648,-0.5457128853855183
2015-05-04,0.3274673773724344,0.5879333749969781,0.12572081614554345,0.39032413639987795,-0.09387289478661295,-0.15424816468532843,0.184691208356968,0.3753647294002045,0.5923021560902538,0.9136610483881155
2015-05-05,-2.789895887149932,0.8546077509516613,2.2567848887334407,0.12807847419425564,0.8040461228413895,0.0409346781850168,-0.2282790899569543,0.24194772227239048,-0.26781139857040376,1.041069669998093
2015-05-06,-0.7801955680414363,-0.4953760193095811,0.5994263955337834,1.185851752409219,-0.024736753778783174,-0.14235448923839808,0.41403730963904084,-1.0137221177920512,-1.1085918092391036,0.8451083946375543
2015-05-07,-0.7055253296069902,-0.5091108163509076,-3.024102834501306,-1.2981490817577588,-0.37008487814171265,0.19717550221645694,-0.14255925456723317,-0.41018432396083904,0.22619231126000724,-0.6217241488484891
2015-05-08,3.324239661288187,0.1670985184063592,-0.5313873097262056,0.7702747688111711,-0.9230644541912816,0.3336981181542251,0.9456381405689639,0.775372777996873,0.15639303898426893,-0.20774411227874942
2015-05-11,-1.7847615825465297,-0.18043730532508892,-0.6580485504180001,0.1966114569061449,0.35409498632558567,0.3889991103692123,-0.79088345492423,-0.2901195205144839,1.5992713141401103,0.12355946125222146
2015-05-12,-0.2180523021104043,1.2908927417079534,1.5845212321532007,-1.1285710495870642,-0.5755071255635937,-0.1913414617695522,0.4478737914392975,0.8576035896006007,-0.6354727335088907,0.4951016386363227
2015-05-13,0.22804673888861005,3.426898922852369,0.09988266993171244,0.01434451252676199,-1.1141819625897271,0.42017420994729715,0.5114794661943289,-0.26001366953161215,-0.19540624262752618,1.6957920634190278
2015-05-14,1.7890943422451737,0.3673659690375707,-1.357582613378248,1.3437256714922967,-1.3329415619887452,-0.9614329057967677,0.15354561315971652,0.09480547141228951,-0.49779608433872197,0.20104056067343912
2015-05-15,0.3494546195811282,0.47622357712654984,0.07843286011673714,0.3923988359708029,-0.9043640071795961,0.46475716520190585,0.3157824264316783,-0.43966900327735525,-1.0205546907390446,-0.4384631812673513
2015-05-18,-0.007612538982130909,-1.026888920382524,-0.31215186267999545,0.878950082314968,-0.9913986239736895,0.16835522901380606,-0.8715327164713167,0.09201253802963795,2.59283541857982,0.6861566571685972
2015-05-19,-3.225279173196483,-3.5931052691716703,-2.189782852752163,-0.908186002649575,-0.04190946699275677,-0.8757088752379332,-0.8648534152193234,-0.00391443422972587,1.4706269762521893,-0.8725404959652814
2015-05-20,-0.8124132637363973,0.4059222239956421,1.3930202438754606,-0.7917766547659938,-0.8070668723217401,-0.465469175511439,-1.0870842900319964,1.3593049812910167,0.37518940760951824,-0.5616052727506972
2015-05-21,0.8543950672648531,-0.6424743215171093,0.6857636955750978,0.8242994699397131,-0.6416250489191658,-0.07872432884367123,0.018987580641839318,0.8715495944532919,-1.4441056336032325,0.1497562867374056
2015-05-22,-1.6874705035934974,-0.8524592714032815,-0.8165112917256055,-1.383405446769999,-0.0874750726662142,0.3108671055189427,-0.6854216626770001,-0.014094833841278779,1.5819657798207067,-0.2226653278093716
2015-05-26,-4.9269251184356895,-2.2455961625507057,-0.42793169678594434,-1.3662886853445586,0.7829410086168432,0.15481612831916497,-0.3592472023295057,-0.06139409802413817,0.5916350018676849,0.14735801456615982
2015-05-27,1.342373187297783,-0.3797752260332158,-2.2463821455034045,-0.4524217097459802,-0.9973497497895106,0.27079716315561253,-0.01340680240101619,-0.2684142880125465,0.23448079580889425,-0.4632101044610801
2015-05-28,-0.42713780327611817,1.012464421913389,0.3726441031962857,0.20735241718257078,-0.4123847064673963,0.3097690250539976,-0.7939060917113975,-0.46286786858669426,-0.4263646834326206,-0.4488430325039937
2015-05-29,-1.657893353834697,-0.6617217781534503,1.8450904933551273,-1.0476054276088669,-1.860757020823144,1.3165636045697147,-0.6610761301785497,0.49316417757196357,-1.1180997599821212,1.0904307983177663
2015-06-01,-0.00027241741028978197,-1.077647387420645,-0.7659726839108929,0.8807311213439873,-0.6029569671966274,0.0377511470953879,-0.34425661390012097,-0.539064286469878,1.74635678141884,0.3403285231612237
2015-06-02,1.6755032085764032,1.6634720011739614,1.7817597247563273,2.135584335476874,1.101625688534631,-0.37285875037158794,1.011532743498053,-0.6252076351893914,-1.3604194231064832,-0.04213904326945057
2015-06-03,-0.3759067925318433,-1.6531433825106123,-2.0542075898497507,0.3654514466367042,0.4985732971895951,0.12639448067148631,-0.06938627097826401,-0.8366143110922072,-0.1063294400400506,0.5692798879234316
2015-06-04,-3.4756120283175953,-0.2950305827886653,0.050716659753159206,1.7297793819924305,-0.8493759152549097,-0.8004825479243864,-0.0065161138988924176,-0.9702883602006911,-0.20753265371233473,-1.1236196446910494
2015-06-05,0.3716109085214894,-2.267062636566731,0.5416975081898785,-1.0071611396931686,1.0565298094832163,0.2722060916871101,-0.7742393080161655,0.7496280345687137,1.3341904731601995,0.3185675319632711
2015-06-08,-2.1292414620586495,1.6501746486420108,1.1078772815269073,1.2380726187802273,-0.18192521837005152,0.20846525105918257,1.699269557456544,-0.4453844473508538,-1.0839322839696817,0.12998251602714544
2015-06-09,0.28613778911592197,-0.9404974119860317,1.2122294410983523,0.6972179464652508,0.8042677795525762,-0.28860669945617407,0.8820604879839141,1.7214830825294587,-0.620860027369345,0.940529095225649
2015-06-10,2.907119424743181,-0.10362664671825725,-1.077299578407028,-1.6926483161817871,0.662289283334331,-0.05894440901077486,0.48310841404619576,0.9281953839645588,-0.8405845710018702,1.2098719263213547
2015-06-11,-0.6729491951732332,-1.1189228080611535,-1.469504733442561,-0.9092994697432835,-1.6699221025947102,0.3958772266829122,-0.553242091649113,-0.3029813590606542,-0.3210562239541926,-0.5303583917171428
2015-06-12,-1.873384625018544,0.16962342358636348,-0.44727229556498366,-0.09692629776130186,1.3643596720056046,-0.004505776666168701,-0.16486334587492446,-0.6859714487004049,-0.1215509402515247,-0.07119508700272917
2015-06-15,-1.57876814405366,1.297835615078899,0.19013048415857758,-1.758985102221923,-0.7232013981556235,-0.2629410207754169,1.3183245259183494,-0.3950354693567302,0.4297700907304984,0.16387876854673986
2015-06-16,0.7913804712367466,-1.3550841954532948,0.446379826898601,1.2425495102614814,-1.2562313144820516,0.08752011776312696,-0.06423028784598679,-0.06780350080434043,-0.36482733856625726,-0.141337257345556
2015-06-17,0.5486768710662512,1.595087359141467,0.10078641926993133,1.0962685829734855,-0.21336606864624283,0.18259084277670148,-0.18224384630003715,-0.03503685339593474,-0.8860782018732587,-0.9087962118092949
2015-06-18,2.426982914269282,1.276377209295752,-1.1911762219020248,0.03712276737923816,-0.9108212727367541,0.24268293932843746,-0.875052490876629,0.17272695350731945,0.11066370476304488,1.3126312093854415
2015-06-19,-2.436260284141347,-0.9407444807387051,-0.7927031081934599,-0.5535676234642233,-1.2008015248628678,-0.12476253429597085,0.5955431951999774,-0.6926447751070638,-0.7553578093541025,0.3866794695244591
2015-06-22,1.590521211209431,-2.306740709732602,0.01728207360667605,2.417972329640161,0.3665127148633118,0.17567147081215984,-0.8178559763815076,-0.297798926666922,0.3342628131082668,0.4885306337768034
2015-06-23,0.92709712301529,-1.175855257969687,1.3945602524180118,1.7173024605890752,1.0296416154851202,0.15778637499031326,-0.9032078311667507,1.1286634437174605,1.7776591582016086,-1.7040057615959399
2015-06-24,-2.1319389929536325,0.72863747441418,0.652797855822746,-0.5946875069250884,0.7112677199306896,-0.20672402444681398,0.6318058419673295,-0.30904137549251043,-0.25218656620752533,-0.20939032478167696
2015-06-25,-1.8797044286630764,-0.2384873233010918,0.4783297665268472,2.6293610506906706,-1.1439163652658526,-0.2664162572377883,0.583811419434501,-0.23728703196565396,0.19228769117474265,0.8204636509250292
2015-06-26,-0.23216379697913322,-0.8194373458064876,1.133517384263609,2.2745239650302254,-0.3837116293557482,0.08346942109711683,-0.9380271696053282,-0.684401081254483,1.128596569231699,0.045244230186802965
2015-06-29,-6.0086232054603155,1.7586902177198378,1.8611488443220727,0.5328618873676692,0.6838842195835351,-1.4304349438342292,0.9663998383239424,-1.3129386179759601,-1.83468998429256,-0.35077599993674596
2015-06-30,0.4228762621367246,-1.5133560165884314,2.161357899892652,6.392467686382313,-2.416163560590091,0.7909104546215295,-0.5003090335816432,0.14442750075234573,0.6826067680600512,0.28815339510670573
2015-07-01,-1.1689880934929044,-1.934756537094481,-3.1191388273322986,-0.7177838089214533,0.4363842870656134,0.31058740966300896,-0.6244386219895971,0.898420207971833,1.6855742942085588,1.3793108528335032
2015-07-02,0.1119051457686521,0.9383724398574375,0.5857451835748143,0.12408263279450137,-0.5044379230710134,-0.8252073024572196,0.13341311923497962,-0.37223397584190504,-0.025950766162403043,-1.0580938398150315
2015-07-06,-2.9401497535624577,1.4226298974912825,-3.1035526226886008,-0.14946416647839433,-1.7972540808390673,0.6809031669632069,0.41497003425018775,-2.65353095299562,0.6385368715644124,-0.605226066132989
2015-07-07,-0.6538200310587757,-5.6787602272345685,-1.247102348287528,-1.5174125297836207,-0.7947208701249195,0.4423402944495301,-0.1436046438901965,-0.0073491884227192905,-1.1071229320022373,-1.148572063397932
2015-07-08,-5.1639401165004974,1.6634053704924556,1.34047909369862,-0.14575980398952496,0.3265992804480476,-0.23943374523832514,0.16736775032637236,-0.5059985990925124,-1.0389501067996176,2.1314927742061522
2015-07-09,1.910486376001523,0.2865797772647001,1.4082852058589117,1.710291191619225,2.3329791015751744,-0.1996100501886046,0.036013158790870976,0.9227759909199272,0.982892677941807,0.4392857754947235
2015-07-10,2.951575759031817,-0.6674317919369974,-1.8947323007204724,1.7476667404274866,-0.24786337868899216,-0.08220111586971378,0.28007270380416,0.11044018773099143,-0.058604572468187344,0.9668463016814048
2015-07-13,2.957897989943838,-0.47826693555340893,-1.5826138227270707,1.287904088680858,0.5495447688044084,-0.1007251266095459,0.22383917529157696,1.194653616085828,1.52041489470083,-1.2761409711555693
2015-07-14,0.932607720033263,-1.0687087863270957,-0.019299606340797786,-1.3562451508989644,-0.33895842561124817,0.13718503271140692,-0.09275840966025144,0.2919843916977157,-1.1630150401487265,0.011071072298507621
2015-07-15,-2.6981511654858763,-1.247012118069525,-1.7251997556218028,-0.19534433246401484,0.056129568972377766,-0.12487965633744566,0.6772021059775806,0.4542728241661451,0.23398930321533806,-0.1574068539263958
2015-07-16,0.04167047327271325,-1.4562524774411187,-1.5915860614708925,0.02843111029565723,-0.7757414646309626,0.3189635185913212,-0.9233970633905814,0.8636484733384859,0.22277534111007688,0.6033478853876747
2015-07-17,-2.068239573856154,-2.808658168258575,-1.6947072926130302,-0.6066440777905064,0.01997493752167361,0.17375725047530705,0.08393862462577718,1.123096849073401,-0.721404295458343,1.0398022250612013
2015-07-20,-4.344102458936779,-6.683944117117393,-2.422906342693644,-1.2468750750879614,1.0257992279459927,-1.653501701523361,-0.2003481919444484,0.8699601026801684,-2.0664382383789586,3.5143904219918873
2015-07-21,0.32645934258994147,2.00384497593888,0.6016182985957097,-0.008443115195011525,0.53246034254296,1.5935541589541593,1.3507437082770752,-0.2509954849782433,-0.8696413190002105,-1.0437385234372658
2015-07-22,-1.925583566126849,-1.4044704950513294,-0.9457544651999014,-0.6084841093654213,-1.2721479511771259,-0.6677256583751281,0.024942668168901106,-0.8053581872331477,0.1765720983972036,-0.001256503928523054
2015-07-23,-3.3047809694590233,-1.6391146547980526,0.263681413809625,-0.014231969198251128,-0.47491737547194807,-0.10240999727800006,-0.07441638956122312,-0.8869154090369179,-1.8808496525129046,1.489785705946423
2015-07-24,-4.8575102271398825,0.8356335462189459,-0.6151992028114831,-2.2588584714916964,-1.0427866139734172,0.41566170570546934,-0.5656540957362974,0.428163587703123,0.4346154473717193,-0.18950148256918786
2015-07-27,-4.167116967249651,-0.9438536291126637,-1.3826288257572703,-3.4098297964907904,-1.4639600872418115,-0.11418239013071516,0.7748896144278594,-0.9830413254108834,-1.7314938320601125,2.6337335751241455
2015-07-28,6.290591450375203,0.11373661578602035,0.4955831491894797,0.8221459317204264,1.868139815740037,-1.297410615334007,0.07977185455577251,-0.39810332187284675,0.5806632153820995,-1.4943346754762117
2015-07-29,2.6329195035700597,-0.5300911107396696,0.04842380585835592,-1.4622389407044745,0.006757150379906391,0.09316298181441901,0.37098825083500836,0.49356893380168504,0.49140453874079537,-0.09600125779385268
2015-07-30,-1.1368117495569123,-2.2039788068710693,-0.49692123159430707,1.1543298123590566,-1.146544975929808,1.2629982381949763,-0.9049636549010277,-0.21744316962126953,0.05730539301912186,1.0620935584237714
2015-07-31,-2.0263761242263874,1.8684774881665962,-2.3284533879796987,0.22181948816430228,0.23653407371758398,0.2523750992020405,-0.3122557255176496,0.3374462651005733,-0.23717052089491883,-0.6440507216753187
2015-08-03,-3.6280258511620005,-1.9710051692961748,-2.62734022781267,0.39139647229274205,-0.20922508339779292,-0.23120853820191287,0.8751094246860441,-0.9856190372828831,-0.7093436809954443,0.9312510867774567
2015-08-04,-0.0863560271510302,-0.019578171449688004,0.14654717904970868,-0.05502869212399464,0.8435711641530238,-0.9805062743442472,-0.06964727310971947,0.6420096507399499,1.2290460874214726,0.16831437198844273
2015-08-05,-0.34894663677326543,-1.1325139089220717,-1.0851772806404185,2.0263854645132495,-0.6193018977164993,0.1316644276404892,-0.2333512352588448,-0.06574118127240397,0.42782212560475436,0.6635696276334366
2015-08-06,0.2584711918897902,1.3132272143213903,2.5937022839914983,-1.206188034065157,1.322626336410719,-0.38901451260387643,0.6831756210698767,-1.3726802436716534,0.02791241800230272,-1.3063929724575973
2015-08-07,-2.4384503944760985,1.0518439719855737,-0.5601528696248422,1.779487156808003,-0.545961495169997,-0.07222953281318076,-0.012213182894077274,0.16572687858474708,-0.8852751668784662,0.8626080208413696
2015-08-10,7.5407034278323115,3.6423242349062073,2.5284942147845797,2.957910860823532,0.9827898292876397,0.5896547245038063,0.27021876386518107,-0.08965162260585129,0.9411920431768496,-1.1390581081587212
2015-08-11,-4.4279786043603355,-0.17857438122052197,-1.0535860027691548,-4.132556632898742,-3.475595366315914,-1.8309791843405863,-0.29073355834488085,-1.8427169287824163,-0.2429124910402182,0.5320341349647526
2015-08-12,1.9931632714321883,3.6969609325742927,0.4177877209701318,-6.598370807969261,-0.5942563435700031,-0.046394356730680035,0.7957066244430966,-0.17906035706158194,-0.11729970143914391,-1.107543165202906
2015-08-13,-1.628314679541315,-2.404927859594786,-0.36894958692684443,3.843691507599103,0.9687966375301729,0.10040096575075595,-0.8232189653465397,-0.6721130429299748,-0.27268725561109436,1.7028573863868275
2015-08-14,-0.006673091138161756,-1.1624867932379854,-1.151111347030796,-0.1040659770434612,-0.9058730331548355,0.11121467837272266,-0.0870886712092125,0.15930722799076732,0.041554947265940355,0.08539175613270035
2015-08-17,0.7454485458922179,0.8927235940838212,-1.793203464150101,-2.8343084271451993,-1.5041312340729667,0.38773885417242854,-0.9186919622955007,-0.4048083710277339,0.7967402690125706,-1.1191067965811028
2015-08-18,-2.1811460042635202,-2.28092921063331,0.4011720524560858,-0.6428375748294938,-0.7165229675882725,0.2553313175024017,-0.2507084808802667,-0.14275492707770962,0.10345814564624688,0.34257102843089027
2015-08-19,-3.5525868909048697,3.39201793075483,-1.3806126684427102,-0.03365333161622437,-0.8834437164868889,-0.12077942762348565,0.4410470458532096,-0.9360955985464234,0.03702714546129292,0.010018469439027483
2015-08-20,-4.408602307325521,5.366661244871536,2.8812516046977836,1.2479346424057731,1.098906255166383,0.5598918950833016,0.9992520472777557,-0.5162532806949351,-0.17336183310636566,0.1973095010790886
2015-08-21,-8.434194739879104,1.2027195202327847,1.5264012203835227,-1.4953181519982073,2.417073838913096,-0.2510645834402027,0.7348789504049659,-1.8487371523547282,-1.441313306513097,0.4445591117071705
2015-08-24,-13.291305880066322,-1.0753671475576765,0.4465171363834765,1.0469597483715436,1.0055874225255077,-0.4977047675944096,1.8138058712156329,-2.776203550926635,-3.2461406717173635,1.7358423241860623
2015-08-25,-3.4047308336397335,-2.927504790998365,0.5695347038644827,0.008246136006660855,2.0372546158436546,-0.832395436593882,-0.96998612725743,2.73363486640285,2.040846628204645,1.2979515235166847
2015-08-26,5.527157812851577,-6.206363529091371,-3.7946172387313264,-1.0888179357284944,-3.2984306684686486,0.31426486766110073,-0.2637653655611046,-0.054740314053122706,-0.12274908636455474,0.3830612872460653
2015-08-27,12.139435071306078,2.244412566069845,3.234513045712894,-0.9427179022753733,4.003568723429717,0.29723608766015375,-1.262802030659449,2.7344479297159827,0.49700717684687756,-3.9042646431400394
2015-08-28,3.298902125896387,1.088899302227485,2.9008214209228163,-1.296612573604741,-0.2390152679858395,0.068899017344147,-0.15050245129861947,1.1934807042041553,1.0180939902381858,-0.7136302301307367
2015-08-31,-0.08808264089916146,-0.6506460988758899,4.158840571919961,-0.2780586563671643,0.24712196699515668,0.2629162797985218,-0.7240838937119973,1.1696832892813733,-1.0421545330246176,0.1077436563216277
2015-09-01,-8.976194544401569,1.1573053466818004,-1.5322582905605024,-0.505740281500345,0.770688454982626,-0.469585016726642,1.32309405614077,-2.151519026595626,-0.14751031007869292,1.2115718287429331
2015-09-02,3.782107184265043,-2.5788937371910143,-1.991140212063541,-0.3787017487630142,-0.32922458341591854,0.3991874371006447,-0.8774776191675625,1.155892175606936,-0.45659075687130224,1.1461495603633018
2015-09-03,0.6479907360658952,-0.7420605766943061,-0.2171764764992822,-1.5583648768284053,1.9998475657136894,-0.22096598704077983,0.6182277086225424,1.2497674469896298,0.198463831335159,-0.12683275556726523
2015-09-04,-4.812151776933169,-0.5988086487480174,0.03064247436382041,0.11154122662564826,-1.504108984410101,-1.1002024382727478,-0.6739538749707751,-1.1400437452002268,-0.688902838057437,0.22016038186289233
2015-09-08,6.665730664564286,1.1362760449421418,-1.8572767615516805,2.254263581697164,2.402264651667052,-0.48295296926414555,0.46694822059314134,0.7883104220642586,0.059690740082825544,0.21304305902732304
2015-09-09,-3.814224107757684,-0.8055968139590246,-1.3181548994941765,0.6770561825755661,2.842885172422328,1.278439577462294,0.7482859016348058,-0.7158893950401264,-0.06508419429336064,-1.0639777903720153
2015-09-10,2.000018354971426,0.259532723565899,0.6777759448734828,0.9549901175099835,0.2735690515846309,-0.09349698187715141,-0.005323496941602856,1.1641109198157862,-0.810825337711349,0.6103457464142743
2015-09-11,0.31751637041734415,0.6973897537155277,-1.0243966116224836,1.9050570727308827,-1.5218406861528857,-1.2847373646574787,-0.30187890862265976,-0.6732934555548866,-0.1442541973034393,-1.0928234302822344
2015-09-14,-2.2137134976332162,-0.7417979134334608,-0.2517563967240697,0.8629807227629956,-1.251383021363646,-0.2614117114294098,0.6970047734614068,-1.0336741685951203,0.33214839724750855,0.17217376583303481
2015-09-15,3.1447889018248696,-1.2167908615742413,-0.18594374382972978,1.9634622222764146,-0.21008837600105268,0.15723990200038562,-0.7557322077864472,0.227001747042172,1.188862727754196,0.08586264668056554
2015-09-16,4.67414222354057,2.9089847073492923,1.4824576103857152,-2.1524431273606828,-0.8528458372586071,0.23443690859543256,-0.9057291972360647,-0.4430651968677849,0.7271276884418966,-0.10141323297032213
2015-09-17,0.4316156941734692,1.8424105580724608,0.20271748062353487,-1.4279962845775327,-0.3453830699583944,0.1186914305200319,0.1660701167670675,0.1664669341942801,-2.0928584021012604,-0.5750266683934065
2015-09-18,-6.623475942280516,1.5255252503411856,-1.0739246805601879,-0.6780875174191934,-2.645325193141417,0.07489354699697523,-0.515905096376229,-0.8059085953866845,0.49290033009885564,1.0413386193868814
2015-09-21,0.7288854890815291,-2.646612715700573,0.7680931079978334,1.800952123100803,0.07888513028184482,0.1926918099876827,-1.3516232359438252,1.6960910929077084,1.2738288679666194,1.1987825510757137
2015-09-22,-5.602105776632164,-2.8394249145926587,0.5885965808795958,-0.891700870040065,-0.8727235569125649,0.08916166393201988,0.27010239282372184,0.03591902602948542,-0.8912028021584003,-0.32622787684572513
2015-09-23,-2.590446371845522,0.17031087154685462,-1.1154119124445885,1.4956599420899175,-0.5950786972079305,-0.1414260701374066,-0.007736675754812159,-0.3625375194041821,-0.01781579808479298,1.1649173916577813
2015-09-24,0.33495330968867904,4.406384379096474,1.5044688439224378,-1.681077387429262,-1.9207877275997658,1.4284408976365182,0.17159352710487788,-0.43815290749842634,1.2120263276429124,-0.2969995688789771
2015-09-25,-0.3717536799473238,-1.7093562508057563,1.456036059288185,2.090169624239819,-0.6824591922990547,0.0699539991918906,-0.4423943586791731,-0.5735981272264431,0.39918211583686314,0.7074246112114645
2015-09-28,-8.952427092458608,-1.937098686035881,0.26756158770010446,-0.45259879230658434,-0.33298760665846583,-1.3986141394956613,0.2974112456061139,-0.7266284045279366,-1.5532254834294794,0.22834853450153558
2015-09-29,0.7186375445676523,-0.2753888868550683,1.0123939529376476,0.24138976591167943,-0.15749884891110244,0.048030061107388625,0.25880516788929675,0.16294541561477177,-0.8084367522531244,-0.5189627213904363
2015-09-30,5.312841061736267,-0.4485422978642172,-0.16157210944225367,0.48658881089489703,0.7263780355104291,0.021100476634149393,-0.7401150099782567,0.009104136139275298,0.3674815763113974,-0.8455753512343281
2015-10-01,0.12114480922413684,-0.7559986648465441,-1.047728740677511,0.0038200836720588,0.37988982806007393,0.144457669476844,-0.6101087980257207,-0.2164463311168602,-0.6155732554952426,-0.22357126526209814
2015-10-02,7.028303311249723,4.482572930366623,1.3547726301694667,-1.9003380679461819,-0.884206043601878,-0.13837915282869057,-0.007261992346417384,-0.5065466485146648,0.5113601916992528,-1.345271671574163
2015-10-05,6.944295799648224,1.4748954512080623,-0.15013374362397464,0.5703770780128377,0.47775955020950495,1.3529121540242581,-0.0483980482175683,-0.18565804860042176,1.6425384214738896,-0.8563788242360996
2015-10-06,2.6690212738470867,2.494232082223132,4.068257949075575,-0.1510351908304568,0.186745846012722,-0.11400106790817166,0.00203763150555849,0.5377125203635824,-0.7207149004178552,-1.401473287762725
2015-10-07,3.8568767281121707,0.5971431886546968,-1.1363642679579495,-0.4489036866573893,2.1972173130745074,-0.11471783139067743,0.5010959022766545,-0.45930651742434786,0.6944728830055457,-1.451092778347519
2015-10-08,3.3456077919982894,-2.2191059306195573,0.5692378449166426,-1.4301668773332832,0.7274415688091942,-1.1573807725869472,-0.10521013276152263,0.4864184373585155,-0.5701445422775718,-0.9993920152875271
2015-10-09,1.4488238650759881,3.159572856206246,-0.8226508452898067,-0.5351023910575411,1.4383886277782654,2.1981377814397507,1.0146899117922212,0.038965641327777356,-0.6183674154033805,0.03957819470671022
2015-10-12,-2.2175576040000116,-0.992043920449198,-2.7940438786068467,0.5177888649671997,-0.7367866522549161,-1.4578645066902136,0.41155488883258007,-1.0501033114890614,-0.12538394153560198,2.150655440768048
2015-10-13,-2.466649270408896,0.9165656201134058,1.378593485826717,1.928480502339925,-0.740153784338161,-0.012500087689775483,-0.17061146551011827,-0.6742095747595236,-0.15420218558799959,-0.19225970936907175
2015-10-14,1.0538785281122407,4.033372131709043,1.1719835018516422,-2.2565022606253993,-0.7098091628556152,0.9248796287552796,0.9432242668237989,-1.213495644541672,-0.8473401804524472,-0.7825790638134009
2015-10-15,3.1341070323231985,-1.0876813859314527,-1.593082292599612,-0.8626875281242181,-0.1464823922655609,-0.8959607450727989,-1.1583741104397056,0.18350116079895384,0.709757532732904,0.5778456003390232
2015-10-16,-1.1391392112506358,-1.8404010316643653,-0.1814510328546745,-0.6408894558242447,-0.9677268834742779,0.20884353619565607,-0.4928513384339551,0.9616432728275758,-0.406282154112181,1.0128075082259826
2015-10-19,-2.4666176417268315,-3.009553053193208,-2.3334018952592044,-0.11648448322676187,-0.31907348419699216,0.1929432418899897,0.10963773653488239,0.38127322786139817,-0.05237769641853888,0.7659680000894974
2015-10-20,0.5936827251799336,1.462407708021189,0.5561181272465073,0.5324824219913341,-0.5283840120972462,-0.07480089154139784,0.24569661379450836,-0.8010873906119806,1.0296319959920321,-0.39160006090812605
2015-10-21,-2.8940687425240874,-1.4790888285794581,0.03850388956147729,1.4321678376654157,0.43422486661065535,0.10965285058908258,-0.3062144719214283,-0.4573897777794098,-0.6623152753012863,-0.12477777306425429
2015-10-22,4.8429911998841755,-0.6776426373755469,-1.2312940181954959,-1.0439490329075412,-0.29867035184565355,-1.1319629839658654,-1.3173410328985304,0.5808973175334956,1.9867313034326108,-1.1477853632753563
2015-10-23,1.5931965165241875,-0.035913669013801774,-1.7667859954725726,0.059507016215719646,-0.8876013264655069,0.6295553824603981,-1.5643028604570703,0.18579470511641274,2.0453438546001825,-0.9259207034413057
2015-10-26,-2.8343188268294157,-0.02212475043653111,-1.604219075524944,1.882407790864537,0.8129043646249081,0.33859547495765147,-2.04899155696155,-0.4936524279393232,-1.220010043878942,1.1165081475130954
2015-10-27,-3.1777424531143197,0.34405533720063325,-0.5455595633967697,0.050753509434066,-1.2728521708192158,-0.042491030180453734,0.190108806551095,0.46503059384727025,-0.06805938534311233,0.7650751822727931
2015-10-28,3.9611136823293402,-1.2185003262816758,1.159141208484635,-1.6923898305101814,-0.5481166414566534,0.4324617758078168,-1.788546159742444,1.4123407003709365,1.4548645329570848,1.0027707721184225
2015-10-29,-1.0088935303463056,-3.1836362702492624,0.4818613793018884,0.9766868409299121,-0.9587801394704153,0.9852280838455063,2.8498213915967305,-0.27744729115737093,0.1257188079814362,-0.9900046998894564
2015-10-30,0.36571340001265407,-0.7495960163062042,1.6608658123407654,0.5817304479669609,0.6233812752722699,-0.34861339448494,0.9746700392590453,-0.34110710478851564,-1.084233494491485,-0.2628834394975686
2015-11-02,3.260208079786885,-1.4726019721151773,-1.0791379126296132,-1.9364282702862896,-0.3464888415806312,-1.2035219167081985,-0.6766722561023433,-1.1265999857941378,-0.11933337076610166,-0.09641199470509823
2015-11-03,2.2686134613454403,-1.9145883148911638,2.3747972943499445,0.39567664980172257,0.9693813684492872,0.01620798377943973,-0.14012030566131783,0.2459984880772534,-0.18276365443392528,-1.3825034871032584
2015-11-04,-2.5126064921601783,-1.4910244535403625,-0.8601452488451976,1.0452578780737687,-0.4052669180304096,-0.08889764042029755,0.013161744509534605,-0.5602189465373225,1.314998728497783,0.16452868144177638
2015-11-05,-2.371911198307225,-3.178149356080203,-1.548925688268258,-0.5915322449585634,-0.9592022237945926,-0.19226102966874567,1.1621973839848798,0.05955819399223086,-0.4698825054472075,1.6109978699051808
2015-11-06,-1.6386365867159254,-3.663144910660278,-1.394567563227064,0.4816922502531846,-0.5350718393398218,0.31756573183828196,-0.3975625663200678,0.15094725938675882,1.970029703468596,0.4278063572575505
2015-11-09,-2.0044116858241905,0.7114000541831987,0.978023507674088,-2.163073690790576,0.3698268932533371,0.4012610419139066,-0.2457964017658249,-1.0141476955150648,0.18455862725002142,-0.49956451522659395
2015-11-10,-0.9520700373373435,-2.0845059829734662,-0.5281878545227071,-1.762626435194988,-1.1808384755994772,0.10954384103702536,-0.008236281621433281,0.5259822319645219,-0.44880361561818743,1.2516589628473875
2015-11-11,-2.7749232638875587,0.9416029224852831,-1.6539134638271582,1.1999315224483211,-0.7660950795020423,0.09197790252671302,-0.3315330566699193,-0.9600201535788682,0.1807863561398122,0.3264551812050753
2015-11-12,-5.458098127308189,-0.046828109529278863,-0.27663720109944084,0.4834053806225304,-0.25597356375559105,-1.7260815123661915,0.04934002797017683,-0.8989434970991615,-0.4299752917970811,0.1250215552867766
2015-11-13,-2.200977493642743,0.7536146736964275,0.30711102933119483,-1.1946254182788392,-0.2677811987987714,-0.27507180720862284,1.0895368764229132,-0.7179222109167422,1.0199172827807996,-0.6732498009054176
2015-11-16,3.805479644240368,-1.3275157216503104,0.6777964397778018,-0.6483778072775179,-2.234851794839319,1.7922300376433573,0.32939982043622795,-0.1754613812875454,0.581259041009173,-0.46311595434652786
2015-11-17,-2.4586179820881418,-2.784891645066552,-1.127372409703574,0.8403243843860118,0.2410780902512703,0.025224215238373916,0.1813272105529729,-0.0194116332147646,-0.7553184825304237,1.0874401329786882
2015-11-18,4.257460986112072,0.9179971991827743,-1.419597495148452,-0.8146986391566309,-0.7300781879124905,0.37291370935572604,-0.6015827013864201,0.46241646559476846,0.6488192104364496,-1.820435614668116
2015-11-19,-0.7959847402824977,1.9060271638569417,-0.7308007161888798,0.6942197323684537,-2.024400171302635,0.246278952217144,-0.7294900920629811,-0.8858965452040196,-0.656684079821353,0.7936747125546841
2015-11-20,-1.0680359380994684,-2.1313906055665557,-1.9200181475918994,0.4444003865712384,0.0654700378261325,0.5701335433445059,-1.7089498681016382,0.9600704588483601,0.034464398342480745,0.8413679810208675
2015-11-23,-0.544515270058324,-1.266405486306347,1.1401216833349526,0.7528577706304616,-1.621933212208917,-0.06415445174647381,0.2845454870641877,0.25826516467137867,-0.018564794698942424,-0.15679356215262424
2015-11-24,2.4764452018080076,1.715159508539583,2.1610074240166117,-1.91523153413942,0.3987480113054036,0.0016615961036519872,-0.14556236889760726,0.18757981112325198,-0.21980691485981774,-0.4169353848780481
2015-11-25,-0.7552544282822673,-0.8455635876633972,-0.345386818898842,0.595605498821756,-0.928811290368492,0.21621833726240333,-0.216317110837902,0.5479104314218778,0.011247969794096065,0.43968584164064
2015-11-27,-1.141851941703454,-1.4963176041934714,-2.2081173022137066,-0.8545327412281584,0.9558872831822609,-0.07297866264252675,0.5423180483511191,-0.2729814283453175,-0.1532473437752258,0.16683458008545177
2015-11-30,-0.2211903393219332,1.8315219481729104,1.2423823522843134,0.006668630784333003,-0.4857695170521843,-0.0076344937377555745,0.19081187364386706,-0.566947140820821,1.0997588455577918,-1.0155973214527452
2015-12-01,2.4237717992892662,0.8688990140327941,-0.828376150001912,0.48704674648533125,-0.2694378645821241,2.3221227112019784,0.8449932707708604,-0.1413346211351281,-1.3058859924517305,-0.045577224782145966
2015-12-02,-5.264108728950122,-1.1303265848706794,-1.7480977951156798,0.34556905105391544,-0.0019530266799619265,0.22592554841054494,-0.20796848481405403,-1.0423456853905202,0.4077691284303583,0.8417914475874477
2015-12-03,-2.3990480716297595,3.6264723660847755,2.467167714672151,1.4133253562023544,1.0729817093956977,-0.1022860854019805,0.7197936204910134,-0.40103468482208904,-1.4179670785408438,0.60202503911459
2015-12-04,3.8447374763685866,3.6187325655554954,-2.7197042103015976,1.3643909273679553,-1.8744460211907423,0.0787916524004516,-0.8820020973818196,0.6061956015739478,2.134804972846148,-0.6796204040901316
2015-12-07,-6.318351514095469,-2.126631909147939,-3.7596711989278715,-0.7666384730435996,-0.4867551357001765,-2.1308640965651717,-1.4666160957621253,-0.9925206130686822,-0.45327340074817263,1.1075822223948042
2015-12-08,-3.844743273348432,-0.5864662155836073,0.8290336518930791,-0.016607244651127756,-0.3160360821808254,0.02366231990017982,0.06295491844115592,0.4341879022867201,-0.41694216148340946,0.7825667216701556
2015-12-09,-0.028565020022432663,1.7196312147170858,1.5690004091283625,0.07932655881684236,0.5076037688519437,-0.39438339516478327,0.9284306331280918,-2.0817125817401507,-1.3183103343072133,-0.661586478255365
2015-12-10,1.379051759976463,-1.0054061313279974,0.24379836524414886,0.9472800348718846,0.8812633786087821,0.05663366317130906,-0.4940109463873194,-0.6845223704434417,0.9607494087872442,-0.8268067180349413
2015-12-11,-6.611344067354525,2.669764589163966,-0.24745403448791317,-0.37953472376114383,2.3314649066338413,-0.513829261832064,0.5859879507915478,-0.4086084258359755,-1.1780160173567424,-0.1539152269075997
2015-12-14,-0.7984358435194433,-4.226314605614707,0.7232633161120813,1.4284835128900673,-1.1543477943304974,0.2895182613048273,-1.1886157686116867,-0.4626038985311397,-0.7443988057656487,2.196681880877912
2015-12-15,2.877574509333035,-2.271894463035283,0.929668615180547,-1.3554778080423575,-2.5710305144802983,0.46602488476563014,-1.4379956011910169,-0.8484030055976498,0.8953061306575493,0.039132306036800006
2015-12-16,3.2423964340787066,3.136804222501883,-3.7040529720847535,-1.153027647094524,0.8051411302862777,-0.011378507006147303,-0.13608906642779806,-0.2764553736211355,0.7681606177296536,0.11728717635738946
2015-12-17,-7.050524110475609,-4.8210087823357926,-0.09963675742906825,2.118265757348975,-0.4330136848783895,0.3237877444894265,-0.7388063476407237,0.823193740632339,-0.029414597579131892,0.5336915836153334
2015-12-18,-2.7377931509850644,3.49011210123271,2.1985605083483923,0.6004152893775627,1.5743260650672168,-0.4697835494934178,0.65680252489845,-0.4815513427026293,-0.5658356799627263,0.7942861067395715
2015-12-21,2.1311968984069707,1.5218015280830086,-1.5903786746248074,-0.37756508660369614,0.5413347979552956,-0.601182510585088,1.7223739570591592,1.0442714597386433,0.09897038021634286,0.6400669096680744
2015-12-22,2.6368108817706055,-0.8602154110197144,-1.0338569630012828,-1.2253674191310993,-0.05451012381860946,0.39452305437023455,-0.28103649015457316,0.30280605731036553,-0.12514290949640516,-0.7236274259799602
2015-12-23,6.906953480657511,0.018031865655379883,2.131209916829337,-1.2465638448327958,2.1600814377614395,-0.34688464345278963,1.0838057992414343,0.5815693372895778,0.4795410533099097,-2.6493772942660887
2015-12-24,-0.13960693024859552,1.7464651082225549,-0.09306430906023565,-0.5967610996601885,-0.36560991013075717,0.0422023148978445,0.3158411022115141,0.6285357930370044,-0.16432224179500102,-0.3217057074431846
2015-12-28,-4.172492641306769,-2.5704818323694485,-2.0301214486721064,-0.16464019696382437,-1.9226650612496339,-0.5075404363306096,2.3334889320484216,-0.13178261056890506,-0.30754651897329377,0.7277448178510596
2015-12-29,2.969761149347293,0.028144102040071572,0.34889115697808176,0.9916329829825605,0.23926163663385736,-0.3520905105130929,0.6522359226792669,1.7389227564400929,0.8418091862549809,0.7396802053865675
2015-12-30,-3.666596863235274,-0.9400481697891853,-0.8241851285904391,0.06099445047287704,1.1504481235819135,0.3437337209400346,-0.9419403921278484,-0.9532274432078552,-0.18263800407252218,0.11147843405772745
2015-12-31,-1.1055069282450407,0.4123073278939712,2.3145167623790885,-0.678191094451148,0.1776828613130621,2.1516817393728145,1.672615523473739,0.4184596555479811,0.5784166811673932,-0.9218337412271832
2016-01-04,-3.904785600072099,1.7785413637954974,1.7401804495567252,-2.6515836196642097,-1.1802454998342964,0.18324044674170284,-0.10818870163366913,-0.512501392098243,1.1298467147728481,-0.25414736550884043
2016-01-05,0.4337566166423141,-0.17219602120694336,-0.41308642774399096,0.6197314327355896,0.5349535941341624,-0.14421956573363715,-0.06106666175437019,-0.41218936577128823,0.9526667154597461,0.010659636569906965
2016-01-06,-6.55734628220476,2.9181842432978695,-2.7361431583094795,1.3216002366403796,-0.8853943045904743,-0.11537779257589122,-0.1649060583249611,-0.8931310117177996,-0.16638931915169852,0.9012316418113001
2016-01-07,-7.323062293593098,3.5586597333243875,2.0614548789495313,-0.3192027809421048,-2.514191656495581,-0.33282649999262925,1.2906247956900236,-1.1300604098903833,0.060280407287951115,0.9928835105855367
2016-01-08,-3.637898652527325,-1.8131737079512353,1.0300606555063325,1.4275276601161973,0.24569548704350372,-0.24976378689070522,0.8820873479195845,0.3577129228229646,-0.2531079829837623,-0.32546062110813345
2016-01-11,-5.179316342921877,-3.3886621864107473,-3.8011925054750635,0.03493424961772496,-3.168442654151353,0.37506525371142385,-0.544107071581479,-0.8087321650874127,-0.2981361490615387,3.4776048022856885
2016-01-12,-0.23852316116573272,-2.5979956452823596,-1.29495031688387,1.8677353592484844,-2.396515602425568,0.26750535459180697,-1.2692620957127358,-1.3867538944159739,-0.8799601894487193,0.7685553254601882
2016-01-13,-6.557500150661342,2.28793271906736,2.765018235298959,-0.27428846719852357,-0.5235981888732955,-0.2034579726185084,0.19968012340831265,-0.7369121170580843,0.5242485634592181,0.8272111560736048
2016-01-14,6.15343542170444,-2.8444469978298867,1.1402850520868213,-0.9878843352534998,3.4852250770120725,0.17434999037769502,-0.7461017590903258,-0.14396589620245542,-0.8795486554467469,-2.023942851001233
2016-01-15,-5.870444560320589,2.2483468966992457,0.05059078451295533,0.1562525628849761,-0.08780791996346649,-1.1278586647585818,-0.3073345314288468,-1.3612473935576637,0.41219533132750646,-0.5156498718777108
2016-01-19,-3.1230049146505725,-1.28417118831898,-2.7465805326615893,2.3703118763419213,2.804018286555979,-0.5609752684652055,0.6764350687568497,0.1921404163642239,-0.6932778091261875,2.0130961703120747
2016-01-20,-2.6608489054576405,2.7354063488515967,-1.6837377684445936,-0.09559401480001115,0.8595844309004459,-0.12042173418857098,0.7096506136504792,-0.6780741158763791,1.005781081700479,-1.3507811818758477
2016-01-21,4.95474884060292,-0.7178768431362853,4.131773979458215,-0.8016820485283006,2.0697624954358624,0.03989514482611712,-0.19137367449658818,1.4540873255871196,-0.6930979359368653,-1.2215066147213498
2016-01-22,5.797172782616482,-2.151241712971031,1.7646804359795485,-0.6444665271200973,-2.4894462730571587,0.4828240408816977,-1.6358474840805994,2.734227017134643,-0.34239200429652406,0.6585129916660069
2016-01-25,-6.529104819630614,3.435007197657836,-1.5466328874705768,0.8252167537501903,-1.499535862884139,-1.3133349672877543,-0.13133896892832284,-0.8698590857103874,1.2677205491429215,0.29714764439784364
2016-01-26,7.256397599050191,2.464352447582815,1.4544528577745282,-1.1469704522592679,0.6663944976860532,-0.2674441475722312,-0.1179371772886497,0.3504549912261221,0.07315662025117828,-1.4324192601057395
2016-01-27,-0.7057243274119955,2.1119876742062496,2.6710369537606065,-0.5557999770584277,1.902247204591582,2.5569384122786913,0.8634347304237888,0.4039089756000158,-0.19280666005527194,-1.1689240114640669
2016-01-28,1.6026470335642604,-1.4673448120347563,1.6289608726882103,-2.074663364398915,-0.767135219745956,0.10477177072225026,-0.0707129649981861,0.42838009276302524,-1.315345028713224,-0.25971834654696047
2016-01-29,6.9953866293599525,-0.2698480684416121,-0.8499216353742708,1.3773898815679215,-1.1982037139715074,-1.2325535119183564,-0.09766337402084758,0.9335065936323304,1.284077764105111,-1.6440392135151731
2016-02-01,-0.8650908868087206,2.525377419432908,-2.50750772828503,0.06312801500098758,-0.07554004739481343,0.47694162542695556,-1.0629867732369458,-1.1757536396743293,0.2408821828590366,0.11044075960270512
2016-02-02,-7.523148492704838,0.5760752839031931,-0.742039209813897,0.9627998411604489,-0.25187997036588394,0.14156834497909837,-0.5853538838959942,-1.3063020436017312,-1.0620750483931336,0.7298992956268396
2016-02-03,7.504642677525093,4.6155007656854545,4.07869903457101,-2.281043188190101,0.510798685769253,-0.14086266834834799,0.21057123819318044,-0.6660610236436186,-1.0058570342043311,-1.8873846748543515
2016-02-04,4.151215904576261,3.6944812847717556,-0.9952105178044377,-0.9087461024800914,2.4209137985667533,-0.06635796836493314,0.2955491009685177,-1.6374607917411614,-0.34661795222847,-2.1073929473138504
2016-02-05,-4.532884261373598,2.7662259301921353,1.0586384361139243,-1.360588106218294,0.10808992849468298,-0.1010319150184887,0.8238965806127299,-0.04924200106707694,2.3514674777082667,-2.2803489945167517
2016-02-08,-3.3835826748417377,4.253717262740781,0.4283679223695713,-1.8792759674568016,-2.1501831926334676,-0.8019868560780974,1.3627773713286615,-1.8922629286252883,-0.401171526771109,1.6786694120928007
2016-02-09,-2.9355468110047704,-1.124394244088808,-3.765252350895993,0.8743063924217983,-0.4988465740982709,-1.4871810960472402,0.2265985641550519,-2.181776043542939,-0.6389666548369819,1.4507445870315387
2016-02-10,-0.851414506625951,0.0504014518515768,-0.609408207902509,0.1719730796596294,-0.7908662411144232,0.26549573958880096,-0.5335443866067644,-0.3074194330874001,-0.7147226481727759,-0.4124212662388285
2016-02-11,-2.7376372983802284,5.66404503803635,0.5399434699723757,-0.5370242537794043,-2.5170051978002506,1.1711548791447994,-0.038642625994316365,-1.8524437991814942,0.5310077853454832,1.4147286582905105
2016-02-12,8.405948003275514,-0.110021168360809,2.0160506865414236,-0.6800019474727309,2.8328770980212825,1.7601022046623696,-1.1152494763172522,3.083804812452555,1.0735780392180245,-2.6874537904561517
2016-02-16,3.509348999597842,-4.859190713604355,-2.991142523753374,2.5422003082136384,3.6487611036992766,-2.429543209593793,-0.9297863766623701,0.027130167050701964,0.2613433725859034,-1.413073186622971
2016-02-17,7.798428197547356,0.5116349595044491,2.0434072885283396,0.08620585255349437,1.7465336652997137,0.050174322783828405,0.06362960460189171,1.27646139455837,0.05816957232803835,-2.1821344923232644
2016-02-18,-1.152640976844391,3.2176068306710572,-0.800740212316002,-0.690619677795339,-0.3640211006566122,2.67957613985647,-0.49961602986579096,-0.15318038992604133,0.14354443155573252,-0.5082253401320824
2016-02-19,-1.5567113181342318,-0.3656108621342718,-2.0180606498759204,0.46600937559479993,-0.35885901099470646,-0.049280302759246164,-0.03634935305167552,-1.156974324884875,-0.8085838251282365,1.0785728705858515
2016-02-22,5.8993007235568165,-1.3857578164956967,0.8970302499242453,0.07803566634072333,2.6643215970203427,0.2445443925448323,-0.2942570598083967,1.8966469166068305,0.6100000070531588,-2.7355845684978624
2016-02-23,-5.5108032109829015,1.8199446442539804,-1.4437412626440558,-1.388897360935074,-0.834872238298549,0.17238832856711372,-0.6768894700651822,0.19353779544263938,0.3176759420033249,1.3665749583259434
2016-02-24,0.7486668326727165,-0.05123555504560882,0.034808949727453464,-1.0433744077191465,-2.391433669623223,0.22395527347840694,-0.4989201593010341,0.13892990573511643,-0.17434105175629455,1.4348718456745138
2016-02-25,2.3071487977643446,-0.12778974331037674,-0.9143791134181359,-0.8110403025573242,-1.1007538508724666,0.5360518790929606,-1.1611061044373239,0.7080957253967756,-1.1841639064409164,-1.0483764061083103
2016-02-26,0.42208326327837814,-3.068524491416088,0.33661314824702204,-0.056261040764935086,1.916854982780228,-0.24687345458839083,0.979890377855537,0.3698124835371162,1.520864774417618,-0.41959947411369763
2016-02-29,-0.8033521882362032,2.619447072948769,1.0720596857619527,-0.3910851091315011,0.7272196615435843,0.38428106788486166,-1.3424138925027316,0.7018559739385691,0.06462930673005679,-0.6343835190509437
2016-03-01,4.868839277302835,-3.5809616102868875,-2.081991500693971,0.07125930847972446,0.3368624553673255,-1.0976782693848715,-0.06606332643098813,0.8711234190579229,0.1789222473380672,1.0959397616992244
2016-03-02,5.37713768314146,2.809134784929582,2.562590667445839,-0.24268056473000954,4.327699355131422,1.0041738155278603,-0.1920596919335881,0.02943885407958263,0.4071437659108663,-2.6852742745967904
2016-03-03,3.441222046860755,2.0614379267977028,1.5014391507826643,-0.256513153264203,-0.4938005931644798,0.9425505797720594,-0.008897402161310207,-1.2941804633748666,-0.7113078224656098,-0.4995528212103442
2016-03-04,3.617080445082846,0.7912858542383837,2.5299133786486214,0.4858362759226824,2.541748935094367,-0.339250967537138,0.26748716778243004,1.151955835555177,-0.24662962782129358,1.2764274028596838
2016-03-07,3.5603437885578573,0.5655817668280413,3.3536354143622096,-0.8233524590118521,0.028681104177058804,0.768025567260864,0.3183589222735959,0.07886748234371337,-0.3554393060023981,-1.3574338165258488
2016-03-08,-8.045554765595492,-0.9710727080799694,-1.6485942584883977,1.740080862841088,-2.0274339831813775,-0.03947875524619254,0.3030608263089027,0.43736913379029807,-0.6455240033980283,1.1545322934312017
2016-03-09,3.7188887554368644,-0.09896504065309039,2.065304137199496,-0.22608826988023376,1.9199385200454555,-0.1216409767585893,0.3173212806668995,0.9466723175887901,0.22068831370942787,-1.1664142534132822
2016-03-10,0.9405642238021179,3.64400536986256,-0.08543479967291574,0.564510264124392,-0.07943947815281915,-0.3343135654836306,0.8658480449469872,-1.112501240890794,0.20718464029756278,-0.587243981945478
2016-03-11,3.9408216199708286,-2.7979867213592953,-0.5937919714381303,0.6896788670479372,-0.5894818374733738,0.016384837262009205,0.19557242266994732,0.3153920093043313,-0.1764341930999994,1.0898401873479762
2016-03-14,-1.3868451422909331,-1.8135266827123862,-1.0437794118822459,0.7679280316585426,0.8257470634308982,-0.11409053122044309,0.29561518152314137,-0.4964998410816214,0.24373767800263674,-0.17640651604673255
2016-03-15,-1.9416893743117865,-0.8672970411922442,-0.004497286775950405,0.5507591059155387,-2.174177595220528,0.02416173656677032,0.35401708072734556,-0.7633669463665752,0.16338524008473998,-0.11353703025725052
2016-03-16,5.174882605984316,3.12993385152007,1.434991077225645,-1.0914618544375274,1.6469950878767083,-0.5738893904124217,-0.14973318523848536,1.4376310928737386,-0.8962392702401769,-3.3109784248143517
2016-03-17,4.988176367145278,2.455479213998987,0.7932567289670827,-0.5455716443205394,1.6678173572575592,-0.6515364350285641,1.2957346068385354,0.3885736381285678,-2.0092232949962456,1.6679628108687008
2016-03-18,0.45927483965705046,-0.6323954020230175,-1.5657008489940816,0.0008622531019996951,-1.0440424497474703,0.14832634827558877,-0.308953725033198,-0.7970481185811373,-0.06366025752905036,-0.5618353527010784
2016-03-21,0.3858576464210507,-0.5437241923783044,0.16553740830205443,0.759783838005029,0.49707898038251824,0.4498569093057242,-1.2618510587578844,0.30841023101386933,0.7184742477935999,-0.09895292891269383
2016-03-22,-0.5088535518009963,-0.23730793569279998,1.0928026205790549,0.34000486534927954,0.17166836847871703,-0.005823574736139222,-0.02745771266409804,1.3000623917011347,0.42459857479228313,0.1546809688727807
2016-03-23,-6.740857368204721,-5.180214011908995,-2.1012021379956964,0.5061551401797515,-1.4931759848284278,0.17732588652587514,-0.35118601486844747,-0.7935039133908308,-1.7008727800272856,1.9167647122500728
2016-03-24,0.5599432505000722,0.3743153023309543,0.7404023484618242,0.04728138265084987,0.040621015191978034,0.04103700411514216,0.11032902764962042,-0.1508424385146669,0.8080129203878444,-0.9874977615440392
2016-03-28,-0.23065886044741346,0.5611556104327945,-0.2283094483605319,0.5663445271614056,0.0597312912441373,-0.3078444997482163,0.6330135150426935,-0.11851521288432333,-0.4470344758142257,-0.27811811166121314
2016-03-29,2.8557852083969006,2.8823544626023403,-1.9990686062527212,0.6271757554607382,-2.293424653972188,-0.2071467247388146,0.8334082787434343,-0.9671726018273691,-0.537895195515081,-1.1453692741630406
2016-03-30,0.687702079546389,-0.7934088387960347,-0.6788058612056989,-1.4048794857163993,0.9815874071166314,-0.14728141817096194,1.3840616055475787,0.5660032365752984,-0.36862716584559335,-0.4815080050923175
2016-03-31,-0.85532565571203,0.02758639012434295,0.2492970009511986,-1.1081846606606431,-0.29061049229530217,0.03552407991913865,-0.2791998805953829,-0.001324977751035989,-1.1840226626538048,0.9327280134851278
2016-04-01,-0.5070283944526363,-0.7473064310535673,-1.6738977625013278,1.2000581677766269,-0.8992303133597443,0.33568329991871965,-0.13238510158564554,0.40877539205937286,0.17282210971930537,-1.1260296083878958
2016-04-04,-3.48057034208679,-1.3427167110194402,-0.8954582301965682,0.05561406497922194,-1.2478787000247875,-0.2849901287090408,0.9781367971016358,-1.4777122593450585,-0.2100465468717252,1.0677486835507406
2016-04-05,-1.6802954136064299,2.4959726537242943,1.0565341949715168,-0.7062967319544055,-0.2639895133192652,0.16698302782422367,-0.6298481359901592,-0.2722992874994314,0.38783219733263286,-0.9733313359696283
2016-04-06,3.9141644486895135,-0.9473697215051134,1.6736889791210319,-1.0308582182922035,-0.12426438632989725,0.5198371497682165,-0.8934311193872344,1.1238709989890316,-0.6689836989006348,-0.4002233170573503
2016-04-07,-4.157239600536858,1.2028985417518239,1.0747921114258416,-0.922980483088796,-3.7166403942123867,-0.22834518659741473,1.0320036510332162,-0.8944816210355567,0.3536226671145684,0.6306547348697706
2016-04-08,3.8448538514641526,1.4222175738692353,2.77613557937196,-0.22491510747778223,-0.01475652179321313,-0.5444473515936871,-1.150921918213256,0.7873508473721003,-0.036908196883010023,-0.8418441523798941
2016-04-11,1.6082687992662983,4.8400322037764765,0.8588291097132508,-1.427841108689038,1.4967146775447975,2.059126410268116,-0.38038340279418525,0.00904970755148728,0.7701139002281671,-1.1235109770465184
2016-04-12,5.798993918922877,-0.0959357848759383,2.9815600627773864,0.5992380090056486,1.998849016343872,-0.3928789669383212,0.688412410553578,1.3058052334965526,0.2712960117019005,-0.32861197185890584
2016-04-13,2.1649369595588537,-2.169665791673295,-1.6877467529995487,3.186462646504003,-0.20638889150935777,-0.2712095048885251,0.08013187803197244,0.17775724331147463,0.3262315171550443,0.617303425415262
2016-04-14,-0.36476820566269313,-2.5476600429017853,-0.3286133680088634,-0.07394415972328287,0.9647844494956194,0.13192680386391056,-0.40916409242166546,-0.7062787169034441,-0.3507197570080865,0.11069606653486438
2016-04-15,-0.14094727253864933,2.2004085989214173,-0.8433706914846945,0.7338544504593716,-0.42700416118824164,0.19392687783469978,-0.5731290374858607,-0.8152171007140885,0.11086907534748601,-0.7877830834644856
2016-04-18,2.454609930788025,0.32514453597167825,0.3907327192599768,0.8286444039498201,1.4377651347545,-0.3724113088564688,0.7543680296687185,-0.39180604812650766,0.15853808050415147,-1.3750667186540317
2016-04-19,5.2228523063809895,5.205286620845298,2.471667139476136,1.5766830940341658,1.9784214103309608,-0.8332182743222667,1.5280868708165878,0.4403531319062906,0.7410808770281365,-1.104029131933345
2016-04-20,1.0217150153885768,-1.4032771123684789,2.6574358162816187,2.737383245243018,-0.13626084834418248,2.012103824132852,-0.33353654563382723,0.5543366749729877,0.8823135921151899,0.9654793883001188
2016-04-21,-2.095916064908287,0.9010463246119762,0.1718465483020723,-1.4481392715285875,-1.3674755557001443,0.28001771976123935,-0.24648537336365262,-0.022050189482939932,0.915089612354345,0.10345423266101124
2016-04-22,0.5887804573257854,-3.0094883877081413,-0.07619532344539996,-4.1157746649119495,1.8593010344521088,-0.6244704329816941,0.7033268589407159,0.9874573564099812,0.17018276719742337,-0.16562347253967422
2016-04-25,-1.7049386086083163,0.8324894959074958,0.03862143980657265,1.426601318714296,0.16879708461431936,0.5735651489770399,-0.33295156205209414,-0.7372052749418333,-0.14963131895997694,0.7865733289447062
2016-04-26,2.461722266041898,0.7996266930671885,1.8001094607168624,0.9444330327087819,-1.2531350442937368,0.3076606874163136,-0.6082558194655004,-0.5823911962699178,0.16815698450390915,-0.5786753907935048
2016-04-27,2.5004330151242837,0.5868842190312726,1.7328041010875417,-1.1876474591530655,0.1560499116012268,0.14575206489808945,-0.2249007204801772,-0.20679536975367796,-1.0874146442653245,-1.1490266792793609
2016-04-28,-2.1750983759307703,3.787111110697695,1.375666428441776,0.24435893049308122,-0.34122018394922016,-0.8572163905735303,0.558611525822916,0.6895708912185106,-0.13197004325260533,-0.24522411090750332
2016-04-29,1.2169906940680968,5.2290358924904,1.7295438733759354,-0.04268924507312979,1.8272960312196669,-0.5202411831500603,1.3162821055855585,0.12285348184568175,0.35916691735171236,-1.9163412767214882
2016-05-02,0.5289681453627371,-1.3647198112640526,-1.4024160612981806,0.8523706406745484,-0.6813128814793221,0.3735078785381875,-1.0634661460748125,-0.9481441618162448,-0.9342380888098696,1.4681477767551938
2016-05-03,-5.50899311152889,-1.5099667834660617,-1.4488061410400697,-2.3491083050386425,-1.525580137997712,0.06131765531853932,0.6438666363173005,-0.01240922536328154,-0.39679992767895655,1.0145585383165292
2016-05-04,-3.9374284465571963,-2.8884319384395356,-0.564394858693572,0.30170132042815756,0.0182348206379991,-0.22007005377032832,0.8777429913035695,0.2471946343740367,-0.45051437213097856,0.6745113908647847
2016-05-05,-0.31955687766852503,-0.3908908073716243,1.0539744870930159,-2.4027276576264645,-2.6276301301042992,0.5792071975063111,-1.2709445221718318,-0.4218869917289375,0.7613784625098491,-0.4551645029254201
2016-05-06,2.288524685040617,2.6030435300047894,-0.0025252765368080758,1.0783794526100021,-0.3220811575844604,0.042826543123428706,-0.19647608964940913,0.45763172575360855,1.386371288707273,-0.40519165692177883
2016-05-09,-4.2603738280270695,-5.216983397421571,-2.796562408331387,-0.5104331092099328,-1.4726312911003234,-1.2435302174944904,-0.09313742532019141,-0.2678297104742186,-1.2760352500858954,1.8469430103959326
2016-05-10,4.721170337588837,0.8486095870792927,1.5305129609990062,3.015530280183232,-1.1931971153479932,1.9914866072263924,0.5790972851474091,0.6006719693611888,0.37328312299517097,-1.1180774412102223
2016-05-11,-0.6360522521055827,2.485080470187268,2.457893517760081,-1.5317784789480835,0.06398248885708784,0.6187998364638109,0.17514399744010506,0.5643912565902341,-0.49528411875205697,-0.4779291682614272
2016-05-12,-0.9394857095122449,-1.3086993861038096,1.220935883025999,1.2373925234983614,-1.062413432062844,0.5826186463229699,-0.4633299231763703,0.23976960838690917,0.5095245286351017,-0.1678080190813724
2016-05-13,-3.0625780294001483,1.0873559408906357,-0.12806212110083487,-0.30042332524038967,-0.8992364331768575,1.4560374753813696,-0.5938085726291279,-0.02993230583246097,0.4153584927973953,-0.25992342783316397
2016-05-16,4.447303813222054,0.8315160770906842,1.0706286508794556,1.5780704648209765,0.5005787408841357,-0.5345909654786893,-1.2928695708582705,-0.0466989330501101,0.6597450531818132,-1.3459059773922848
2016-05-17,-0.39793324874278435,1.2438902306467896,2.085169763827832,0.8123628540023365,0.5655280315739063,0.2762421908348776,0.41342645490735314,-0.6073215505255699,0.41896695303111015,-0.602373466377553
2016-05-18,-2.9080504352473695,-4.843618821869858,-0.8846495188855497,0.7592047331435929,-0.3370970189354283,-0.262329948098935,-0.8738377592787003,0.08119972957376144,0.6738326213268306,3.6477314293672234
2016-05-19,-0.8224348246195903,-0.4874446228507422,0.266662811691299,-1.8236891543252136,0.7751006608888146,0.571515249963833,0.8076028081591359,0.20932778970011695,0.04133039436317822,-2.7831974834827022
2016-05-20,1.7699222369317318,-0.41407464964977253,-1.0112180654437246,0.645875554364487,-0.3059645830793372,-0.4066005439621512,0.03779264419162947,0.2976096542638694,0.04574347075669532,-0.1525630620029188
2016-05-23,-0.30892747721363706,-0.029752871932154208,-0.07675271128452008,-0.5525972334601754,0.6556007790237286,0.38122440826800374,0.26140966863329235,-0.1460784832216495,-0.1650621997926489,-0.44811494227267357
2016-05-24,1.1054594566367755,-4.973530508057695,-1.6100447679433194,0.7568988931682299,-0.003452754974343965,-0.15812342664259063,-1.093011638623811,0.7603870585091815,-1.2251965133002776,1.768084444624922
2016-05-25,3.258110768741758,0.8729067005129153,1.1716862037855105,1.6402620438114428,0.5039924606908952,0.0037654346996525254,0.06619377304607557,0.3827711210492632,-0.2939335686477461,-0.8956186600863217
2016-05-26,-0.8453309204771117,0.4094893128375746,-0.019153984892702938,1.0434654800149672,-0.48664085341057317,0.0006297676664577012,-0.45220619077579993,0.2293503291077882,-0.7667831955681574,-0.27674555110878674
2016-05-27,0.36880955196297843,-2.1658178533852475,-0.44155275826808954,1.089346116657542,-0.24348105032144482,-0.6397111675468854,1.996100218730092,0.7907822581517759,0.6232861916600747,0.7770025238441894
2016-05-31,-0.8812179207810295,0.0030559697745028962,-0.5919823767174611,-2.0613676065281097,-0.5983046852133329,0.0342305107528358,1.0288590637109667,0.6339693057491091,0.6893350210235403,-0.8101724982840087
2016-06-01,0.28648770491343434,0.2511624455812684,0.45697533039466826,2.0640152468672537,-0.7426455176210253,-0.2784696347757087,0.9167761502070209,-0.14703464151886825,-0.27258122014044917,-0.3604745401985763
2016-06-02,0.5219259717911061,0.22245624434613276,0.2366403388936913,2.517136090925012,-0.48316316967521167,-0.02278189353348975,0.03966057816273375,0.5652855383367836,-0.37284621653048194,-0.1529428175921386
2016-06-03,1.5663731550734048,8.108500620233455,0.36623589430799336,-0.3766676974173173,-0.424141995128112,0.1540824273944053,0.49151111956389015,-0.9020978326312123,-1.2511689664942065,-2.4998013001512334
2016-06-06,3.31319077105429,0.3377569569064679,1.473660390156215,1.1978031589342975,0.9508808375816286,-0.320482505454096,0.5947661039030939,0.11776515529023661,0.12275904517261184,-0.9370955807974515
2016-06-07,0.9800984026066242,-1.8975984429576187,1.0773134805350544,-0.4282449203102482,-2.030011345393365,0.038166910638928686,0.1859614956057616,-1.4034491950039159,-0.611047681921435,0.2631525891882083
2016-06-08,1.795012893857029,2.845246631773393,0.4952305045362703,1.9667669035692825,-0.14573191846130745,0.3156278665770935,-0.19781889850186982,0.3660430281917117,0.018981790419626485,0.3370679734594791
2016-06-09,-1.4052978732528818,0.7050714190485035,-0.5234654288654125,-1.1829604460963283,-1.7121202983634913,-0.6396904079207733,0.8337773535879061,0.09987940963498435,1.1769773428332375,0.6335447074641258
2016-06-10,-4.665399101551622,0.2035810541493334,-0.6274583973176652,-0.805304621037592,-0.08369244972642839,0.4041950993496416,-0.1263491794363513,-0.6925391853695112,0.42333096439553997,0.890713143797917
2016-06-13,-2.1276029779050667,1.4291692649804317,1.8612299521799083,-0.30866823491728035,0.7535619145647081,-0.07913791228902962,0.7343490707142732,-0.5757343218829,-0.21483652008650303,0.3297621544756918
2016-06-14,-1.8149703391323437,-1.4549419526315353,0.31589683531598756,0.29825790413776526,-0.48773618692800164,-0.34773535026765257,-0.2130216505068472,0.5949986451065127,0.6219293907498629,0.7047483617473864
2016-06-15,1.1318784468957042,2.737182465500674,-0.6896307314151489,-1.5128303434038057,1.919451460125616,0.6233463505414955,0.5417483665492973,-0.17504742614403612,0.07044325184287657,-1.4320616681189218
2016-06-16,-1.6706888721664697,-0.7178234059079166,-2.303017621130833,-0.9408782214108619,-0.9458338214478016,-0.4648701722157422,0.16895335770765138,-0.6464442666548559,-0.27500911837651415,0.7653574093055483
2016-06-17,1.623241833947416,0.05976961352882448,2.94057751058506,1.9895276590824622,0.768908702060426,0.6717772982276723,0.4649220529641609,0.09782941919094747,-0.06146787571978394,-0.8218437300812538
2016-06-20,2.8436271882610527,-0.23614723917992086,-0.2429289773705952,-2.3955522161732925,1.5583522252387594,-0.5544250051239851,1.0246038693835176,1.1209581683891234,-0.7094938459775925,0.6411434294899137
2016-06-21,-0.21922312242853473,-2.548596480518751,-0.7570218366096537,-3.251702829532519,1.4356510007992633,0.06655021930425996,0.4412860344535038,0.27588248876170907,0.13350557828348972,0.35864954823603656
2016-06-22,-1.1232671456386112,1.1718761954934658,0.23731487596356163,-0.3049580643245274,-0.20799231657280123,1.0862914139800803,-0.18289244563865248,-0.9728159226432961,-0.35774841210519936,-0.09131223942656329
2016-06-23,4.294010931588509,-1.1191667209777705,-0.7948632550795814,-1.1108608196758232,1.2007962133533563,0.07094286942463397,-0.0148366599903617,1.3437061023515775,-0.2878902107332291,0.05293984208897873
2016-06-24,-11.293012719878543,5.489160376823241,2.447377076516306,-2.3592391123515477,-3.1505021643490845,-0.7329018427154756,-1.124380856421442,-1.3124179209918718,3.563839823533925,-0.3225740784885095
2016-06-27,-6.32865347594293,2.0117320737738256,0.8327967409982876,0.7734360922209871,-0.24612366422745055,0.25446218449375446,0.14925492797667514,1.468202624594173,0.6022046129186392,-0.954981703853998
2016-06-28,5.509238209713702,-1.586626419586317,-0.25086790562882044,0.5978881434796953,0.0867072922980594,-0.047438191736883094,1.3936164131640667,1.7332420355242175,-1.2693397284762644,0.6230741231915002
2016-06-29,5.507855415716662,0.9848854561271049,-0.8516126757832481,-2.6767515277775495,-0.0438038514396299,0.604125270169388,-0.5679868190579394,0.8837323100931247,-0.8573999861950451,0.7080730472331895
2016-06-30,3.5653335089413822,0.801872369400306,-2.1037800150779624,-0.12237055851448642,0.2318163277916011,-0.12554908120141542,0.49455434290612876,-0.26441944534203354,1.2898195786303597,-0.8724503706800549
2016-07-01,2.6323236694375964,3.9778850412943276,-0.14444831309934647,-2.2350184958243746,0.8154663696570615,-0.150835890062141,0.5357734436171504,0.5521430311198349,-0.19663806932612543,-0.15165144944989625
2016-07-05,-4.490408504607375,1.8821256641356143,-1.7303624068521624,-2.671400994429004,-1.5694365200081253,1.0245975118022081,-1.5254444863500847,-1.0229134975295069,0.22333962257132312,0.23147076421454282
2016-07-06,2.0427482461955644,1.5769663237367617,0.06151637814951111,-2.08352485716649,-0.7329802219482898,0.6846310262737059,-0.08855560929514737,0.6543755667963087,0.74865227550718,-0.6239944361109192
2016-07-07,-1.9726904275686579,-1.8611941536875234,-3.349459589308271,-1.3609240906116442,0.21074595754583547,-0.27063713886448804,0.27975614876737526,-1.0131773763314436,0.6427708136071891,-0.27419048718465594
2016-07-08,4.898884499736659,0.6677417775893496,-0.6791351795951174,3.4002233052433413,-1.2338053837883403,-0.06607062672389657,-0.05524349265728515,-0.2091945249163052,-0.17084815122496272,-0.7618927842587865
2016-07-11,1.157693564530795,-0.09895341357528913,-1.2942972009975244,-0.9592862682897795,1.0565168385718449,0.40581175446101897,-0.6355865792313744,-0.7391104312842428,1.3800383569984311,0.6787062995173918
2016-07-12,4.7881525690811015,-2.8609194166769236,1.853028359832358,2.232045994630058,3.1835881066370364,-0.29467892919913924,0.4475906973237295,0.1663439057989499,-0.652826543835537,0.4071519126249133
2016-07-13,0.1637209433416179,3.1306825096357453,-0.8073640682602419,2.6856127549677353,0.387511537421253,-0.4201822330894086,0.44847076312230094,-1.064334937582569,0.20555621736578744,-0.8399924512605689
2016-07-14,1.6600708625822946,-0.749570234767979,-0.4673050622629325,-1.1163864811044628,0.8544653017449293,0.45938657417677053,-0.17263562862876444,0.43274357704674904,0.3541099478101927,-0.15426063160658168
2016-07-15,-0.3741427891358883,-1.6884009326677938,-0.19003734026462107,-2.2573771150060664,0.45198951565683576,0.12199189889614383,-0.12199129197383203,0.5532283729691504,1.4725852617521125,-0.22817146940349214
2016-07-18,0.05434771797612953,0.391359364601383,-0.6095566415975754,1.1720757038165457,-0.16695171090086905,-0.17124998855880288,-0.29783500405066754,-0.18179800505373633,0.06907217309127966,-0.3813859891580501
2016-07-19,-1.9587014715422373,-0.862310336064837,-1.4284214176068102,-3.431047013363186,-0.21547517872813932,0.2635231852124531,-0.049241769478873244,0.7372503055756895,0.012022985342469832,1.0330176158226878
2016-07-20,-0.7170534223014247,-3.889616531697384,-1.0849954898355163,-0.7268515812831479,1.0828444634797194,-0.19322801718121002,-0.6074773848708178,1.0048795648344233,-1.0247569981079012,0.935182097656834
2016-07-21,-1.0445879363474635,2.9721997066504935,0.6987019717655456,-0.19949284445412116,0.19087452766030003,-0.13460968475416302,0.3541816828124954,0.04085075217788113,0.647533387319019,-1.1062039004186464
2016-07-22,0.6224105967005399,-0.9286707717322675,-1.306771572818916,-0.3339994073012386,-0.8620039442788191,-0.09101577016589046,0.34136279427591343,-0.07827191327079867,1.1152215492224726,-0.9321801878411805
2016-07-25,-2.934167634135487,-0.8816514731494391,-1.601749902304174,0.10345257101647687,0.9652650907434001,-0.06722169519976806,0.10042220347219397,0.07405979065836824,-0.39280926290049545,0.421797027317099
2016-07-26,1.7377046901033752,1.3986414145802513,-0.34039612577464,-0.955829027433235,0.7122444880882515,0.1914976955621543,0.022872348755380353,-0.5418593867932093,0.016091351426158803,-0.8684868509829506
2016-07-27,-0.7055775586237917,2.6340089836916514,-0.8175463665566206,0.8238441521525097,-1.6740688207035923,0.23424186743761577,-0.2705213138339646,-0.6875045826118887,0.39437917748699763,-1.1677683645910042
2016-07-28,0.19474767431145515,0.8394944398955436,-0.7632423269906851,-0.9265246144409749,0.3753255744972866,-0.7260706491770241,1.8224973979557095,0.21948399251803227,0.07025835276277347,0.05482975093219044
2016-07-29,1.0827623539104185,2.7212346230381543,0.8638285162503236,0.8832454747718177,-1.022450588010371,0.2362447781628952,0.5299642193825473,-0.3192535016835209,-2.1048333732335056,-0.04979989888560898
2016-08-01,-2.883372049169506,0.9653662790161239,-2.974160093198866,-1.8242239023613518,0.0960369852721969,0.7478994251709118,-1.1046869404631319,0.6435534624702158,1.31498787405519,0.336991895672836
2016-08-02,-1.3318465792925271,2.010365394220708,1.627099152614246,-1.6409253848425704,0.33953716115115723,-0.5019637372815607,-0.03234970534746548,-0.8784081137791644,0.47075589774572957,0.0686599648842239
2016-08-03,1.9364945235783082,-2.37445893853377,1.8688449324239695,0.45175876621738703,-0.7022270708019347,-0.0349547763096315,0.30699455116600394,0.7696877047384447,0.17530834394917777,-0.47813074288176305
2016-08-04,-0.02777645139531169,0.08528827753179218,-0.33201349637719224,-0.950655866979249,-0.5990368743090412,0.5024033487117671,-0.3230977293976193,1.1683624728193762,-0.5586509012697094,-0.27044839486712013
2016-08-05,1.2999881027819713,-3.6541175630649385,-1.1910346362827302,2.3569535479200288,-0.4258285082364705,0.18050168812036071,-0.7952536010563988,-0.32026308750066107,0.7757204410749776,-0.3900993145645444
2016-08-08,1.1507860363772635,-0.12273981890368575,1.9333164434823618,0.20823869878252027,-0.2877798133439849,0.6242575450119668,-0.3280806919775549,0.12899604593291542,0.059894731038046316,-0.3337932122639443
2016-08-09,-0.5817400868374389,0.9575018947105154,-0.6014815117842953,-0.290106272179247,-0.47632602532772017,0.2478589198379947,-0.8920321245652878,-0.5403931253505432,-0.8332095698205546,-0.07461580125639992
2016-08-10,-1.173338685873979,2.170207032388546,-0.6489579019789655,0.23305703946296433,0.21917505182103955,-0.5097923925070239,-0.21357236984544736,-0.5816483568017999,-0.6587362145982797,-0.11891929771364765
2016-08-11,2.0990444062816476,-1.2978336241608135,1.2812428612090425,-0.5730359190588739,0.5658323729552285,0.2908113379417973,-0.5426134434526866,1.0339386987983294,0.36443250527966103,0.4303671563573767
2016-08-12,-0.8412470667335562,-0.9327026077567631,0.7827690960166995,-0.6251890784717686,-1.9796281435352352,0.06747174158274052,0.03443295580689886,0.3577564401556526,-1.2370624804278358,-0.8876364320248138
2016-08-15,2.205073269601616,-0.3535992712913921,1.1823885934625213,1.0725970184137559,0.2772622137201245,0.26557763608146506,-0.02519887196370333,0.1351455104995623,-0.030760564109101583,0.698162860225796
2016-08-16,-0.43065409717858094,0.696651890506973,1.591265304526762,-0.20992851689846592,0.7943646604779205,-0.2662774807154304,0.5888308806781898,-0.2958899728382017,-1.1316049930168597,0.8986532085531599
2016-08-17,-0.0674217738960396,-1.4922426484881204,0.4345356978990328,0.8738168076734176,-0.8818617720028082,0.11851395191152386,0.008854089733891965,-0.04336008333342606,-0.7636834039716789,-0.015024929377362009
2016-08-18,2.4908346711830918,0.8775497242912658,1.406805415267888,-0.23547229098985442,-0.1789881603034398,-0.19668944115491196,0.5047734000267461,0.20590900182379068,-1.1926282642859796,-0.2683284765394804
2016-08-19,-1.355707598812053,-1.933766695049339,-0.4665602078081089,0.49742305848408586,0.5057678062932552,0.38740464907104005,-0.9687872574741667,0.43786706766116273,0.45570905678699775,0.13020307315435256
2016-08-22,-1.5140929580401856,-1.1740372222546802,-1.1037042541356388,-0.20825831459740263,0.16531414217316426,-0.5448088081634748,1.427805080174808,-0.6399236870329802,-0.5605996848763387,-0.4328282467583811
2016-08-23,0.6638246798627199,-1.1181119205558074,0.10256110856613741,-1.1655931643272734,-0.382207339630098,-0.4506067659601221,0.4184434873884726,0.5025143163421395,-0.011559404605704161,0.42924784728089954
2016-08-24,-3.531099571135938,-5.011838703427021,-0.3952939078047818,0.09177523125360204,0.1966105758779513,-1.1268447761921565,0.7020467568914882,-0.9459188250291566,-0.9344912407166434,1.6866639299765576
2016-08-25,0.034590379654913773,0.2729569054991117,-0.12844399829848888,-2.0044124683940514,0.5036133815700833,0.08180152318347703,0.23147790876869206,0.6721668643837454,0.4421417189393032,-1.0100614764374976
2016-08-26,-1.2589775074657164,-1.0037247714760984,-0.17255501038519983,-2.3482297550148123,-0.032228207350871695,0.856012321532355,-0.1614467092815061,1.0394077452161121,1.820088437547811,1.2564552625010652
2016-08-29,1.4946129413310467,0.6769634348493666,-1.1498988708039637,-1.865039682402537,0.10089401921696155,0.5849740915287427,0.3923930860822255,-0.3761431987427529,-0.5633375073395201,-1.001122257998896
2016-08-30,-1.8837169179504016,-3.7033852119518045,-1.4668814866002284,-1.541139408515764,0.784974448085622,-0.2968710221192982,0.11137794744750025,-0.3651372414796829,-0.48450618658164657,1.441479852922545
2016-08-31,-2.499084425853937,-0.36096003780386465,-1.3590441532968056,-0.1670752647832235,0.5045098989476341,-0.7860276958074671,0.6187515826985995,0.0012125688825800052,0.032794561842138276,0.4711101088581586
2016-09-01,0.4065114358517547,2.1714569211002597,-0.12674516931745938,1.4571099309720035,-0.9133749600181718,1.191946671479598,-0.38861765123413305,-1.2685971045607711,0.4129207192678634,-0.532363012267036
2016-09-02,2.9966538334665116,1.6337916444046219,0.6127939085051466,0.8737328326008682,-0.7021496572326925,-0.4079441621260219,-0.7200058044749647,0.11835438565206687,1.3104036192618436,-0.4710529286872732
2016-09-06,2.2967873579965294,4.409876147365112,0.9237617443767125,-0.7244284800274029,-0.19783322689939242,-0.11467659169648836,-0.22988102996294058,-0.6795505589261327,-1.502240965740065,0.07051113853555238
2016-09-07,0.6833119317056715,-1.0035784879583334,0.45606195550813267,1.4286409730308005,-0.7860549375651835,0.12800187890955697,-0.4814688285340556,-0.6043123460034872,-0.37226975213684294,0.29974493544588265
2016-09-08,0.7232485590712653,-2.0970909148919032,2.7951070905394366,0.371288097785996,0.1895656839946647,-0.20670307622220688,0.6802041156427616,0.4658749614013207,0.49519459478339173,0.6248509607322196
2016-09-09,-8.391694230497826,-1.96372693983996,1.7131103948756177,0.9880865976740243,2.197824636269721,-0.3632465070070194,0.7710624177658973,-1.4811459787565444,0.8565011485788676,1.5157457291722614
2016-09-12,3.568378809324929,0.24738645342833987,-1.3474560200187353,0.0067555908959559124,-0.5116663503016841,-0.2432848896003482,0.5191324874486839,1.0379913649428865,-0.0218912513751021,-2.0629537862156027
2016-09-13,-6.392321330858092,-1.4892032553451733,-0.859441943480228,-1.621971588024421,1.5016641257701597,0.2526705786823938,0.21145555955019943,0.32683953639526775,1.2196768030924476,1.8272524300445834
2016-09-14,-0.9301301458664168,1.3871122970859204,-1.0004342999582874,1.1737981879316406,1.431789173893782,-0.5819852526639888,0.24782304790994425,0.1037390144189401,-0.9110855755518295,-0.04412648888981596
2016-09-15,2.728836654338076,-0.6138226806987848,0.11220492513051274,1.427002638153976,-1.2014355031319175,0.2710307182294912,-0.2194029017035181,0.33584429594147697,0.26261043978307586,-1.1538614046773188
2016-09-16,-1.5483450003433947,-1.0179192354053446,-0.052490639743373695,2.147549086327717,0.8411155080438488,-0.26683040209159986,-0.15901827002772978,0.7974719399172445,1.0987110299005687,-0.7084533586282763
2016-09-19,0.571933386963555,1.1007318731598903,-0.005997812348731389,0.23282425987664193,-0.21397231284067136,-0.0827053066803539,-0.06236291673696564,-0.2864362271030455,-0.2819076949264679,0.7025338949030253
2016-09-20,-0.5011973223135132,0.5068669243523741,0.0567241132683597,1.4916914835530237,0.733518923766531,-0.028875981238625698,0.7943326590512784,0.8595472039416495,0.24322814047185926,-0.12753853671955065
2016-09-21,5.313933805620485,3.1165345724991154,0.48126311070171435,-1.6095900314880678,-1.9269885659094783,0.5935517476339199,-0.5545048863553034,0.4849914745582091,0.4230989943813556,-1.6564333109962195
2016-09-22,1.4973671834687192,0.145193064118125,-0.6533257252457905,-0.3569721445606596,-0.49687257814325486,-0.19065100024156295,-0.7938779731510996,0.8497910404813639,-1.4004545763335974,1.8241422502792992
2016-09-23,-2.566705540783543,-1.0485913237647229,-1.4161082291971943,-0.2806293106733783,1.4850203634442167,0.03214836937720483,0.5509135602627275,-0.863110282294791,-0.4227628408698167,-0.27697828010863945
2016-09-26,-1.779860753528344,-0.04833309617463984,1.3840503244587585,-2.086939132761637,0.8357598703018504,-0.03892398952218431,0.4682923311839052,0.6754315714687082,-0.9810203638079117,-0.1268275552881574
2016-09-27,-0.1841671745235679,-1.9178933868068002,-2.1676154470322975,1.8163261844228056,-0.9779649387855625,-0.0051311667573157825,0.19591944161602293,-0.5432511920148837,-0.6504705503311708,-0.5207711668589532
2016-09-28,4.806255854972526,-0.5991983891637194,3.2837936261917515,-1.9950851306713941,-0.03098423435123359,0.2109543416620187,-0.6455539209671742,0.0171353580608564,-0.3103267691961345,-1.1743565232610795
2016-09-29,-1.7463456855189,-0.06797308123494998,1.8777333710100792,-0.4982390548798427,0.23466010852033195,-0.5216814735002901,-0.05637762745664384,-0.1180694838329766,-0.11752678123741318,0.3574255678985836
2016-09-30,1.9439151350494124,-1.1454367353356454,-0.3802423238530831,1.3725954156402285,0.16534569685488895,-0.0015801438448827573,-0.4394899856258347,-0.39201628026191665,0.1463475439881046,0.6711784049314624
2016-10-03,-0.6341990563840764,-1.552032754723563,0.537284391153663,1.5768078219350283,0.3511917721885253,0.522318375332378,0.3596241224956098,-0.07987850978829848,-0.022717769210030294,0.19831844394323656
2016-10-04,-3.828018256303126,-7.8752219179821745,0.04455663496719377,1.0149637307324535,1.1739448596371655,-0.6235027075534245,0.19842554648286975,1.1797932396821733,-1.2704854517230146,0.9214272907444233
2016-10-05,2.1560753027779587,-0.4701772361380632,0.6866314668964961,0.0347317566694198,-0.04557300445667261,-0.6443467091099774,0.07495618217072322,0.5134597575499907,0.3918308371698697,-0.876477871701269
2016-10-06,-0.7718429980340087,-2.81553499117421,-0.18689949703526784,-1.0814288057735426,0.16306969184314732,0.8364887755970305,0.06357473304901187,0.6819165517459809,0.1956187043808561,0.4315784477484392
2016-10-07,-1.8849696373576497,0.723460468934593,0.5075955070526363,-0.31326039139741413,-0.21541126667926902,-0.020370666279254417,1.1829532494334434,0.1821501185295207,0.14860356828642765,-0.018128296785748524
2016-10-10,2.50711092742561,-0.16074746765168743,0.2549651406431245,-0.3316198182963286,0.27724558596279975,0.1271366058704681,0.3106577262934861,-0.7195580604312749,-0.2615607749553879,-0.7313457108045655
2016-10-11,-3.4259287033054253,-0.8422511025257294,2.112350179526437,1.3082062894380118,0.6035379161437906,-1.0162473487939871,-0.667093088046661,0.6713318597689206,2.060671032081789,0.684878213821306
2016-10-12,-0.23919793370928022,0.7372394849807736,-0.9894353826026936,-2.048984572510517,0.4204673093542876,-0.02998942463369323,-0.25908259000989126,-0.04224467634559431,1.12912566780557,-0.820756793486874
2016-10-13,-1.1748840501045144,0.9285376154413751,0.8633583819955494,2.7884950658789567,-2.6830190766414956,-0.20917583062573653,0.6882660210039698,-0.755830489129403,-0.47200908328272484,-0.5293528897362649
2016-10-14,-0.495555093192344,-1.550106281038121,-0.05055233818405261,1.4776584251603972,0.3946110647955801,1.0229491039640868,-0.3175057751373012,0.13506730471787812,1.021768551062338,0.39281258755266724
2016-10-17,-0.154635957669431,1.5574059087161638,0.26835058138043927,0.545862580740248,0.002952197571477788,-0.8207203662739786,-0.37096344334397807,-0.42110543787458815,-0.07724385136075462,-1.0539536650253865
2016-10-18,2.1989284088259704,1.8492949920675623,-0.36354652013311,-0.8048350443902689,-0.31983373357794204,0.7194032624502166,0.08449745643932399,0.30321634364157063,0.4663014827612391,-1.1879426642950743
2016-10-19,2.3546151269500837,0.8769514683806843,1.046826407902884,0.20438119969489424,-0.35116891758778757,0.2732998472475501,-0.8799130207287705,-0.28540498926498586,0.052696849178413906,-0.4618598029426076
2016-10-20,-0.8436327905863892,-0.39734417586719556,-1.0614632925374574,-0.9368621618143678,0.6068001146266881,-0.5096448753593626,-0.22043696976730545,-0.2618685886547631,0.680852964945892,-0.687404478237682
2016-10-21,-0.8657540024208615,-0.7703063320320876,-0.2529983469510229,0.5126564076475041,-0.2738239363294587,0.7769105201285721,-1.2345349611534295,0.4881777005482514,-0.07458134822863058,0.361812636479451
2016-10-24,0.09603836538608451,-1.0074750970682693,-1.4555512920857403,-0.3562775676103452,0.829426485214319,0.9474465254974818,-0.8137803522567781,0.03066073086145763,-0.44321823930975585,1.17180743727784
2016-10-25,-0.400423742449806,2.4070673300331276,0.18181973254663003,0.12235431342366168,1.5704311282524568,-0.6886203568153847,-0.49123595850977675,-0.10926436800556785,0.5495381223675495,-0.5512050781305122
2016-10-26,-1.1935802241000046,-1.0472172769145804,0.7487429946642663,1.8735785107985632,0.5697007742486031,-0.43295200479369533,-0.024911698413246478,-1.0227436233932605,0.029062011934115728,0.3174275708070105
2016-10-27,-0.924168207361326,-0.8967012900316575,1.0207762393238964,0.9473745446951141,1.4495538213431938,-0.5556366755168272,0.1101882965234074,0.4507318239874185,0.4683745156379989,1.0501735916036674
2016-10-28,-0.04659219760675867,1.3560696211443086,-0.35029308765185474,-1.0686951033479681,0.6737928346483832,-0.3457703607657674,3.2912521924408886,-0.1817994423664253,0.1289503154620922,0.18774085257790898
2016-10-31,0.022810647932659963,1.8725081166848299,-1.3742099334926545,0.6372842718704845,0.30587777777580294,0.06734943128793856,-0.31008571181023065,-1.3155529196014202,0.9147020196651698,-1.5900119736160696
2016-11-01,-0.7255339851722864,3.405255709800255,0.86016871051144,-1.966796674540449,1.2168868275456601,-0.13033970640947526,-0.4447937169746555,-0.6288700358624879,-0.7441569325793146,0.32094968643642674
2016-11-02,-3.0271389193320974,0.4397307139603275,-0.9744585314731595,-0.15233076527747486,-1.0130564911709108,-0.08350022483843254,-0.4268919473714986,-1.4893957591381677,-0.6010901606500404,2.248897299080395
2016-11-03,-0.908346598365359,1.0595224712898215,-0.05026179551090401,-0.04580571667384761,1.2368361190822705,-0.419538407633841,0.30951856121194943,-1.0130644021079787,0.05199122272605395,-1.0045250651116049
2016-11-04,-0.3302062219091249,0.024972540454142197,-0.7579170402716597,0.6025864194039252,0.4469072668674531,-0.20531498485766966,0.3447287426948511,-0.6498051459737103,-0.45432416056671804,0.03359334254192985
2016-11-07,5.070023430566578,-4.034023110768819,-1.842606139764593,0.5176584021307782,1.183582808882199,0.570928005110743,0.2319229110599639,1.4289987965271986,-0.013599843877450368,0.43275181422532716
2016-11-08,1.7359352321853818,0.4783115668637165,0.155753509531931,2.028237302671723,2.776042376924796,-0.25229397019892125,-1.3672382744361538,-0.11701711941830394,-0.04525542702537093,0.06823564585755586
2016-11-09,5.041479047732247,-0.36930218084413136,-1.9377839888280994,-2.634375902795601,1.7964366354934298,-1.8671991528216403,-0.9298249212400443,1.5106214607477595,3.32424473006979,-0.03161981046841966
2016-11-10,1.1038173524557298,-3.156354901237637,-0.7903346243712528,1.6160482301424681,4.747971046675203,-1.1660868209663873,0.2471235087054685,-0.4496761134814465,-0.7542681717198947,2.477703118081261
2016-11-11,-1.5609587969393284,-4.055828703231983,-1.431864878492336,1.3004283227213358,1.8590099027843834,-0.7436775917723482,0.27830990159435115,0.8333092620879439,-1.8443404029798776,2.4462211970372083
2016-11-14,0.29282462566158296,-4.022025881866433,-1.8906329294746476,-1.855163119387047,0.657102770578924,0.8353686492159567,1.2047600367311722,-1.1249731712631528,2.889521311452361,-4.50443395456018
2016-11-15,4.13492591892079,0.6184504512193747,2.7944658849915873,0.2827709027636563,-1.9494875859362653,0.47142444807036643,-1.2045352070991375,0.4031378036254989,0.25583793225793217,-0.690968166667184
2016-11-16,-1.1694958441793672,-0.6374873057324542,-0.33238933179421926,-0.5371602432734469,-0.32603118335778275,0.019545662567086418,0.41102598326859985,0.3816550989952205,0.22883716595519882,-0.41136233622186047
2016-11-17,-0.2331690310004299,-2.1909349285822364,-1.1735589762811316,1.6093908388131326,0.17396484741593446,-0.31770441364897145,-0.8231164205698912,0.21213133512117327,0.3011984294885327,0.8482767129714003
2016-11-18,0.09542552076446907,-1.8167110043717136,0.6940196441404154,0.814763313003999,-0.9137903106314266,0.32758950846637475,0.9479269495366784,-0.05849147210502235,0.8926821545167828,0.06587426366434294
2016-11-21,3.8064180921237516,0.9153284067984645,1.9304116765673784,1.1842915106086918,0.8407803533398238,-0.6714697183528159,0.37783112739976815,1.2928743166831813,-0.3895590134182655,-0.9853542882307331
2016-11-22,1.700196079626332,0.9838822140476008,-0.11234768558469677,0.48025174362031064,1.9924453552525676,-0.7532490066849774,0.2404085923614945,0.6634784594648876,-0.21396319265115177,-0.7894282978711433
2016-11-23,0.6941192786119731,-3.5375124226025076,-0.2561845589788836,0.4797723929444155,3.289067725280692,-1.5287459412570936,0.373016173840567,0.3823711793614565,-0.03908536708202832,0.16587082459013086
2016-11-25,0.4945977263983262,0.7971378343031927,-1.504023208025598,0.37089543853469525,1.6685530965100552,-0.40757797274925117,0.9743309982502258,-0.4273993828663,0.13355499970108295,-0.014012972090531088
2016-11-28,-1.2546771818991629,3.1522142071791137,0.706650136538279,-0.4506792504835101,-0.7122184971868982,0.5427058054138313,0.8439846042829218,1.1361099609028829,0.22163609540673643,-0.6693883007463296
2016-11-29,-1.826772386290195,-0.31431433680916265,-2.693341812719798,-1.7990302397042142,-1.5741090374359783,-0.01887182995260996,0.9792338796281504,-0.7578653332196369,-0.20811319127641992,0.5048017703641717
2016-11-30,2.9094963332647406,-3.711162301120507,5.549423580863715,-1.9585609117902645,1.0769494787243274,0.18676099310435074,-0.3341495231078694,1.1162171290840412,-0.15601307235693446,-0.3345358080018942
2016-12-01,-0.6768444483876426,-0.7552777327910233,0.7136389117322206,-1.4300922139165686,0.029686599888430882,-0.25923809759314853,1.2409020591347069,-0.21961472426087325,-0.2596394940753727,1.2466620539854503
2016-12-02,1.4486350461753776,2.826428028244866,1.4767913760360054,1.094511609602031,-0.8607711063413288,0.26541434155749744,-1.1466896875181867,0.7608527027508033,-0.25264277753011355,-1.31242329046855
2016-12-05,3.1226076880996065,1.389547777443571,0.2111276776383638,2.4640589982401946,2.935931963231263,-0.8042636611747647,1.520075117179676,1.6544796948537481,-0.978390630334639,-0.5414156215686063
2016-12-06,-0.020929908612240398,-1.4301870345444914,-1.5062287114956867,0.678407521151861,-0.7510389280017904,-0.5470823560149043,-0.2740551712625893,-0.6406770362638354,0.36561778784488025,0.19851904391383512
2016-12-07,2.209028643006731,1.0012204254555859,-2.4493642581946538,-0.14832736294736973,-1.310882173709606,-0.159891057111788,0.09787506044566417,-1.24806141714057,-0.3699829458651915,0.7254973724355392
2016-12-08,1.0004743972617969,-0.9514731672774445,0.06297852342544588,-1.0631735069510635,0.7211851059921521,-0.11384785477174558,-0.053687186992103016,0.9798394810344252,1.4512331606989202,-0.9992734282895533
2016-12-09,0.3099044095936777,-3.356711949455964,0.44424196852336933,1.9909969489328512,-0.7229796967982005,-0.014769569643476142,-0.1822726458315689,0.4822044286309343,0.37502172235016046,1.5370655818825942
2016-12-12,-0.4608015626272992,0.5148688956063965,2.1155611474388256,-0.725233395594799,-0.5004923546809982,0.37220591867654634,-1.357628005556572,-0.5602477739331373,-0.9578498659164115,0.3862140422470644
2016-12-13,0.5124392081294098,-0.47201262577954006,-0.04786297453010164,-0.6524961880428808,-2.188006677713664,-0.3359632283217273,-0.7250299066600867,-0.390195030669092,0.32305477153109585,-0.48504733786720045
2016-12-14,-4.587744370469182,-2.4320864737574577,-1.2915372874281754,-0.15484828296893782,0.53892957046996,-0.22210887676293964,0.45363733792934907,0.33714216095597904,1.2287475605256828,2.722946843043642
2016-12-15,0.14448516217299975,-5.250742338238781,-0.2899830667960172,2.5555150401909787,1.368767725090886,-0.49249710932523255,-1.0013775035843602,-0.06859600989835445,0.45569572114500634,-2.5148424146857487
2016-12-16,-0.6756067090610218,-0.15776040454157236,1.3294456947617321,-0.38008382226005816,-2.689270883901002,0.3069584357067791,-0.5898191269665292,-0.16053742664011922,-0.034639363276510376,1.4060748202297462
2016-12-19,0.029196491074193077,-0.297954819789755,-1.2207129320978742,-1.2146828181390859,-0.9117226700610414,-0.6284352758894427,-0.5635091002633755,0.3329572539133545,-0.10821987703956408,-0.9071497080729629
2016-12-20,1.4197219665488379,-0.3283910926426165,-0.8960934873522136,-0.7991938069907032,1.9523301967348339,0.2363509285132006,-0.7677393439499304,0.2620709327748102,0.08763540138948929,-1.0119900957556984
2016-12-21,-0.9367914892328142,-0.051971917647713015,0.002368999036793869,-0.4304890665364998,-0.15068724549013915,-0.51845825305119,1.9942696613424107,0.5087464870038902,-0.3164831832062314,-0.0690601134339974
2016-12-22,-0.9205501000938747,-0.5723608655430932,0.946947754867679,-0.8954490800721103,-0.3427094129291981,0.9839950420966006,0.1254574065241046,0.1668192673398746,-0.035414097775833445,0.16085772791708666
2016-12-23,0.32519193824938164,0.8236589164758793,-0.42421163339326173,-0.817046853767384,-0.592078110334088,-0.9460457080068692,0.36439675207386074,0.2690807005114644,0.3708620260460129,-0.9516387645168969
2016-12-27,1.3592244536383233,1.492559065008945,1.35242968789887,2.8956979097419735,-0.4129409318720676,0.6065475346432564,0.4182354984410059,0.3037788778148078,0.46994405460284605,0.23242787642600302
2016-12-28,-2.2724941340583116,1.2904552774483151,0.588048181536618,-1.8657324887016793,0.11259658953969516,-1.0969414374424493,0.5925405263031341,0.8218633058221764,0.3877275609230844,-0.729521272293349
2016-12-29,0.43884096889209584,4.364146629435046,0.09818449744066564,-0.49151748417375063,-2.1853310470907634,2.7168928122434663,-0.20041772765305624,-1.2189652638698554,0.44928073111848243,-0.789345588042637
2016-12-30,-2.0803885920398577,-1.9336786744046037,0.45270074764451707,0.5438464567048367,0.74185456468173,0.49588085159745116,0.20732638724597036,-0.41668826702625394,-1.6254325669122998,0.8298550562234999
2017-01-03,2.1167800742469782,2.0304935544549494,-0.959960178038187,-0.41633726144732186,0.23933447859905999,1.2479080421152104,-2.6896646062604845,-0.6656322325219773,1.8189164043165331,-0.8625040802447629
2017-01-04,3.267219923280875,1.7441613777942568,-0.14368881891355845,2.358713760246655,2.0000935261186936,0.868990665937771,-0.0718182132641359,0.6612618651954527,-0.9294676911737142,-0.30800656357449374
2017-01-05,0.12021862531405925,4.475557133139673,0.5732991043079136,-0.1181402275792935,-1.7147975546730334,0.17957181928856586,0.001935410403897128,0.16278483687298168,-1.1061301377275756,-1.5771799379032154
2017-01-06,-0.4146950817728609,-2.9598511803378407,-0.7610524569656295,-0.7064648861657676,0.8962015392268752,-0.40055177558543226,-0.3427183307016029,1.1264568762572713,0.605214817293349,0.7159494428194664
2017-01-09,-2.0745395764488967,1.3911536147898687,-1.1745925262562011,1.1091789113500254,-0.5713738691042418,-0.3392799341778766,-0.9573088691105618,-1.3295073160817035,-0.3722112016206697,0.592590822486087
2017-01-10,1.404957488919595,1.4960168658973685,-1.2544430599584655,0.7834529434439136,3.1188333964987036,-1.2600964240604866,1.462474811249229,0.3990957680252093,0.4848333038214062,-0.6259384086725874
2017-01-11,2.07349283102224,-0.05233711233641991,0.5864290520233809,-0.8111183024216092,1.4614826087720347,0.5730053868443951,0.009967739041552506,0.4911647930356012,-1.050042088014648,-0.0393238534305952
2017-01-12,-0.5157600749027709,0.9827222124093284,1.3846254092517736,1.7577136352259195,0.5560492764237611,-0.4716985156906049,1.0657513656568682,0.9329736769574255,-0.8621082935550398,0.6164857438023826
2017-01-13,0.6091168646122121,0.39639344050530984,-0.7171138176237263,0.6276385262236243,0.44099766094379833,-0.10354203074403083,0.38412230273547604,-0.12431059609074785,0.011924893799430625,-0.23542377448625496
2017-01-17,-0.6964511775425437,2.724530766717944,1.7869614556671003,1.4246421390671584,-1.693738359326311,-0.1760386062144663,0.15405444918229888,-1.0795499244282836,-0.8137127960521674,0.2753197691856425
2017-01-18,-0.2974696398286301,-0.6831267498151808,-1.3067073251694374,0.4044132595963755,0.8331846523962068,0.14388833943517623,-0.5900054631931728,-0.7631467741032597,1.5142772069150128,0.33852145978043585
2017-01-19,-1.0984937448191396,-1.1324328077131487,-0.05116115414992528,-0.2548981452883794,0.6417476760302117,0.13820446652796212,0.3361023074086179,0.6177051192120739,0.7154611076658569,-0.2753133008264272
2017-01-20,1.618493776446089,0.547139561447335,0.08525349399639903,0.4472333998460893,0.016332243379200983,-0.24282561578512787,-1.4098427179437991,0.19868412100543725,-0.889163713502418,-0.07224771339542028
2017-01-23,-0.5282572500883197,2.9538316087979726,0.1030975569822824,-0.23723318242743943,-0.022068403962663852,-0.14855186671512813,0.30631672682597344,0.4534109468510776,-0.5716744639453332,-0.7666128776155806
2017-01-24,3.713796204209733,-0.06460843660274178,-0.9177886744109058,-0.5743691909119467,3.2501672707049423,0.38004987184822625,0.611332891707084,0.7819549154347049,0.5707453196040979,-0.8229192908910821
2017-01-25,1.4240034846046392,-1.776478403084594,-1.1117720308853012,0.4269771274343765,0.5320666046557152,-0.7289324689181814,0.4964336673597738,-0.05073764414853697,-0.5961955478943455,0.17131266731805173
2017-01-26,-0.5982240466615665,-2.7485913915719893,0.360074004934849,-0.28223748307648017,-0.9839065872441936,0.09733177147546178,0.04234654447133309,0.3578315285403647,-0.4289952069357099,0.5676280413262168
2017-01-27,-0.6189500060624438,1.395757245623619,-0.23400176468734182,-0.5504606766436497,0.4751199705759407,0.059202513564593315,-0.042420666404286024,0.5421500156869802,0.6105930449697602,-0.30335486175864873
2017-01-30,-3.6231139677457986,0.5877592105792254,-0.40351210585901737,-1.9543169411748444,-0.4602942688154424,0.45167495336332697,-0.992619103274757,-0.3315040697743602,0.2262173174021858,0.24740112902715863
2017-01-31,0.3456682545348452,4.101430655240394,0.37682408827153546,0.5699341635216898,1.1326419794742701,-0.09202603968684842,-0.6517881670729914,0.13517182970951688,-0.9999867896643886,0.07171563718680943
2017-02-01,-0.19257148357237655,-0.10656290320321708,0.1327745942550949,2.4297863127427552,-0.31900654832626474,0.02030310518656596,0.013567865282399292,0.6675848650758935,0.38595201352657116,-0.6005728258542624
2017-02-02,0.40164719201632415,0.765017356334378,1.0048318740449413,-0.6719506983595505,-0.937524556005157,-0.5600170880483326,-0.3106920207968402,-0.18894913150522205,0.7294371887344299,-0.5706974177043027
2017-02-03,0.9162975412877818,-1.1031791474868653,-1.2201051953229374,-1.0762910823528953,-2.2061137387292757,0.5084770969555108,-1.1552614485797368,-0.4719014927934933,-0.02660481739951298,0.6377628590703732
2017-02-06,-0.5526311388230758,2.9347351590358413,-0.7934155295437376,-0.34437928227232895,-0.004133969474810041,-0.0681100764051857,0.023448438466628557,-0.20306129424298977,0.1785873478794598,-0.30614453485843135
2017-02-07,-1.6343412120534915,0.00665422830518894,-0.6154926598153162,1.5815032895295908,-0.9896330191281567,-0.14816364713019986,0.24507418046057064,0.5190121927138617,0.5418716271473455,0.33635845516483626
2017-02-08,0.17996031652425087,0.7480253777178077,0.24170563849550816,0.8751884650488696,-0.2860030986230794,-0.02782173860165244,-0.0704636890880798,-0.012982501214181756,-0.2875296159483148,-0.0016434216300108574
2017-02-09,1.2094755473040717,-2.3820308281258953,-0.37445061283979736,0.4184631146749118,-0.4175800405869981,-0.03307171564705526,-0.2110368477628314,0.03879243922456416,0.256582420309221,0.800144454414183
2017-02-10,2.7535300784042973,1.1883486175041063,0.9499419497318726,1.0590241581411721,2.3777357500012917,-0.7748320238303399,-1.0804427033923376,0.5059494597036068,0.007048880044833459,-0.39204640052343465
2017-02-13,0.9392291409771363,-0.8341355852442237,-1.3198982286271976,0.5716826537945661,1.4923380738771272,-0.058183827759548654,-0.28908726505288646,-0.6736029722892964,0.10858435991584713,-0.48602324103917555
2017-02-14,-0.2864593386086271,-0.557019535225005,-0.5952583529461619,-0.5847757397650798,-0.6340284135884634,0.3192174627104238,-0.6687287783865175,0.6495742941642568,0.658211534811786,0.06712159428855062
2017-02-15,-0.25880322143209805,-0.6002698042070261,-0.39830571247765045,1.4102771771811609,-1.7834329853727557,-0.20035545094072663,0.04823301188815383,-0.9417957803795466,-0.01720909397726354,2.181578797921917
2017-02-16,-1.5417636619047628,1.188806632758887,-1.082811399225135,-1.631537513960922,-1.4247638953558865,-0.4507171207901034,-0.7080725459328756,0.09262359791553826,-1.2259936366266444,0.6167906065168637
2017-02-17,-0.8922773841392021,-1.5075623031952299,-0.7987443237474784,-1.133170004150246,-0.6739632306935939,1.0730408661146542,-0.14889252934980501,0.4912510082446492,0.10100388708817587,0.47161433268454134
2017-02-21,1.3729735383868742,-0.6409625127296261,0.16916501499358322,-0.6779231375742836,0.7952404293898322,-0.17200536244750755,-2.5824663276168707,-0.10722131861634264,-0.22574758194033695,-0.016966763012999597
2017-02-22,-2.0256216895401296,-0.7905766889439308,-0.840881569175368,0.9165859297552448,-0.21791881855810746,0.664191537719125,0.5417919079223235,0.23706597132745674,-0.3825828553718603,0.6341709549291329
2017-02-23,-1.4050845128920069,0.6804546205791957,0.13756495912283023,-1.597185328028564,-2.051492701714962,0.08853184356605612,0.011864800938520366,0.32214825552348614,-0.40198250855526513,0.588909808310116
2017-02-24,-0.3577524811880178,0.38541111022071134,-1.142447281824168,-0.07039893814210392,0.35872126864746623,0.5400665275644101,0.4189588128457754,0.28386470464606833,-0.6323119335935817,0.9258583689370001
2017-02-27,-0.35791461591921947,-3.504457645857664,-0.42055875350292526,-0.8452062332612584,0.8333275713834,-1.089443939845399,0.7967057402485263,-0.10711785955899952,-0.7596625709044879,2.579801452379361
2017-02-28,-1.076591500288545,0.6786162821043463,1.0790138814849375,1.4787089590134403,-0.14191365374014756,-0.27926558938115636,0.6857639642052109,-0.2182780912577511,0.2808810152957216,-0.23904207083593013
2017-03-01,4.70734609810692,-0.5088352211767347,-0.23170420613572634,2.244152767585185,1.2166939143686013,-0.23552367185644613,-0.07109570369114256,-0.24666685179868023,1.87356419557398,-0.8565725577799786
2017-03-02,-4.116085815384828,-3.9523408908837614,-0.4068071553373169,-0.6084285911261696,-0.7129622805904003,0.2893624648238119,0.06507660170671095,0.299926969397096,0.004260358867209522,-0.005755900465514704
2017-03-03,0.6077621117071696,0.9207771626928305,-0.21921445501096118,0.37991235828108916,0.13000747861877013,-0.7255659971406199,-0.056718262302752606,0.5390030440874329,-0.8812445732905475,-0.579750047957813
2017-03-06,-1.9358508382154467,-2.050669972872706,0.7278492328517803,0.06472990712346859,-0.9405414079374464,-0.14465764023268762,0.5457287095127193,0.09213292452823742,-0.212580718953599,1.0016602114140614
2017-03-07,-1.9974898621608792,-0.8212407215846024,-0.11906447367650573,-0.8771853088781394,-0.14400891817805161,0.44268768464269265,-0.6731233919916224,0.1903836211558296,0.30404656846457745,-0.724577968413637
2017-03-08,-3.1202345639187943,-0.23696633864087743,-3.0768974003530523,-0.12999736255752994,0.4564719798399096,-0.1092784953180367,0.968052694319401,-0.2951898775117608,1.236739836537841,-0.09894260736692301
2017-03-09,-0.9854368549189796,-1.457689438124515,-0.06798232824068454,-1.1655765010578358,-0.48644951151461935,-0.11914728153411877,0.9181777180573428,-0.7876156885426664,0.09717922725985476,0.06255672620176442
2017-03-10,1.1378290170051273,1.228386431862683,-1.2431915017147666,-0.46307871712391097,0.09489619132500907,-0.10222496000798555,0.63708234971734,-0.4239824928766797,-0.6100230791539722,-0.7352429359301668
2017-03-13,0.556969222573486,1.179824288147576,-0.27496948309570957,-0.8664550597712262,1.9340331252648784,0.713102393586656,0.4880421919799084,0.9971561190731995,0.601050790473343,-0.439521528223976
2017-03-14,-2.759294357802997,-1.0966642800315045,0.05534645218217097,-0.18527560222580977,0.7408869748584814,0.10867207214840942,-0.6975446787807288,0.10125707950410108,-0.037644288525184214,0.6922538884838748
2017-03-15,5.094453080821622,3.7034861815648323,1.1930198942036736,2.075664131818112,-1.0197422272312402,-0.20070695256702373,0.26012467087727337,-0.7734215530706567,-1.022304472328286,-3.000907322948658
2017-03-16,-0.7281432288992133,0.9005449978256052,-0.12552748767071079,0.6490090436257686,0.46261159248721756,-0.13692993993398045,-0.39184109353868435,0.06308673106054892,-0.8717747369892039,2.2831913109004445
2017-03-17,-0.19274765821503595,-0.016460386593097034,0.0437761724741095,0.17737643821948282,-0.08461319407843802,0.4984870799039,0.527737650772248,0.04736376671813695,-0.10907123943246572,0.5276519533160573
2017-03-20,-0.44722696211828616,0.5955741964268977,-0.1973756556690122,-1.0231369803713442,-0.7389310434737306,-0.7261322941458374,0.4601670111716939,0.046806087070571746,0.4767484559116992,-0.5997163411986816
2017-03-21,-3.8939209076476713,2.11861901198002,1.4840266162547517,-0.8991556267917612,-1.293049498433676,1.7230971377333555,1.3390882780431548,-1.1227090741455927,-0.21985938855468368,0.4792458439429155
2017-03-22,0.7700253670719343,0.24608035415409196,-0.33260485760608977,-0.5389505175186547,0.869807523223273,0.0912302745232939,-0.3120548882724875,-0.0328604843969928,-0.8167861563348866,-0.274976311123944
2017-03-23,-0.37653625036548816,-0.4968635284850542,-0.40267750894647764,-0.4888675437414912,0.48929659990371527,-0.7187484824970635,0.20252134759089582,-0.051213425596906045,0.18959084616079297,0.3023408682796622
2017-03-24,-0.6569026764249358,-0.0016795961399134027,-0.10104331753570234,-0.429915620628599,-0.52698984897685,0.0008883662203136003,0.04762455513896765,0.2849494614445454,-0.294936045258353,0.18779850825277375
2017-03-27,0.08168915314256671,1.6147396965601133,-0.19141039053772727,-0.6932250880506764,-0.3680682324942209,-0.5233622313361461,-0.2925340762137206,-0.013996291517276837,-0.49458014726809485,0.08614281527657212
2017-03-28,2.587157339192756,-1.8589093906896803,0.0498139353500823,0.6866345143582987,0.9991379097636396,-0.25469273728380043,0.03848567800184613,0.6428095266810282,0.3518615149878382,0.9947994331127691
2017-03-29,1.1160749307453735,-0.25070488181200035,1.2363078643702996,-0.36635084903070103,-0.01034586041929661,-0.06552671222657827,0.19105443291047608,0.906071078805765,0.16340210333853677,-0.7229126937148774
2017-03-30,0.8151117226765822,-1.3392505124513794,-0.18145655003970898,-0.518934657346055,0.6623984271128033,0.042694118182345246,-0.0629295249066918,0.4632572057698501,0.4756730799565927,-0.19863439296644475
2017-03-31,-0.9798540971406049,0.6983137160392325,0.06951551667993668,0.2423382405279698,-0.7259444803805786,0.03449615324759497,-0.14743373804158078,-0.09757107174874673,0.12265836644343951,-0.43523040646173977
2017-04-03,-0.49213019846772865,0.8284313335340946,0.33443100151832605,-0.32388091059172225,-0.9192206856881444,-0.38492130575146777,-0.7850339558282154,-0.34929145351408,0.42261095245938207,-1.5680791885487166
2017-04-04,0.9039621307953222,0.4923803114412488,0.8649326521857422,-0.8317379652748291,-0.25829183603817324,0.5151417091428783,1.024842887170169,1.062247448719537,0.27351112071719447,-0.12907417948960434
2017-04-05,-0.8770877487759122,0.29256140053217006,0.6856943985567521,0.7976395028040244,1.7249795552817397,-0.20294946291520277,0.01331708558246132,0.004516633896741624,-0.22555590745866683,-0.1283266282615686
2017-04-06,1.3012383309918885,-0.23907380085179614,-0.04372889284388756,-1.142606945295115,-0.29886257528715665,-0.020115015025539654,0.3583145324690161,0.3150531712425467,-0.007589003470668885,-0.13812130431960287
2017-04-07,-0.6443798076644216,-0.28357996822273496,0.11284675876518889,-0.0743895930122625,-0.2042677995788482,0.874338541659449,-0.6233233623981776,0.13848283273421497,0.8543150376840029,0.13714585447435207
2017-04-10,0.6674666619348384,-0.5510525677533277,1.2073151632651906,0.5702903476658003,-0.9027370533177597,0.1247661283933747,-0.10621677797738073,-0.8829960991585177,-0.3030452791327552,-0.9898724547201555
2017-04-11,0.2563004313641075,2.3167316925939625,0.3101096252412175,-0.38400264226074277,-0.9309041888338765,-0.6093469702228146,-0.7791600831699376,-0.8126951066598521,-0.5045867762838997,0.3138955920434245
2017-04-12,-2.8668021992082475,-0.12059995469527073,0.9569249200876846,0.18232907596555104,-2.420431848483743,0.0941318978408206,0.06230253067375103,-0.523628723120225,0.4034927160587637,0.6923423618364962
2017-04-13,-2.774324122989645,1.2121713024920728,0.14384809869382956,0.5762067870341264,-0.191654475478736,-0.07578040961368711,0.23948445093425502,0.8826310814167729,-0.8400209525466378,1.058549180343019
2017-04-17,1.8599689614822588,-0.28770534031322287,-1.812164472249266,-0.7444306287284207,0.7936198740277951,-0.5843378663154236,-0.3703026202309897,0.034848296498998566,-0.5082382758951519,0.4262954223943784
2017-04-18,-2.1677651182750215,-0.2214704379006159,-1.1089558896750193,-0.5219324815597256,-2.05519840691275,0.8697011917105681,0.4472343806855473,-0.47638325051113917,-1.9114758511480667,0.12424252085289793
2017-04-19,-1.968295917237775,-2.02078027642617,-2.127323786981222,0.8676026068785042,0.3692437780814731,-0.19211158405908293,0.7300096869101369,-0.801510173801142,0.26904729807870303,1.0183930311390166
2017-04-20,2.3348392446179105,-0.15272579153268293,-1.6169570050663833,-1.172152718330617,1.1284973042877644,-0.593706113070247,-0.25733680726034786,0.27466364838936297,0.21403187827247835,-0.3794250461010862
2017-04-21,-0.7906687112823678,0.05933107970384588,-0.2988555632581636,0.005313404993280319,-0.08727929822897904,0.0992785036855475,-0.237819865489645,-0.7677159023584204,0.38274422962833954,-0.2092244724543623
2017-04-24,3.045208248231554,-1.1055940832288789,-2.0381112218083666,1.2005082941689509,0.633772731433201,0.08461316495217973,0.12360942338564403,0.3127014758348374,-1.6853354099740208,0.5506669008866621
2017-04-25,1.7074983971697735,-2.2610696855282075,0.34477422875482716,1.0098135363459446,1.4404395788720619,-0.1610691543218866,0.1010229716856671,-0.021150177742031612,-0.7443164075707678,0.2873027047876377
2017-04-26,-0.3636931978588733,0.2033362283027255,-0.3201166558414461,-0.9994092318014293,0.30636797000851373,-0.09462422809674513,0.6571829666344293,0.5740289614923628,0.30127543365466314,-0.9355594131348305
2017-04-27,-1.3831723049602258,-0.8443909916651574,-0.8243908361911282,1.0874782321331868,-1.0170063217737517,-0.1402114212271907,0.41730014691833456,0.7182623816745883,0.02119799403664481,0.48667228948962776
2017-04-28,-0.5940508651594714,1.194724487395643,1.174173439148363,-0.5919357342714794,-0.34240144827353286,-0.05232801971309623,0.10732046148704055,0.09513108093216673,0.1568880453535742,-0.6354545119571788
2017-05-01,-0.021817465567647937,-1.8673077573455663,0.13687179416740192,3.876999625196719,0.8847446042614907,-0.12231824022403401,-0.5036095879297675,0.29453605120316956,-0.38723538837567567,-0.017206655218233613
2017-05-02,-0.35883553538125584,0.39193267860542297,-1.460031722015148,-0.43954256270435305,0.005267789622509808,-0.06305069995314411,0.34010707411113467,-1.1484155302896129,-0.22431366909391762,-0.2252442994901466
2017-05-03,-1.5867563115533345,-2.0403009018585845,0.5461562092578014,0.3276448226245769,-2.491731949610228,0.21054050378226896,-0.010729052547365482,-0.5311646231689354,0.22509032416151428,0.044403232836646045
2017-05-04,-2.9326617597066034,-1.7660744804828883,-3.510618974897737,-0.8502875867706307,-0.013295975364990277,0.22999658861875555,0.5002049064293274,-0.8267225559216801,-0.46218130905863636,0.8533166047834575
2017-05-05,2.6448852880223215,0.44740406923907117,1.0265497598890594,-0.20927165495640762,-0.22526257264202876,-0.9282636750401064,0.22501476831914352,-0.23463234986022077,0.07574379510804558,-0.9101427146687968
2017-05-08,-0.39766074211255964,-1.1865572647513474,0.4362255881388752,-1.7366115495916017,-0.500475256309406,0.43885421888907944,-0.9255718935567397,0.2866954615348593,0.6229568802829658,0.09620309743921816
2017-05-09,-0.5773623688203703,-0.43147956296827344,-0.6072419387781882,1.1616320349105578,0.5092207109729722,0.7468847080359844,0.49723684785693617,0.01587052114329042,0.9514528134680069,-0.5614954195072234
2017-05-10,1.289255471456327,0.38225506153869926,1.6644678169929805,0.0716425276831315,-0.7465043072210211,-0.8533488175957727,-0.24994915341132626,0.4074866277568025,0.30283573171645034,-0.2470883032624931
2017-05-11,-0.13612273345354403,1.6152798997258255,0.6015714036374464,-0.9330294309754045,-0.06875208608894297,-0.15755294140360276,0.3439946146776229,0.4816926882296636,0.27067358954758336,-0.4103928754267152
2017-05-12,-0.42867501779794137,1.3099249984240655,0.37885331392896715,-0.1826381950419263,-0.263746634788229,-0.1202655311288939,0.37345848704974316,0.33755058766571844,-0.8225356971643952,-0.18133855663609613
2017-05-15,2.24750730013749,0.8965217236735362,0.4638444497303326,0.9076930205410016,1.3103927959911974,-0.055231155209968276,-0.3874562262105533,0.24681423777541675,-0.7561801212754838,0.05615821082622119
2017-05-16,0.0022643688302576067,1.5154062546375309,-0.30308988813142784,0.5908940695898215,0.3546657914581507,0.03563989915554043,-0.3166436186290996,-0.6321794314579,-1.289566953691496,0.4795642935504188
2017-05-17,-5.296656756947234,3.122861688941114,3.6493138136945173,-0.5379455194512583,-1.0571474500240157,-0.27336579159482893,0.2207889630498448,-1.5458248688725182,-1.277883750185721,0.5959718019287764
2017-05-18,-0.24968399029246194,-2.451837416387344,-1.1402534511319755,-1.5143152672714137,0.3639544181473643,0.16947026965848228,-0.33674443494684747,1.0789919024577008,0.10651581710514811,0.014054034054714771
2017-05-19,3.549311806629027,0.8098321898721237,0.4747960344203283,1.593350766994565,0.582591187518216,-0.2133077087024592,0.46732453196435697,0.6461284474843347,-1.0750709757342896,-0.21967475014996546
2017-05-22,1.3660402266552878,1.0069123187870297,-0.890244897039684,0.5634793413642596,-0.1969934497270059,-0.11427573768771647,0.23279866296878182,0.8342797079925046,0.03295871365192666,0.6830429452512417
2017-05-23,0.12423689702813712,-2.0036009588420445,-0.31398875999195247,-1.0096967864040876,0.7266454302146247,0.25740173724812404,-0.8237516113183857,0.23534404394577305,-0.010267963082102457,0.6709120120405268
2017-05-24,0.2699062888974485,0.5098833113914479,-0.7237436818465361,0.40577088141430956,-0.937874214527977,0.17321387250172413,-0.22192498063554955,0.09752314065155365,-0.045710538481677825,-0.5627117895816943
2017-05-25,-0.6959633130543739,0.18104003854367307,-3.262077098750357,0.1977885445021027,0.6508155002581364,-0.1987163084863693,0.3221028137643018,-0.8649383346891127,0.12731175435965145,0.5715141119354654
2017-05-26,0.24089270660247708,0.7651660039130145,0.42322793434272693,0.11487196297991602,-1.1666942374922638,0.044369028737292794,-0.19383924395070562,0.4522462684291321,0.723944335688854,-0.3915136901690629
2017-05-30,-1.7851044277164985,-0.0823462336471509,-1.1686241477321455,-1.4630153864272035,0.8312889503995016,0.1654602519777945,-0.35630945536878433,0.33794056465493827,-0.6807589977323261,0.246081284252299
2017-05-31,-1.0057435059650848,0.8780672568849688,-1.2676336321029502,0.9464080485489396,-0.28380732821801175,-0.09755556732092964,-0.10724080514621408,-1.0026135530131226,-0.5343314156301862,0.7422857727225838
2017-06-01,1.8806266954252433,-1.3721006356308738,-1.024913474122925,-0.23631296049577266,-0.34283221911286815,0.20648602764127835,-0.5641585729142716,-0.3498591899835357,0.22377899298218423,0.04888735073192673
2017-06-02,0.05625575617057221,1.003623532373585,-1.166363174630747,0.8720026458694481,-1.1842901829767702,0.7994551483787988,0.2979944012534158,-0.2581420471948145,-1.0456337895252825,0.8940902508855938
2017-06-05,-0.4640538878325309,-0.16983572276719416,0.3072547319099202,-0.15281189646261306,0.03455667283225099,-1.7016199166509185,-0.5299547656967394,-0.36903754377480946,0.41672066114248324,-0.07698795252043197
2017-06-06,1.4061193481555385,2.50877009778537,2.4543122970237343,-0.2576930086822028,-1.193265447461496,0.8184858780091356,0.512523335293821,-0.7303202054092306,0.49480136913101913,-1.3117273486987828
2017-06-07,-1.3282636996271382,-0.0399578250791425,-2.3163897431739877,2.382471903598934,-0.018371524427678747,-0.1898834833130465,0.11623718936899652,-1.1652998366321483,0.8328332089730852,0.20908680509308875
2017-06-08,0.7370310087291628,-0.6423348207733129,-0.5250544034209833,1.2720021117186662,2.287059646328351,-0.21657402847395657,0.22699477568601337,0.6178618327104316,-0.15651501043299923,-0.6309208187810841
2017-06-09,0.9128574643159895,-2.1231465115181676,2.0949788786411454,-0.4178372158528304,0.5220109333744086,-0.28631433609218704,0.46970063272521273,-1.4970742764711489,-0.0071149639212236306,0.27093787725974494
2017-06-12,-0.34464597211268044,-1.002496449738222,0.0599589714388324,-2.3913469098169347,0.10037672072774173,0.8875412666288509,0.49396790271265945,-0.5686145259699135,-0.3533672306047693,-0.15568972206671333
2017-06-13,1.9446024777983149,-0.19920439741639387,0.23148722381748807,0.8686922068039993,-0.798646550104677,0.25602497232421007,-0.6285694421583033,0.058827242846015725,-0.39107069827943025,-0.905601607725935
2017-06-14,-3.2848650751847988,-0.1623118461327127,-2.1800113402626997,0.18938172941393264,-0.10427185705614081,-0.9954656957654077,-0.043726450133617964,-0.3967910178653447,-0.6977838791860791,1.6049813676335822
2017-06-15,-2.19616133050469,-2.2935191632585314,-0.14238872446937087,1.327740350996735,-1.3469819528506393,-0.11184211746171115,0.5587820988797672,0.1291665541312642,0.6556651222392023,-0.0413241570987822
2017-06-16,0.5841634421886516,-0.6283195426322196,1.3251345818604978,0.727313509825835,-1.513138466778544,-1.0290893620173112,-0.44935675679815357,-0.9708700232653976,-0.5868408663946734,0.6877806356917578
2017-06-19,1.1871502701790768,-0.9349924304013018,-1.8055747176788457,-0.20535657046046757,1.5158614652904918,1.2745947325224836,-0.7478053245182882,0.17854552529693082,0.36088779434080454,-0.400769942903792
2017-06-20,-3.4720861540596837,-0.11600781454336978,-0.2849635537034646,-0.57156742131668,-0.8879504378837367,0.03321440952712528,0.11186826530512944,-0.14617122124347945,0.2939280588160024,-0.3955361275089944
2017-06-21,-1.4154167202514172,1.5866193265322268,-1.9777363384158102,-0.37277792813565885,1.1768734962995435,-0.8976747493451442,-0.21518537951578212,0.5999482985028154,0.02659579381016247,-0.19943835513118746
2017-06-22,0.40691480272420455,0.7836507792219849,-0.3562291171001904,-1.5434825590217058,0.22304535643462275,0.12416220113047924,-0.08643433417998998,0.32660132176425427,0.2286728338481284,-0.46438419801048625
2017-06-23,2.0092407366839136,1.3962396924598082,0.2746080549233156,-0.7733458501018785,0.9201704867933738,0.7496555005716367,0.6327566949773592,0.30024738320813876,-0.2598115177847173,-0.3685953468278628
2017-06-26,0.09938338499038311,-0.7419024037602819,-0.036085869236486545,-0.23083864149093936,0.6559737167539899,-0.9915474578995221,0.44528946602415054,0.7076642202941281,-0.037846991135732595,-0.441644561483118
2017-06-27,-1.5043509133367574,0.1372131395296444,1.9501532816222573,0.321509021031535,1.0669136896196365,0.6666543869501517,0.893470721513954,-0.6616039592274645,-1.260979319147084,1.207966070977506
2017-06-28,3.065534680115637,0.40321540187898103,-0.6497785399840044,0.2297943907146369,0.6192207623439664,-0.05661363220550389,0.16254272269435008,0.7517189087870185,-0.5628273181046171,-0.10216700618252338
2017-06-29,-1.8016069111184352,-0.8472827688118838,1.9401830668395164,1.6782922796881115,1.0929658373520184,-0.29828960507024865,0.25159289317142397,-1.1313184450969749,-0.623879464687848,0.3873908925485403
2017-06-30,1.2989196689884677,0.03235909750049961,1.5551981789971827,3.776002714826616,-0.431052184860771,-0.06817366168422719,-0.4604710074966284,-0.0781260131863233,0.2620905683696117,-0.3294668476491116
2017-07-03,1.665346804580574,-3.494577587750492,2.358329218725145,2.68874228681921,-0.016459050217742903,0.2104552677281933,-0.828218238957842,-0.7391263332153606,0.07638252382192762,-1.2358264666835672
2017-07-05,-1.4947586213451665,1.036547294637066,-2.43443134894042,1.547231384265959,-0.6085027130554609,0.3707361202942235,-0.7035178530681171,-0.6490574067354238,0.6376261194136303,-0.8973078970656051
2017-07-06,-2.763573988155539,0.05699090344415204,0.36453276688323816,-0.7902460083028734,1.0171084034714402,-1.0333767447853204,0.5791050425275711,0.06583673312341068,-0.6559501474988639,1.1739070421186615
2017-07-07,0.8599097910807558,-1.7969422003276203,-2.4260618239011955,1.4127519655019642,0.707441139877376,0.09807388943240106,0.14414660911360241,-0.30959202882115433,-0.006332391971912943,-0.9245468255165958
2017-07-10,1.2576113522364842,1.1790711722251341,1.3646131119736036,2.321816466857881,-0.5864176045510583,-0.12080255552063413,0.2500317432636784,0.044473083996953766,0.5130172266974166,-0.719985423169978
2017-07-11,0.7626331250001431,0.9399401293587188,1.0787737448293573,0.2699464279336856,0.3336895056992082,-0.2844508081296685,0.7735530799627606,0.7628566690763232,-0.3495253699840889,-0.2955736542099896
2017-07-12,1.7614698103649369,-0.02968911629901698,-1.3888278664846871,-2.554675120766992,0.03848804144235795,0.2054517405281093,-0.4644727461346449,0.42507197998635565,-0.6490488650960198,0.527642874855204
2017-07-13,0.07464902018500894,-1.3743458588879265,-0.78938343506236,-4.795133559023435,0.8745388853082883,0.38577583230667895,-0.060250379652405345,0.8927260416669914,-0.36344950453002595,-0.2844274810212037
2017-07-14,1.55234196189715,1.6489370693797134,0.2335834269724938,0.7392933128151191,-0.4983123522994132,-0.11874918428691594,0.18929999352892765,0.1520271792246536,-0.9964344113982527,0.6080225295805078
2017-07-17,0.5447152543620077,1.585295090022056,0.43250358524715216,1.560190186432913,0.6524530709943165,0.553200446028936,0.5551729859188547,-0.3087229509002267,0.5614001156241855,-0.36165728686923143
2017-07-18,-0.3535128511678574,1.2402873159717611,0.24774162740821665,0.1859775806896968,-0.24840470558259817,-1.067847135065115,0.22359327519743014,0.7963657102810134,-0.9672976793709068,0.30304891533841954
2017-07-19,1.7878515723760784,-0.6475925501128693,1.1675677590673281,0.46352077391134916,-0.5431032254913007,0.15221014436410976,-0.397079648582837,0.16621453244917375,0.09516375786386838,-0.21589217100385127
2017-07-20,-0.7315263041876291,1.0676592379699172,0.19445811305216168,1.5497418124875826,-0.2672297301026752,-0.06373097337152443,-0.004783249692538868,-0.06987179079501106,-0.6527122568783141,0.29098523726429376
2017-07-21,-0.9910262450357625,1.4423368854986705,-1.4196175930413688,-1.371559917431934,0.559828584255384,0.11669567559654088,-0.11961168092550643,-0.21312772411574102,-0.45692389761323066,0.06027420875719519
2017-07-24,-0.7196303852158674,-0.7401584291630537,-0.40717655284714527,-0.9827185244988723,0.9172614742547941,0.19586110862515416,-0.5563808967731271,0.835778218005317,-0.33172462068751385,0.6123489698334362
2017-07-25,3.6247982643787666,1.4266327807638155,1.3383339595760904,-2.7310406610175026,3.4903660069263247,-0.021525504549123126,0.2216965261042042,1.2029014545220567,1.0596153723859272,-1.3429119312974114
2017-07-26,0.5769126124541484,1.5212967599402567,1.1874233550221291,0.5081796824011411,-0.10374745434280355,0.08418613217299481,-0.15515412140804544,0.0673731649336424,-0.8340526609132052,-1.0397076629221667
2017-07-27,-1.2077664662163647,-0.5924693339438745,2.1122034299712276,0.05788763197033654,-0.3420254696858661,-0.19858172216898887,0.16557746304500623,0.27033131471873295,0.3950857474078277,1.1225147055326419
2017-07-28,0.3734762826610722,1.5046219239617913,0.7888310608090753,-0.028221121399113907,-0.3003633436597109,0.07158528464052946,-0.08621988957866401,-0.18682865580726446,-0.975686355015102,0.07197830828477916
2017-07-31,-0.4025259827421201,0.5598848850352285,0.1076386509323201,-0.9888316146508668,1.0749895521137929,0.22521459363752874,-0.8077555314076373,-0.06396470811038012,-0.9297018426776772,0.06785755463301472
2017-08-01,-0.5008295530040756,-0.4657398073941773,-1.4131163056330007,-2.980258030283789,-0.3069408486038298,-0.03458288738776802,0.3071962878966142,0.08735324715974481,-0.16224623516611222,0.14080373409776623
2017-08-02,-0.39088524364148614,0.176536685024613,-0.04538032349037644,0.732846419176136,0.7387731844865496,-0.06646386050616059,0.1013540055106535,0.18057746927647533,-0.3283794181444719,0.023737677062267003
2017-08-03,-1.736447070832169,0.06634670103472498,-1.4491129241110556,-0.5454932325179307,0.17213982854715346,0.029094226359643507,0.038491239346650004,0.09414430435800161,-0.3470114577026551,-0.24032251880449046
2017-08-04,0.6779736530463834,-2.4052125243365654,-0.003036433271382917,0.32602782682304093,0.9853103848273544,0.1966585431784082,-0.42738024771034716,0.4418448337840539,0.7243258567394756,-0.5787801690251078
2017-08-07,0.1787685347138996,0.6361895483511482,-0.2835443830477007,1.8978414384515727,0.8606985859678755,-0.21684502348431656,0.22079471638144696,0.52532276041334,-0.21565373424694653,-0.33835051456355414
2017-08-08,-1.0343182624186347,-0.05005686200519453,0.5349251894551037,-0.5489804833603371,0.6944672674123769,-0.14644137520773381,0.26545307603604107,-0.026100121664459262,0.43611982666899457,0.6768354805579331
2017-08-09,-0.009318518183814755,1.8045578859361562,0.8625333728730092,0.0044697506275681856,-1.0790514780329412,0.7110003816846012,0.507384469645647,0.13348814653713093,0.055112136183528615,0.6754505995332679
2017-08-10,-4.318472260554568,1.8665017717035977,0.6315668024691234,-4.68251957264815,0.23237736904492365,-1.3093717901706303,1.1657275661756472,-1.428359925554287,0.5828104494399656,0.21845394974596646
2017-08-11,-0.03534512397661571,0.49992820806283134,-0.4391165442944553,0.727319570208377,-0.25447612704153744,0.9679398918424458,0.24116420001337852,0.4234448052873034,-0.8198481741836242,0.37046560778377163
2017-08-14,1.7619694171174882,-1.3777561885062972,-2.9624816743816975,0.6379417696633795,0.10480148979646577,-0.7692680848056697,-0.6647477968697517,0.49678801752241697,0.7572952877502309,-0.04636552188451779
2017-08-15,-1.2278535174576342,-2.0735531921439843,-0.6277146148474645,-1.416592358763904,0.04109048696956969,0.41037309427638496,-0.2297202997622035,0.3830957594643752,0.49143438434585474,-0.1651488848973645
2017-08-16,0.9453540492116312,2.5875198880617005,-1.406657465211166,-0.4861357129573528,2.638438897110611,-0.13137010337886407,0.1784478014121154,0.4191440081851995,-0.5955514157571574,-0.7227893797319671
2017-08-17,-4.815376361977989,1.1207933755911526,2.4797632181965796,-0.6628887459524551,-0.0583891520114319,-0.13900960649403563,0.36394113939618866,-0.07121517683822924,0.24377398728077718,0.654801139929452
2017-08-18,0.401081489679242,-0.43715113817730544,1.5219670411360977,0.3247808628685277,-0.1636497738945025,0.22130576329613613,-0.508879136181227,0.7945096450998614,-0.9219658786965849,0.020542977185094694
2017-08-21,0.5262493993457962,1.8219448414331547,-1.367756463198509,-0.5757061951154426,1.472556501431862,0.649111398770634,1.1853041062926182,0.08711127348102193,-0.06021948187475115,-0.6277944968154853
2017-08-22,2.362131999011828,-1.2236572170038542,-1.3719220163127561,-0.3638405827320849,0.8399106654631715,0.23951932462738204,-0.5068570820936018,1.3463924190040637,0.5782500732511527,-0.1949295869515829
2017-08-23,-0.4312763501499018,1.2745020137809107,1.5206401111836787,-0.8193154853794112,0.25904859101199496,-0.014114609116175111,0.08231388168162014,0.11377878929635565,-0.8416236640465704,-0.6056782459610437
2017-08-24,-0.49718359716778016,0.23855026164944468,0.18447122254091494,0.7450982442650392,0.606273483852513,-0.19532356524726172,0.23535402593920357,-0.14638029336313554,0.500253990246491,-0.07425178444940765
2017-08-25,1.202978801032763,0.2846746282021079,-0.4950749493803598,-0.45117068418675565,-0.2317976495963832,0.053865474707275304,-0.15860515598519984,-0.5366327419205462,-1.3732937373173855,0.37216618962252696
2017-08-28,0.407879138472403,3.2373157763918816,-0.9789224329843538,-1.2012386312210777,0.1879736237019727,-0.15455409402647477,0.5131809629057801,-0.24895314730760235,0.15371315155639514,0.18460523799139716
2017-08-29,-0.021499275397721455,0.15552600564646937,-0.40749709601151196,-0.171295788163085,0.2893655375603588,-0.18590597738371345,0.21125931195001219,0.335591691617649,-0.0754486660505354,-0.0015875006859902548
2017-08-30,-0.009779558713663927,-1.1988991411125614,-1.6703986852302721,-0.3986968041728493,-0.7601341724797568,0.9601265552426299,-0.1970301575853117,0.14232114918034997,0.8097502678307738,0.2155378274230384
2017-08-31,2.263912260070301,0.8573144237445014,1.1131512013164155,2.181835350368548,-1.022245031467736,0.5477016268677477,0.4510110700160563,0.8995236015626955,-0.4516944226286112,-0.07587636879126484
2017-09-01,1.6354059350395875,0.4674574401977608,0.44428600801173596,0.48353513851139507,0.64381983220249,-0.9246781943041739,-0.09247109523339773,-0.08385842964027387,0.7440005845802627,-0.02503918341006176
2017-09-05,-1.9958010353863402,1.7236146791972706,2.910881688910361,0.8527493527693869,-1.9126216742260342,-1.7374757883360985,-1.1908864843049065,-0.8854469135905423,-1.5872266130217274,0.7599354147263746
2017-09-06,1.9127958281303656,-1.3795180485671512,1.0619141717338811,-0.3072819321211269,0.9564831615544183,-0.12514928077167176,0.3618566059896605,0.045944034684001225,-0.27504267739670096,0.30340969669005874
2017-09-07,0.67491690184007,2.177676167701591,-0.003627965610427613,-1.567289448206563,-0.43276642300956975,0.0888896422535068,0.2058578238538666,-0.36881086766870075,-1.0879058946075033,-0.24580768838866937
2017-09-08,-2.3939905441674214,-0.845598101479418,-1.5766331903218191,0.23907781077066265,-1.945615473947564,0.2158388380909424,-0.42580719545084517,-1.5207255127814066,-0.19462654758984438,0.8071324908281388
2017-09-11,2.5217640681929474,-2.798863557756086,-1.0254681216810095,0.49314497380528294,1.122479911177395,-0.0917763523395276,0.22593506878185807,0.9229107011172727,0.5130330041874134,0.12376437765226181
2017-09-12,1.2224988750640693,-0.6365706729385407,-0.058867539552401246,-0.7940819806874824,-0.6639656863926561,0.03795928375691826,0.15071846884154813,-0.12370350614666428,0.6564123957370194,-0.28638612618503284
2017-09-13,-0.023195364706565524,-2.7241780665864925,1.3647720582976846,-0.17915457143213656,-1.9556221580899626,0.15183279719907275,-0.10756146005681044,0.07011415863690751,0.6411942288742091,0.8547801340890248
2017-09-14,0.002593165924610075,0.18250737856481525,0.8309188284492705,1.1990369354824608,-0.9260965567098329,-0.021880839119247857,0.14387287067925053,-0.4283313372587652,-0.5577688732580788,-0.031358516157062304
2017-09-15,-0.21837813611190818,-0.4330079077649606,0.7225220225960899,2.784006625809208,-0.9117161504445906,0.8894296730857801,-0.2263359780520364,-0.2666202015320083,-0.42392831998210384,-0.048415614061385503
2017-09-18,0.8068625784814654,-2.01055288943698,-0.4384365573140268,-0.4831675620180921,0.9654622686595721,-1.0450997127899497,0.7885951950910919,0.2984626906691618,0.12802620038128026,-0.9454164340622244
2017-09-19,0.2424285357673059,0.48320010927719154,-0.3748995808889385,-0.508777969120328,-0.05432693423704165,0.032297119222721625,0.0656196703332411,-0.4835957273179996,-0.044611432876540784,-0.041866655260258887
2017-09-20,1.2796644994984943,-1.2946774134931642,0.8848013985491217,0.652149268863617,0.3902508602910206,0.03634781547373093,-0.7075021566633297,0.35022242208321414,0.9242404786185777,0.43298173727185923
2017-09-21,-0.8866432467955615,-1.5148705080768259,0.008661993753720879,0.28365791748040275,-0.30526914080891154,0.49089780551172707,-0.8009177671118572,-0.8520797077921263,-0.909725782073941,-0.7609791778936433
2017-09-22,0.7578403066990954,0.6966829244372696,0.4460733984039035,0.5116546715100161,-0.11406577983727784,-0.02639931485233694,0.13328252202006083,-0.15193945729917266,-0.21300619095159645,-0.2790107562464018
2017-09-25,0.49977903419289516,0.045013847186312364,2.3047513254130325,-1.3246490055190558,-2.0297128665579773,0.18252331355620444,-0.93376819286417,-0.43070985332393186,0.46348962548025985,0.2785123694144447
2017-09-26,-0.12736752130444245,-1.8428096750513212,-0.3406979401105009,-0.32118404549649177,0.4938698110155578,0.05668862420428809,0.07331665838343931,-0.08044376117561396,0.1822895875042736,-0.47257636171392603
2017-09-27,1.0733027058170945,-1.86909061424212,-0.36619060526952374,1.031653243252254,0.5474511323173277,-0.134946255522251,0.16686525883939785,0.34336449708722877,0.9266062767280557,0.1621459177823677
2017-09-28,0.7676864115380351,0.9094126382691281,-0.6495533684314396,-0.6238480789353902,1.249089249009494,-0.2783527719097029,0.6453786945541243,-0.005111416173961443,-0.23449502140004816,-0.11502500784944397
2017-09-29,-0.23860949784235833,-0.7511906796708833,-0.6562980480780073,0.4599017541723366,-0.5221681231309909,0.18131512551486456,-0.126279756191753,0.2763679526293171,-0.15172342654475593,0.22092343408837312
2017-10-02,0.8037517416269966,-0.19888678018382322,-1.6185090797708728,-0.8081787697824292,1.0052353071895523,0.1877041501695009,-0.5510587536319915,-0.44540481425311745,1.028617800495075,-1.0885290548172974
2017-10-03,1.5609518836111527,0.7140212163765092,-0.6001940475204652,-0.005889991585314484,1.377035105810355,-0.10537186867005477,0.07633941725229804,-0.45791459846779137,0.005513370659907165,-0.988685865993877
2017-10-04,-0.25174433745799796,0.4079828723102896,-0.14189593174774937,-0.39606440468175247,0.10903084829911826,-0.10899800543424511,0.48646711287540084,0.017839549799962894,-0.06524649528323553,0.05075506341855396
2017-10-05,1.607172778233566,-0.6847280994444995,0.5702752213540224,0.6061236284296474,1.3239658212062624,0.03964772987732548,-0.5031077015358003,1.3330142210069436,0.2579100831558716,0.23658007487356442
2017-10-06,-1.1216497224386033,1.1915863561212525,-1.2186776027308952,0.6529634029494458,0.20079076318207822,-0.030502835961285637,-0.1873052474497468,-0.8685428480420023,0.40948257538097227,0.11326511242721175
2017-10-09,-0.4070382152116296,0.6634171633641996,0.7473394481859219,-1.1696424827530232,-0.4271587075887579,0.009337196196367284,-0.2057713927226354,-0.33341935870852735,-0.008388265152959574,0.735057062549914
2017-10-10,0.9138900986716983,0.4545414460857705,-0.03409159141785388,0.04596775683117948,0.5464689773351119,-0.2736288346559231,0.5377412922746343,0.6439662096331503,-1.2582035998722174,0.8947433717444637
2017-10-11,0.6388666308335007,0.19928521935940505,0.12000373519173016,-0.5759919735000586,0.29460863591621583,0.04326554227444803,0.12830243605942268,0.13625351659045654,-0.7259379176272369,-0.21516916257426907
2017-10-12,-0.07019204348578403,0.5837627529978304,-0.11877763877252703,1.3896609464162788,0.016514156508605594,-0.3269976939089626,0.8553437924274289,-0.15496103194905783,0.33718175905872844,0.49779644579138027
2017-10-13,0.5120481109949697,0.6823429711278319,1.0052512102275057,1.0798124140786363,-0.3945925419241238,-0.047399351773156156,-0.1986493349520505,0.5558171361978406,-0.42617830245278465,-0.005669841328824539
2017-10-16,0.37240606281421934,-0.8944373780185224,0.628199418999529,-0.7217537109628495,1.9374699917741203,-1.1635698099070169,-0.6699418948474463,0.6235047970031682,-0.20060503162537172,0.649745975707058
2017-10-17,-0.9835007703037002,-1.1490540190226595,-0.0720613402262349,-0.5172556153382876,-0.9148587677742855,0.20831880861840116,0.011211947167192877,-0.08426678444752352,0.1839501104020672,-0.999485813371472
2017-10-18,-0.44327574217597787,-0.6022389364641856,-0.7695435874619618,-0.13471695146728804,0.27086925909086895,1.4358490607697945,-0.46716664283554715,-0.016280717644880403,-0.23792556765648426,0.6042964201022384
2017-10-19,-0.3949314294087514,0.930014927869296,-0.2217817273368203,0.22743965796161372,-0.3034032204121357,-1.2313845336223974,-0.09130050550500815,-0.15870465409782777,0.24346267996204377,0.06444959095454979
2017-10-20,1.061717322912632,-1.686501458401194,-0.7277833339139858,-1.0304338536693611,0.5340098639168805,0.09983564433732109,0.17655102479121468,0.3562253875947987,0.8465281366050637,-0.24307568812698882
2017-10-23,-1.4114869874829479,0.3693297622126559,1.0443460761200465,1.5105412802663976,0.21746455625603842,0.6928365629954811,0.7845475809621808,0.011151275728165412,0.49688736694096497,-0.047384738569379276
2017-10-24,1.0172838061126992,-0.6398297019869926,0.2913611888548926,0.08846129700417363,1.083064765033998,0.009130210490865568,-0.11512579796894742,0.2356676798797175,-0.06601257597866009,-0.33779720123031387
2017-10-25,-2.1547451826350845,-0.3031730323106178,0.3964277185756668,-0.37100736014489766,-0.07620939909690931,-0.8807992404262109,-0.657604507558763,0.18999045391773345,-0.25009112949417167,0.5439958094713634
2017-10-26,-0.7922945941300256,-2.5472897069257128,-0.2848786754396216,-0.278004016898988,-0.765418258276605,0.19104577278169363,-0.7396677890829053,0.6245007295430431,0.7292674725332656,0.9013582976886015
2017-10-27,0.6031391557541567,-1.1014087118745146,-0.6990522224136666,-0.3913562736771457,-2.3744765139097685,1.023945639770414,-1.9877178040844818,1.6385631496519117,-0.14667738475138972,0.006716155700898052
2017-10-30,-0.5951474513195386,1.1893954906919346,1.3281636366695408,-0.7639586248566307,-0.39406316580666445,-1.8566109197743672,1.3817330446026796,0.4772232932703565,-0.6774371139883402,-0.23019376152816085
2017-10-31,0.47018573827169163,-0.9680678602654935,0.15545819301029115,-0.6760175247114356,0.5070857818280903,1.554590444917783,-0.05248571290965045,0.18466543369202704,-0.4090507968824272,-0.16938086707129196
2017-11-01,1.0431558875420681,0.43268628296189454,0.8241091443737771,0.38217099869291754,0.9833939149778456,-0.23967779313409815,0.010422746566753512,-0.15109616388466549,0.45657346038414276,0.7621826530625628
2017-11-02,-0.19165046813305253,0.28540119853073964,0.15468309365941454,0.9236608105443387,-0.8932672800532613,-1.3550084656468928,-0.1832739691954386,-0.15377220223306703,-0.10831900672522374,-0.36230375034665663
2017-11-03,0.1845814494882575,-1.725494509356625,0.08249120557402449,-0.6347368135204587,-0.5319492937815063,1.562635417935876,0.2882996745599716,1.3436930709731296,-0.19459366822097515,-0.39592851757568515
2017-11-06,2.3287633739716678,1.3971042968778118,2.4103453162504436,-0.22706283971963553,-0.09167737507539274,-0.45565893544941305,0.8556800442987281,0.47165454999120143,-0.3356152518660436,0.3225581769817845
2017-11-07,-1.4759281179207404,-0.8912108035508671,-0.027120471441837952,-0.1369259462514617,-0.32812783402523454,0.10636610519483682,0.22368870381208078,0.05505616846406429,0.1884656570529029,-0.825345189511471
2017-11-08,0.013026864136755615,1.0893510116715275,-0.6056775352229071,0.2964951064916532,0.3862129916157902,-0.08444595920923981,0.10158446171296338,0.37765437122401896,0.4406261733414847,0.19589855586572677
2017-11-09,-1.1425354778674737,-0.48754299227106623,1.429680550815048,-1.5676930387636174,-0.1570377862987258,-0.1021924961581875,0.4471657047270691,-0.3815163981060555,-0.8188793569688257,0.2502528516223998
2017-11-10,-0.9976734844973675,-1.2416580016902352,-0.3659303135364368,0.7253785668454424,0.3992674235397979,-1.3536638557930223,-0.12348098120498009,-0.35624583979122065,0.28054532936302484,0.06574249352430866
2017-11-13,-0.2687704083000039,0.5991384137729464,-0.6742013200908769,-0.9809851435205618,0.8829937038761158,-0.009129977258949335,-0.29352836765794255,0.3215635720808815,0.19128558145845193,0.38810936466143425
2017-11-14,-2.296106000186034,0.6205116907801961,-1.2960403605371267,-0.329201155682674,-1.691195538442139,0.20124715067937318,-0.16396495518056414,-0.9777851462095916,-0.8692776597190807,0.545279676038777
2017-11-15,-1.8793834848679176,0.205184868354774,0.03523672948428107,0.3632517716278872,0.0485947974433916,0.04523827368154432,0.23076552645728057,-0.6537730639205913,-0.5708487551510686,-0.10685915127349903
2017-11-16,1.6780684151840588,-0.49129368700395176,-2.1354996439691294,0.19725564790288594,-0.3474385778242988,0.20377198673569383,-0.42989161366610446,0.3274420141581727,0.33346020280196725,0.329139893502982
2017-11-17,1.1157544310645497,1.742976584606764,2.1299335430232507,1.372025097938681,0.4321361485236162,-0.2135731014278112,0.13650714997715763,0.5427045379882796,-0.2634178459852464,0.22801634460246697
2017-11-20,0.18356769015233898,-1.6864317923729035,-0.9157551277698708,0.29900752723128715,1.0834824972580848,0.22810369774188016,-0.31026231485927847,0.19612541932931313,0.26669061226331386,-1.267618796421288
2017-11-21,2.169614772028821,0.5452142972019468,-0.7049925349612456,0.23522144871023493,0.14961236648018666,0.019091567651045104,-0.36904398053176185,0.448561126776437,-0.4703890230282776,0.21065505378201826
2017-11-22,0.7999959973954791,1.4322559957373233,1.0762284690862818,-0.20092540440857878,-0.12051716085417732,0.03873307266725682,-0.06740474321579155,-0.28036659312076634,-1.5058987526055496,0.16886274333884022
2017-11-24,0.6064052556560083,-0.02459358236822425,-0.08505104662042309,-0.7978386895047043,1.2087826839054931,1.6509236286635434,-0.47289566818432077,0.06472844220203372,-1.1785697798986685,0.08718344599377427
2017-11-27,-1.588457271631302,0.37676201586672536,-0.973027858269826,-0.5687446912881005,-0.9537815500253778,-1.4066889416725736,0.3221270435977154,0.5141438256088182,0.5472928375603102,0.21919425614710555
2017-11-28,1.8802358031883601,-1.30388532975681,-1.2352220487046182,-0.3149175737903403,-1.2931934819265076,-0.1850709178160087,0.9244822656669274,-0.38165924807541923,0.8431867456889105,-0.42698487941908536
2017-11-29,0.28908226255531466,-2.3314614188225615,-0.153848081157219,0.7249287697773572,-0.39284695796070257,-0.3319801714794791,1.192788862785238,-1.9596888611657242,0.09845042445219555,-0.11577620921803042
2017-11-30,2.380704073078168,-1.0672480451271074,-0.14101500934691244,-0.7131083807582257,0.05442193673743542,0.31931601559051953,-0.7552440268227917,-1.2901925146009117,-0.4604204442918995,-0.0555376889763088
2017-12-01,0.12424174777489419,0.5655663902832454,2.1628162917755613,0.49355968167056913,0.42979863262585644,-0.22734697045485036,0.34586821194118783,0.1462836439536163,-0.652840229602308,-0.6251347686296929
2017-12-04,0.08568775161718022,-1.0061913935367817,-0.9093857928262827,-0.4134092623770133,1.0594562153641431,0.0029460471033858383,-0.057847701932633326,-1.2664653486696256,0.28204054855262156,0.10185855750008557
2017-12-05,-2.7105098957337423,-1.8319541699140223,0.03626523549647591,0.10464855787607373,-2.0758838010934157,0.6892604800757347,-0.7066679214320364,0.18935698471361312,-0.17946050324297946,-0.8313405188338527
2017-12-06,-1.3295292963501686,-0.24337860764318736,-1.6281708214900827,-0.17431765952784378,0.9483908333146966,-0.0750507992515174,0.30724931055721616,0.29662967084053865,0.10612483017387073,-0.01653868254033083
2017-12-07,1.5610206403444482,-1.275855190651855,-0.7796246955312333,-0.5763804324127503,0.8318422013923055,0.556375254288005,-1.3539692796018163,0.09672505146835778,0.07004463808373056,-0.5895010619902479
2017-12-08,0.9452108366170661,-0.6075859139924168,0.0027138628243852593,-0.08919936724002214,-0.19871601393198207,0.11944495170303203,-0.19057755354870248,0.7159722739763333,-0.15194971606664565,0.13463015191051472
2017-12-11,0.5893006848778779,-0.4428590611701076,0.160162528327102,-0.9180512403831724,0.6597015308400449,-0.10173771840974143,0.350888736547496,1.0792791458586979,-0.5038651666706755,0.27372197586259045
2017-12-12,-0.571101494251625,-0.27775218559079634,-0.6460456708650504,-0.16087803321835148,1.3112798273421664,0.2529069926003526,-0.909358497418505,-0.6680162763510646,0.4553106365086351,-0.5863856677586364
2017-12-13,1.0209035067119585,3.1168984193902145,-0.30102348504844023,0.49469576463562037,0.196908418978614,0.96439251667379,1.0578910767385887,-0.7213698856427312,-0.5460269414489176,-0.6935136010228546
2017-12-14,-1.4741991211993537,0.26637631254790817,0.6822020658377901,-0.5248374749662166,-0.12799049107566743,-1.2346844860925128,-0.8657496476528734,0.30994454128360177,0.017453119793331782,0.42757903194053
2017-12-15,2.3559957872827835,0.18368919830265645,-0.45631443727037285,3.1185173362522822,0.7442675904460685,-0.06285197191435914,-1.1474882591821025,0.5697887009286359,0.6429330163492474,-0.4676783442514059
2017-12-18,2.451804819341061,0.895415095735589,-0.5082611138147587,-0.2686001564622228,-0.20012152414407564,-0.32075319275985376,1.0355765227853824,-0.05151510407869672,0.5775717556175661,-0.08879915941866584
2017-12-19,-0.7075562330683767,-0.3672716952344659,0.6507854196824377,-0.292024692673748,0.6517442726813187,0.10659918767237891,-0.24033227993182818,-0.4604995323248787,0.04798373370879537,0.3923574871464027
2017-12-20,1.9323870293217833,0.8673758279119351,1.065502618162592,0.06685320140415839,1.0334078519014085,1.2867896281434703,-0.03932740016011749,-0.3926911437167409,0.07046721874330823,-0.07621142927389306
2017-12-21,1.9266330708462902,-0.2657558968137136,1.2101770816165007,-0.33459856831521173,0.1296993026068837,-0.11189438308902361,-0.09772595883996676,-0.9537738831151029,-0.4407562150976993,-0.445164587368132
2017-12-22,0.1894134730577945,0.7122223817833195,0.30961080027568894,-0.24179964347856275,-0.05568462248993924,-1.5353321387532632,0.08079622323903149,0.1781028322485333,0.4370309929055507,0.30671555440067755
2017-12-26,1.229331658970636,1.2355323078296145,1.6889933890315045,-0.16726919404645196,0.6877187647865733,0.004846108362319757,-0.24481736009137087,0.15661905544076035,-0.3400013256480462,-0.09010442823350398
2017-12-27,-0.2730313692546987,0.637078720711555,-0.2971417311000795,0.4225134756981454,-0.11568913720013824,-0.3696159663852072,0.9176215201822638,0.06782440704259324,-0.45708532715305905,-0.19153642597457357
2017-12-28,0.9752335885314597,0.742187661921247,-0.027162721389756086,-0.5484562317582535,0.6937915778465035,-0.5153745582082855,1.4666619889150285,0.6378017978943116,-0.20211844255593217,0.4009291315796907
2017-12-29,-1.3105415807349232,1.1969584156635866,0.558788881812533,-0.0968874390546196,-0.5202121936490326,-0.20793013849241726,0.5220504493290888,-0.32788871027655797,-0.7314182333265062,0.9721451790467629
2018-01-02,3.591224291257523,0.190379156232808,-0.09627513513576402,0.38767176038565176,-1.6350089771160246,-0.06807750119488533,0.5930089893084629,-0.5325473120071793,0.6164936191634419,-0.3185647678747148
2018-01-03,0.8877985344808078,-1.8319297153496281,0.7870114420235381,-0.0334284852807554,-1.9424531485884518,0.2867365669620542,-0.8346598701579508,0.3991656188494389,-0.2346367726725482,0.8945817357955522
2018-01-04,1.447334884061333,0.7082629803390774,-0.06702008477072709,-0.38444176923687734,1.067340331855731,1.5055034108801277,-0.29681552769448866,-0.35281552744839423,-0.5282375585914291,-0.281357682602017
2018-01-05,0.6277307286273269,-0.25034613896956265,-1.1026500149025553,0.15690847308216208,-0.08134975260294146,1.3528275321449996,-0.31726585953234504,-0.17935664211150407,0.33529025984531613,0.003053703101701103
2018-01-08,0.4755047169181391,-1.1264942525002746,0.035262581982931175,-0.8836817868969262,0.022963998235861868,-1.0452590620545248,-0.09092316258390436,0.2661741067728661,0.4546278002023191,-0.5058065179789146
2018-01-09,-0.6061185692587946,-1.2693433207824063,0.473804194007606,0.41548232921681366,-0.6088586814651666,0.0193555999033082,0.23276468853453425,0.769819618978763,0.6014259651212495,0.3220926821140217
2018-01-10,0.351897250233695,0.7992859651906506,0.1443576386125373,-0.26052800885809424,0.6987686722969514,0.009518909330936064,-0.05851481834904096,0.03301442591465625,-0.29117196956890823,-0.32136627978577936
2018-01-11,3.694024482118015,-0.10582845842930119,-0.46990041685882417,-0.6220923477132113,-0.21241619167499676,-0.573792031991267,1.772677455301519,-1.073843184247607,-0.7400227296980961,-0.44626521785274287
2018-01-12,1.9491567069285958,1.507850017557013,-0.06760775208135558,-1.291967730926105,-0.8001012960645615,0.8983797713245487,1.4662004653081393,-0.5297026675730213,-0.7680153459877491,0.7141594855622299
2018-01-16,-2.625078597393417,1.1932496768843228,0.5173328537158987,0.8468514751093099,-0.5548754098424933,-0.96631187823706,-0.40462660233035996,-0.6621733973759848,-0.8367048241113794,0.6918620870566824
2018-01-17,1.3476213396360852,-1.258213028768432,-0.12985087362705872,0.9010592366478544,-0.5951572915357033,-0.21773710476234898,0.5220079163824944,0.20547901034918784,0.4254519598276585,0.2875613860047929
2018-01-18,-1.5437753325632568,-1.1333328331243944,-0.12749244031133403,0.5466949728233615,0.05249434874962825,0.16088384537988942,-0.25209530920051404,-0.0007653719126989805,-0.20657576376578438,0.2608924050384038
2018-01-19,1.1176226935683558,0.39461612804986546,-1.1421268636838784,0.3404955631468053,0.13859659959414253,0.058734780968410776,-0.0880250906859207,0.14783493450081395,0.5636333199027217,-0.08426186850989562
2018-01-22,1.728511802450208,-0.8207632790729669,0.6912716009203482,0.03795925499627634,-0.9048664675726413,-0.04436600252335479,0.22227699998642705,-0.29673283770948644,-0.21754061448597167,0.39847963232699296
2018-01-23,-0.13847195209916524,0.3257905435346713,-0.20267157646910072,-0.4945058670775595,-2.143358914720351,-0.0629767829599333,1.1735938494017277,0.7042547865704356,-0.2938342653288326,-0.3904719918582831
2018-01-24,0.6002398642034321,3.7381186028630204,2.19085483505721,1.137452324293341,1.0710922496210036,0.5433457248632781,0.746234667264909,0.5086340724159948,-0.43348767269638394,1.066662117888102
2018-01-25,-1.3116011313548306,-0.6248522945190431,-0.2103807919854838,0.20249000787985974,-0.10852256054839172,0.07518488052186922,-0.4517297858574716,0.5167857437433988,-0.22351878328181388,0.696626980168327
2018-01-26,1.8055008345313461,-0.5989295710415214,-0.8255836771431138,0.3433055195196785,-0.7239133685423975,0.04390560104709227,0.2276396373840335,0.2653553222516272,-0.2267572753990416,-0.5364860653849297
2018-01-29,-2.9108593690313995,-0.7300342104830504,0.32848002951649263,1.3610369818300403,0.6488436909916536,-0.41939078994219403,0.9522865912378957,-0.39861033829887454,0.7029393516239791,0.7515235244605515
2018-01-30,-3.6209952328792783,-0.07121776319682456,-0.4308242113827582,1.636838051644437,1.213580375527097,0.80178989657397,-2.4544062042666206,-1.045731450108935,-0.544788998686642,-0.7057697707816596
2018-01-31,0.7107595898851962,0.7337286049123665,-0.3037089384249898,-0.6622959624855322,0.35379196278738845,-0.6360524940518317,-1.7438023605816424,-0.14796964055026246,-0.22651173130148997,-0.10911981965022191
2018-02-01,0.23410218795621174,-0.06796317914699278,1.03270055271267,-0.7953454713818375,0.6990217165516264,0.16450646675424033,-0.7252179899894629,-0.7917360372194046,-0.7345530541947396,0.21232962089309243
2018-02-02,-8.41144780215915,-1.720507175612702,0.32936729224292294,0.24399054936235043,0.6871093746222706,0.32807218720941334,-0.22241262183260047,0.6562828602390717,1.0797798107342487,0.9107544648631651
2018-02-05,-11.389784893564899,2.190622998361453,3.3777455989096437,-1.1870587911730286,3.371230762327826,-0.29964461859544295,0.24199644586920285,-1.9073174274456306,0.5732711039806397,0.15322052699668678
2018-02-06,4.141309716967815,-1.4157978590986264,-2.151946652504905,2.1024065536642187,-0.27369719858993763,0.10600773481452531,0.1438337837250615,0.47239942339927465,-0.42793871788484517,-0.945242245335035
2018-02-07,-2.8716668272266914,-2.4468342181089415,-1.6359672698935745,1.5451730282732254,-1.147410458207262,0.4314435506240285,-0.8015090545817434,-0.46705222835956345,1.4780477468372317,-0.5301492044585464
2018-02-08,-8.611885303807677,1.6875743854685716,3.2025268295918417,-0.35951005891476073,1.2347783546463154,-1.5158233087594901,-0.04462511204013368,-0.6801953139145341,0.5078743371878052,0.5354575245795339
2018-02-09,1.688290380940907,-0.9276656109501891,-2.9386462974707452,-0.438881594117303,-0.04245328871064427,1.7323316116101581,-0.3147899488529673,-0.13547599067396768,0.10049757286460485,-1.0480610048319203
2018-02-12,4.6286749032133105,1.430784986246073,-0.341476428323161,2.077598115984198,0.2684917787339813,-0.18127244402040216,-0.42641484786566736,-0.10764287597951869,-0.0018207879411284078,0.514215334824564
2018-02-13,0.6268380038286743,0.9202893879489934,-0.6815119448146987,0.6068440434528798,1.2423537119871784,-0.24933916324941538,0.6864078964318269,0.46928528806229963,-1.1251802584602522,0.33315284667839645
2018-02-14,5.538894706981703,3.3620388331735573,-0.6650032441321759,-0.14942700201521492,0.6139698975763704,1.2591952404831883,-0.24191957451884474,1.609184134972028,0.12459177995477606,0.09931266816769212
2018-02-15,1.897891799095626,0.15404170027720732,-1.2895898641769745,0.9279315456988793,-0.7607792673893287,0.08167707579114755,-0.03275815680296293,0.26109206499040943,-1.1940195438361678,0.005919831246478756
2018-02-16,-0.9172791855711974,-1.2868432215492687,0.0021130631976414224,-0.3402627620784521,-0.23534388194828101,-0.9699044990253893,-0.7697511459786772,0.4464199188386198,0.24379726324440404,0.42722528404408944
2018-02-20,-2.7426205006217197,-2.674838781668748,0.45261347946088004,-0.3448889518067505,-0.32729254185534357,0.24145064281740022,0.26752466430894994,0.7182924285729211,0.6299175780822385,-0.3173981979581922
2018-02-21,-0.830789008944436,0.24309272885241992,-0.6205894546919007,0.7218465801146068,1.1799767186771946,-0.06147978921374273,0.1346261340456334,0.774639098099171,0.9390798386035224,0.44647551211816383
2018-02-22,-0.017317523095568093,-0.28733122210641115,-0.34283481946061745,0.4327558373287884,-0.8848469719212134,0.05279058410150616,-0.2352620478473086,0.1862640621994525,-1.1189505803951298,0.6273931380492477
2018-02-23,3.9187041910466855,-0.7000792969287156,-0.4532992504194443,-0.20428226086876278,-1.5134641236716566,0.24071816721618164,-0.42820999120024006,0.36584587687481285,-0.2664618742588214,-1.0103859871691727
2018-02-26,2.559860234357088,0.16153532220178496,-0.8848051641324801,0.5048796382156021,-1.0195829332499389,-0.056527693511003896,-0.06674060174443443,-0.12065030343295713,-0.1529201947251422,-0.2530343905137621
2018-02-27,-5.028028821791423,-1.8569101910077703,0.7937715061136709,0.8102057190893789,-0.3842829063492667,0.009389705739829364,0.3606631143986063,-0.3836752166851801,1.1629474787583032,0.20676766223788312
2018-02-28,-4.446354583829334,-0.19278131208001226,0.28479406145764447,2.0597221032891344,-1.7151815920127416,0.11904343777721063,-0.3441440893633865,-0.5031549117889171,0.4276204323285716,0.09589048459594482
2018-03-01,-1.7616601226744752,1.119604773378428,2.0173041896912025,1.745723245859392,1.2673387102243932,-0.4667259213419618,0.7398725364450026,-1.0313616585242844,-0.659534852374228,-1.6930501485970295
2018-03-02,0.9569248699378359,-0.0037897906637409714,-1.0400898937809926,-0.7141440216666495,-1.1332420607275173,0.12048533911095924,-0.002377078857015931,0.03356942196314316,-0.2662021451293679,1.8163548397991134
2018-03-05,2.363680106289828,-0.7236291522789626,0.13809136631401128,0.7001408478217352,-1.0054918115269358,0.09335328638917186,-0.4125427057495102,0.5808894450512203,0.1199207610915983,-0.10024629863852275
2018-03-06,1.7030982331077746,2.1275295008740667,-0.714837589862716,0.0853095204965044,0.2507925622136225,-0.2953606181231772,0.44822295518493027,0.04383556296977022,-0.22889859440136145,0.48695162425905575
2018-03-07,-1.4567697875355499,-1.4114161339635949,-1.873122675973203,-0.18361539707502778,0.1831798532184253,1.0891831410875528,0.8470598950654243,-0.020260360447714957,-0.2766328406922287,0.2066507439224899
2018-03-08,-0.5683166101058096,-1.0936049537536712,-1.2159889581108374,0.7751978705325443,-2.107310854273724,-0.7866062734340291,-0.8907519714962359,-0.14707165880592651,0.7825321486786192,-0.07767383582033152
2018-03-09,4.963991031759216,-0.5662416815728832,-1.1497722482761452,-1.3851951622213219,0.8540990622485236,1.0957152170698976,-0.19611247504337945,1.2263233110087892,-0.5681441524931404,0.5320719004106201
2018-03-12,-0.325851607841788,0.3820484815932225,0.29952505099561366,0.13225311626910372,-0.16686379748957,-0.1767398674583195,0.6266090492180207,-0.5797780227581837,-0.2095381844015929,-0.5702952231045972
2018-03-13,-0.8674280540936923,1.0042525105099787,0.3998877926832423,0.09111636396031345,0.9368199863368537,-1.2614651279861653,0.17433977299502829,-0.6974903430636057,-0.31791398407640914,-0.0036299373364602344
2018-03-14,-1.9149554191557345,0.3683972494867762,0.7104741298836226,-0.11437557090360044,0.44752705858890923,0.13725060299494554,-0.5495204431634364,0.43873993745773254,-0.1823458675772376,-0.602666931333399
2018-03-15,-0.9882777485436164,-1.7517495915077421,0.00929225723216959,-0.02185305018412838,-0.06464587060988848,0.29292478738831756,-0.48277048906413256,0.29284073671544103,0.08225311882497074,0.44092592142617165
2018-03-16,1.0045707831588797,-1.0905234025666932,0.27445970577834283,-0.8576737577117804,-0.1926350691072777,0.22314165885384166,-0.0062022251086007625,0.09563667887960425,-0.11749970535555974,-0.10016156388897632
2018-03-19,-3.8579506760215097,0.6604516567741004,0.09369782951648424,-2.9282779299389476,0.26106499112976256,0.07988714492849648,0.20264059160775585,-0.9887415813098385,-0.2939049688680011,0.6953542964959801
2018-03-20,0.616075491219813,-1.555655263691435,0.6078866666943469,0.21296625724571383,-0.34228486211975945,0.2265857874458872,-0.2472166155704611,0.7084932796066528,0.6428056426958726,-0.47881308864453553
2018-03-21,2.854190902155876,1.6264174412815693,2.733119867893377,-0.9346759543303602,-0.015663850187706566,1.1089976612024701,0.08900694150160218,-0.6395909057907291,-0.43732513865279277,-0.20771757994796114
2018-03-22,-7.443705445096775,0.5929203415941157,2.419276203888791,-0.1528374649545228,-0.3918423399936823,-1.1550891262949583,-0.2172410754088068,-0.8981148024072528,-0.1262668029744306,0.45376242797321353
2018-03-23,-3.5146673318488584,2.66636979751449,3.262805267481019,-0.5902231327659406,-1.0394729472945934,1.2026934867705346,-0.046474208803931244,-0.6519958668738166,0.07246603577099497,0.36303764715874226
2018-03-26,5.30946830514705,-0.17293789988691127,-2.8948802312361503,-0.6889322611505392,-1.8369630514715551,0.18181914080157127,0.06077500198998948,0.3967004263634477,-0.39154320155308653,0.1298139128929652
2018-03-27,-4.212350042162136,-0.7257313724385069,1.820075537582287,-0.5939575194759974,1.1267259382332042,-0.32928896860663437,0.8677780973652373,-0.08372434591447525,-0.09045994964217641,-0.1412461693374941
2018-03-28,-2.8168099952497276,-1.5189603444120923,-1.2264013739243538,0.28674302220928627,0.2501756190857248,-0.9230686773012468,-0.4910895089514149,0.7054142234725825,0.6573621525352359,-0.3617349310139825
2018-03-29,5.075948059963252,0.20132110981612947,0.293985630051503,2.567065122664912,-0.3068805691530391,0.9334634612399528,0.40944038968754654,-0.07972247848442378,-0.0873655982082288,-0.9281617771822768
2018-04-02,-5.757262224515334,2.7308967136911506,1.1945635397323733,-0.9280752091794576,1.052009821686842,-1.3313074624523558,-0.19780731962656048,-1.2936016761543436,0.8460835454567639,0.855304426773059
2018-04-03,3.7884755108032073,-2.212886149654491,-0.5055715925015276,0.9916825366375902,0.15301225135228555,-0.13137853748379452,0.045197124370911654,-0.2391128961368152,-0.12605416966062358,-0.284541588324552
2018-04-04,1.0504999784889864,-0.6215792551662211,-1.665842291631175,-1.5868311116256928,-1.2545726930788124,1.3361457743351541,0.27998394832657325,0.4911989384028383,0.017999978333669266,-0.26674111949921103
2018-04-05,3.5332089272101377,-0.46595588142582467,0.7383878667061218,1.7774838777350876,1.1758559689138106,-1.192974663219767,-0.7349336932701311,-0.3241548654422387,0.5831532541901453,-0.7099896790906988
2018-04-06,-5.807443390428502,1.4233441812246883,1.9868051083413636,0.17113483463359833,-0.3414541019069823,0.8524646566827434,0.9825755677773003,-1.1799456708402087,-0.35336810744944536,0.27377506074371505
2018-04-09,0.7291459004017065,-0.23199135025041745,1.2319005567236418,1.653885054879123,-0.20209158261156784,-0.12814488012677647,-0.25713026956560975,0.46718444005897825,-0.785622640312738,0.8532043509657463
2018-04-10,5.493319858047611,0.37904248257982803,0.8679250032486064,-0.5501715425300815,0.28595170141717036,0.05921080797457512,-0.5492154591841297,0.8083285392994971,-0.6598632709237499,-0.3886569824841527
2018-04-11,-0.07245839819248664,1.2013596239887065,1.5663894942931327,-1.3848516451063813,-0.8812620331707656,-0.9962184495946235,-0.4861654212943152,0.22076623705719287,0.3694305339178131,-0.054300213022804085
2018-04-12,1.4805129243706836,-1.863623632562903,-1.5445067999747233,0.7254328460648507,-0.4843758013160644,0.32169237149101787,-0.05333627036838492,0.3596061627016791,0.18267470287149484,-0.54938374674374
2018-04-13,0.5827972229692717,0.710189534950817,1.0991891498549045,-1.5933493903471063,-0.5653756557044503,0.036920207489995534,0.24726280110905735,-0.11772773248000154,0.5517091339165076,-0.1711229447461805
2018-04-16,1.9958899231616012,-0.5265483563632005,-1.8329966432578244,-1.1325868134589305,0.47367391594993274,-0.23326314493213474,0.6446213400333848,-0.6424343658506714,-0.7084431990394279,0.7572398500478505
2018-04-17,1.8273673513354305,-0.2364902048776367,-0.9674377126832105,0.22007673038453285,-1.0826138144021686,0.2268551238758523,-0.48260577339071403,0.812024204831064,-0.04068616350498976,-0.06906044474566415
2018-04-18,3.2051494478800593,0.5563733754546933,1.5201067871943812,0.2730409168866607,1.7007165514405507,-0.35587890575360065,-0.13358426508528867,-0.05041262506310185,0.3007016233785896,0.5325053309513981
2018-04-19,-1.0521160579090902,0.2867263739585256,0.808550004914828,-0.42946018002844166,0.6679097183068755,0.2554544579139413,-0.7873082486878924,-0.17854224977236907,1.0854315006259991,-0.8930196573102633
2018-04-20,-2.1616000956201016,-1.3213595219384875,0.5647871279489627,-1.6156922450044986,0.6137186793718313,-0.02674599557326679,0.6934413260044667,0.10754262486519707,0.6766877549126934,0.26406688495358865
2018-04-23,-0.5749511843785645,-2.6021517877860996,0.3326468725342327,-0.2736815045786857,-0.49451095933735506,0.20791544342656207,-0.27700758433402545,0.13818505226229374,0.5190222847603027,-0.744226915422717
2018-04-24,-4.483432177501072,1.0674706845955027,1.8879782814124781,0.5187748862600479,-1.3956371033139707,-0.2315523096811619,0.2580475637961911,-0.773874783733141,0.12302213653311647,1.2644783027786983
2018-04-25,0.11568088586913998,-1.869039840403446,0.5070305973954502,1.360120737774827,-0.966809892016291,-1.3254062866978524,-0.7014317584699439,-0.13388450422818052,0.5245163679178166,-0.02404970644715483
2018-04-26,1.4097653261679683,-0.5998271765416027,-0.21294115881297296,-0.5073346064039536,-0.9410389005270737,0.16415601777103703,-0.20921396541712925,1.3245956854050693,0.31533905525331124,-0.6095401370328595
2018-04-27,-0.6119596600079787,0.05085264903018614,-0.5340348120723405,1.959941170113964,-1.45939176126169,0.30632517949890115,-0.5610420903241368,-0.12620867391989318,-0.277557550245065,-0.39764875753290696
2018-04-30,-1.9463416091813426,-0.8906063296123647,1.8950937030081072,0.8812194313772203,0.834782047965338,1.1873932380312495,0.21151097804473112,0.26465701641510603,-0.06905365140365267,-0.23497456694894586
2018-05-01,-0.8195170618624641,-1.5065325040973319,-0.7665192597123486,1.6952729577074557,-1.479560506178033,-1.1130546610460794,-0.6440511228459286,0.3725321434073031,1.2618189754644518,-0.9118819398518084
2018-05-02,-0.5115032074688135,0.764985651487075,0.6901207065549931,-0.8696539366982814,1.1960345494500277,-0.13120326568275648,-0.1480873662601269,-0.4329912835618987,0.14579938989577215,-0.03241385104489876
2018-05-03,-0.4250597486609045,1.1773229991199996,0.3001509781099824,1.4627334567774604,-0.5662440348869303,0.041014264261924255,-0.3964155364529317,0.0728701115616676,-0.01560119293016513,-0.18771426507110392
2018-05-04,2.670001864574362,-0.7407808082363702,-1.2523900252452056,-1.2299658867774654,-0.26797250346435564,0.2670782889078054,-0.5067282467729776,1.1447712117346849,-0.12507404434326302,0.26291207058314037
2018-05-07,0.43513353669413385,-0.5298933994541974,-0.4520956669334863,-2.156100035760472,-0.2068534444061343,2.538604631890737,0.6321417545681706,0.9574056832167505,0.16393346958139193,0.19814281225375252
2018-05-08,0.6410798621339556,-0.5910466117427594,-0.0635747013529249,0.5774088826306674,-0.06866509568648264,-1.1948680223072417,-0.27605756702538947,-1.0566163281455536,0.8677597830360545,-0.3128533985509359
2018-05-09,3.2581388941080274,-0.9832630290685412,1.0420274133191132,-0.8799786814229438,-0.21317027568548336,0.14902803479855714,-0.24453780450197837,0.6612218712064458,-0.19977443094148947,-0.051327803514459355
2018-05-10,2.927293699699455,1.476863329152682,-0.1144648709864453,-0.2597833587805567,0.9133524783918485,-0.40185251146589795,0.8204362644496386,0.2600134914634593,-0.6105345342064465,0.10584495707235009
2018-05-11,0.38618770165474064,-0.4560510432719014,-1.132171687005646,-2.184946233526611,0.269814657288669,-1.2166474917631285,-0.1701959052890839,-0.22229836511651802,-0.252085831428138,-0.004471338201682043
2018-05-14,0.12775832497612108,-0.6699024649304345,0.8629685406013915,-0.032595535215328195,0.03170346151070812,0.045660717094035644,0.3303069433087394,0.2278170688830598,0.018779977842522392,-0.01886904876050571
2018-05-15,-1.8082489135234998,-2.7754765309884175,1.4081615210329534,2.231297891655856,0.0013720469692785927,0.06124399884705416,-0.18447494610946102,-0.7979836969105307,1.0875990280935555,-0.8535231024383024
2018-05-16,1.9300829670121564,0.0728857941015737,-0.9157209452371013,-0.8502094386126745,0.7419799669562893,0.09000519029613145,-0.36849508375761475,0.5435777001500733,0.34640062077184935,-0.470897217922371
2018-05-17,0.8533551297033433,-0.46684907513518004,0.7381232774332916,-0.5902666384952325,0.3337537695041631,1.102716151166276,0.8126346298083665,-0.43307946942996867,0.19154400731456994,0.3268862664019733
2018-05-18,-0.8895935441348886,0.0033038364212167144,0.11785019891378708,2.0423257260920065,-0.9927037328325015,1.0630680750703776,0.03163471108173096,-0.41882669258839883,0.23475974809907976,-0.29882047228875636
2018-05-21,2.2830044675664913,-0.29923574892471955,-0.12590235425554783,0.3802654138873504,0.026686252965909252,-1.0110301125558283,-0.5664064943940508,-0.053828674813246095,-0.474480082674696,0.5746237353378546
2018-05-22,-1.301297042940888,0.9982566383722847,0.6755458293185206,1.411481664027106,1.3082359146312108,-0.36980312858511966,0.6412883800980468,1.1873218665168392,0.03790711343725064,-0.23477628397232142
2018-05-23,-0.29326773919572857,-0.46347486930236237,-0.03474022697732243,0.9954139665376218,-2.3638537603020655,1.3437667398881477,-0.1450881053571084,0.10139301039455845,0.44238005912589784,-0.7385182926271983
2018-05-24,-0.8562061737236802,1.5984348323491895,-1.7359515619733317,-0.15835079591851003,-0.045687065828525275,-1.1473282626639347,-0.03219046435402131,0.021125160717856858,-0.03220158682082764,0.6919516001201957
2018-05-25,-2.661724999423422,-0.15636411202462258,-2.1977299578240035,2.0297357947227046,0.1411564482465893,1.8787892009331368,0.6798129431488087,-0.4132100083890574,0.41329995134339853,0.12861411371903184
2018-05-29,-3.8321126833155947,-0.6705865723469426,0.7309073931765546,-1.7509575148754506,-0.5283627596522859,-1.9672025946874896,-0.8151565935013323,-0.7753682319231625,-0.32635450022922746,-0.6804426060637403
2018-05-30,4.894470767117324,-0.4444479746520922,0.4687024935864971,-2.2414924279368695,0.17792582929385647,-8.296095674366505e-05,0.25137772866013747,0.013839088743934223,-0.8401365712828048,0.394480774349263
2018-05-31,-2.2304290468586476,0.16354326310674214,0.5034797900788601,0.11039257890162268,-0.09736304028481366,-0.16546011369465047,0.6138180084672288,0.05452094063316867,-0.23908858913084935,-0.09445771418007463
2018-06-01,1.740329070074327,-0.370659693891885,-2.3071948123458257,0.497231745024546,0.8508083935247704,1.097510030190449,0.20975616124488403,0.8940191584886238,0.6748353277969662,0.3114619957945937
2018-06-04,-0.4150632837324115,-0.3027829671923613,-2.745705685001814,-2.0957044541864547,1.0344283813771626,-0.9594276047622836,-0.22011729490548296,0.277982044427962,-0.09611196088515418,0.6579193632367688
2018-06-05,1.4716980968571396,1.4819137351060996,0.5230592795793575,0.6012601481704892,2.0812220961687564,0.926505896612637,0.08036336997838826,0.6573495423824909,-0.30989711409636567,-0.6450528922145965
2018-06-06,2.5487392943094154,0.3177215831000913,-0.6300703490946991,-0.2139916549208882,1.0138074763156886,-0.2192257465890605,0.16506386274198434,-0.11939719976091927,0.1211633640002202,0.06295290698505267
2018-06-07,0.9456442081986243,-0.22640224297327247,2.0252735840958915,-1.3564443309704957,0.08871971127919094,-0.29539190073775085,0.34219337079084194,-0.2224693044176629,-0.9303494836041941,0.010459386048271676
2018-06-08,0.3562012498135687,-0.6044482434202646,-0.569239557210573,-0.25804760450237646,0.48436765805593307,0.008912039199349334,-0.17566968243471112,-0.2365268049873261,0.048675347314346674,0.17698185062132438
2018-06-11,0.9324512387741253,-0.1615840747633651,-0.2958707457165298,-2.296104078796001,-0.030576666267064484,-1.101259103706424,0.15062219044117842,-0.1565607802940867,0.44237999734241057,-0.1819884797605139
2018-06-12,-0.624641975711517,-0.2908189559585004,-0.16127951252560047,2.300356403457463,-1.107656330707302,1.149934759967403,-0.16967207775297216,0.1422515972829697,0.4138996377078091,-0.2627130330017108
2018-06-13,-1.3304464562378457,0.09200369356395734,0.25457282523461794,-1.9956148872988873,0.18454657836699184,-0.9723734764697396,-0.143838738333013,0.4825029650649481,0.008179170230599492,0.4215950651943626
2018-06-14,-0.38555740973632446,-0.48143763135864254,-1.43020128666136,-2.532302037504256,-1.447239337636211,0.3569402153766326,-0.6811675782595045,0.9364198198669833,1.556823400754584,0.5171281369728284
2018-06-15,-3.160184527386873,-2.554896896888994,-2.613607034752084,-0.396246280408462,-0.5950493648206348,0.15885277008838666,0.7042111641963816,-0.19271737506044,-0.34503664329141803,-1.368680182887166
2018-06-18,0.16195026135064738,-0.718807108418179,1.0850025237644316,-1.4643926956608553,-0.6591197151702948,0.3195585571801695,-0.4992427943058427,-0.2979899763346772,-0.45985904819775797,0.22027349702381366
2018-06-19,-2.7677258764231314,-0.8429625937389625,0.32117518014325314,-2.0035659226614144,-0.6510025445489311,1.3384581029241784,-0.07694492480962233,-0.11216906537945562,0.21780436813231197,-0.10230907519039857
2018-06-20,1.01713581047635,-0.6761031049154043,0.4343760695052886,0.6163684847839974,0.052013231486903025,-0.12319775856120871,0.30734677704284535,0.310505833507918,0.07492586552447697,-0.09702672918300284
2018-06-21,-3.2933051171070953,0.1504898197843253,-0.3869060091973131,0.5344056216019342,-0.03765949744057572,-1.2486803483460127,0.08385599645674159,-0.6469664833337369,-0.29484115643414843,0.014172914470199699
2018-06-22,2.1222618923338366,0.4921295115253215,2.342524853867167,-0.24091198818779452,-0.24198286565367055,2.1181127536334,0.2276302362723781,0.35971105812707127,-0.8327928270551497,0.14841059447599647
2018-06-25,-5.634810094308004,0.1642659391750985,0.2795061449377023,-2.414809810684451,0.08010288433046507,0.08225202809365366,0.3180692359092039,-0.5336243100690711,-0.40458147616847634,0.39625407288791087
2018-06-26,1.5817876675004832,-1.0202497170133162,1.0651114899595,-0.8628475084284568,0.252573562345446,0.19343185904998486,-0.3356772652497607,1.146501440095691,0.3038573039631056,-0.8039286740722784
2018-06-27,-1.125936727688798,-1.1105753111367018,3.2863827313606464,-0.34165958173176697,-0.33721293570175226,-2.1493649042728284,-0.4001996737506955,-0.08754693272970043,0.4258434594566405,-0.9335224101418443
2018-06-28,0.09508911090535081,-0.924447259482302,-0.9293681326564014,-1.0029623647626436,-0.7820361336201964,0.42059516427062155,-0.677257789837746,0.5822232153653966,0.028758243450033805,-0.3762556811915394
2018-06-29,1.6934095046559927,1.6195857190813028,0.8718036083078822,1.1164366872194071,0.01249996274772178,-0.09422895874182438,-0.09008468282381063,-0.2278646492336353,-0.7550533921531148,-0.773053617640363
2018-07-02,-1.290273110235524,-1.287083554296344,-2.9070697062450037,-2.0447932374165037,0.5622017733956967,0.4535883354575966,-0.3508521023982309,0.5527678860352186,0.02022915156137126,-0.2737750660957663
2018-07-03,-0.252451369230355,0.8794031607109802,1.5489236068702745,0.2746838102490171,-1.7423040334678366,-0.1218727798392598,0.009913108137614661,-1.1171743413567516,-0.09188782773268729,0.2818975727760128
2018-07-05,1.3904179977590323,0.18644509023748257,-1.3918987741968907,0.29447087651315806,-1.6974208090788512,0.28152159539224303,-0.4770541962779031,-0.40710437583425135,0.43384584905619106,-0.9160188648347783
2018-07-06,2.319547049571925,-0.007730336468258741,0.1277917450347248,3.3814514063221184,0.15194070987462577,-0.08989466277915392,0.2638731496380677,0.4774475267229487,-1.1201820375211842,-0.09110522920154675
2018-07-09,2.943247014862945,-0.7185061949287528,-0.9052291227971445,-1.986635652548872,0.47469471566339755,0.058291220235178194,-0.23271571908928926,-0.013357362330836718,0.030075510192390756,0.2261400072611392
2018-07-10,0.4419443653451076,-0.6358146571827188,-0.047669413494318906,-1.8503549925444587,0.23931410860066474,-1.086946832556698,-0.5650317775563418,0.17120186218804806,-0.15594527402406214,-0.09346697068724413
2018-07-11,-5.800604146928852,-2.0053686083489706,-2.389514184071217,-2.566678909656842,-0.8194147812318126,0.15491780362251006,0.7003738225656679,-0.5039338830049146,1.1435750782782585,-0.20182434097768132
2018-07-12,1.9494419847076248,0.31870157859842746,-0.616068305434297,1.508176456206855,-0.1967236089155237,0.038012094097165425,-0.6769455696968757,0.5934007906874906,0.08036511089991834,0.20465323724393455
2018-07-13,-0.0731136400588426,-1.0320973280905756,-0.47226760167656734,-1.455542835300225,0.061024113888827745,0.1546799559693437,-0.3306828310468033,0.20606031454112456,-0.8249735195670836,-0.07284742693250805
2018-07-16,-2.1292549474746214,0.26661859084154294,-0.6871720420877149,2.8342596843685417,-0.33649292560087063,-0.22613164285466578,0.5456827260325903,-1.3588240954637918,0.31374122497886203,0.312000904376857
2018-07-17,0.5793346825849316,-0.8871787140890899,-0.5812438886149442,1.708107350100136,-0.6120418224639788,0.2982180889400726,-0.5703013452437357,0.3809249470576896,0.6762109591355866,-1.08385548908231
2018-07-18,1.1684867917078405,-0.07553027505331497,-0.3725014293670661,0.21473488074478636,0.9185337128165901,0.048995584147514384,-0.12779755142183638,-0.0758861303888694,-0.030010054244480628,-0.22936297623841156
2018-07-19,-1.3244817488591738,-1.5318222278637936,0.36202255397317806,1.0147532976419866,-2.259468495160018,1.272105023774405,0.6727062380403234,-0.8953007061553341,-0.20427199156537384,0.32955628441162493
2018-07-20,0.07944846817211934,1.3187118148524275,0.9940080676893246,1.093741481124141,0.45823754156794116,-1.457949550011275,-0.4231529586719343,0.15457226359867116,-0.7232762710017895,0.7117153720995505
2018-07-23,-0.6958670945666211,-1.399900632257719,-0.8712386812469052,0.38987952373975654,0.3990907207817285,0.1454688390201041,-0.19641929528428184,-0.26562981464442725,0.5885826831098867,0.21312372342750857
2018-07-24,1.331128723562069,0.9789551537459908,1.2650932049305712,-0.7064387232690159,0.6060802650210709,-0.1326564053913592,0.12523917768194637,0.4562858935976984,-0.15252030945958542,-0.1261020046447816
2018-07-25,2.4031153432667223,0.1984598747549703,0.23300612562948067,2.3687896340634156,-1.5703915531362271,-0.25308391895631754,0.029958560762996127,-0.4109660024662184,-0.30935845540990936,0.09024915811376855
2018-07-26,0.6115245768263472,-1.2900574214118015,0.10656178405595503,0.05167679231717859,1.0215123965275281,-0.003200782617303105,0.151281735797342,-0.5514627375455045,0.5803506334685702,-0.45627007691087124
2018-07-27,-2.168307627810781,-0.09374935932007478,0.30604448500152903,0.4084245473684298,0.443264031331152,1.141624441183903,1.1894690574026507,-0.633289748506618,-0.29813279716821983,0.4105680315298647
2018-07-30,-0.7234893548187474,-0.12113081307205549,2.353218908684715,1.0123335335678243,-0.2871174053253299,-0.12377860043811285,-0.04690858998140835,-0.9225307630982069,-0.4947692940961245,0.11668799816345334
2018-07-31,2.0202925428638174,0.38004378743458184,-1.192990463599138,2.6398042398998847,0.47530646139330757,-0.05028668086739355,-0.10141400168204778,-0.050184151633438236,0.13572642237355162,0.019040869761180586
2018-08-01,-3.029464775831157,-1.2352856586426095,-0.9257990078971047,-1.1309115728320678,-1.6428122140609611,0.4075791743069011,-0.5102622796623194,0.402335857279052,0.4887542675535968,0.08609977246767274
2018-08-02,-0.06483349565086759,-1.6049527634544076,-0.8528157716334425,0.369848066743577,-1.2699275266108918,0.21868694954442733,-0.1651406844777542,1.2179612186368378,0.44472397916139067,-0.0580450523196281
2018-08-03,0.9083041692145708,0.6095189376648633,-0.45003767144569795,0.24169811290737753,-0.13929713986329545,-1.4234459246276447,-0.09449831429299252,0.12055086484270454,-0.05427736399401339,-0.06740011718409611
2018-08-06,0.10859808964338476,-1.542423128156755,-0.06262547518146341,0.6248774514876099,-1.4941580433338608,1.4367304926682551,0.05591182718173873,0.10574306575803559,-0.04005486574025396,-0.10146677950106063
2018-08-07,1.2036944507268985,-0.5422433493077623,0.15455895415391444,0.1812135234420824,0.3302793631173346,-1.4501447300037191,-0.01403913660167585,0.17983362200998004,-0.3296983382928113,0.602023728960359
2018-08-08,-0.8935852342616045,0.8847155060167652,-1.1652299711016738,0.7091451471366225,0.5476896853372826,-0.27131847667685244,0.7368734991383438,-0.4595627907067531,0.30926538826363814,-0.13417765640046073
2018-08-09,-1.6557285589325432,0.06153378310733074,-1.0394710756605963,-0.33287970946634743,-0.03259876039838219,0.03413331281740378,-0.13168932851699583,0.7995989260735652,0.21250958531703612,0.19274829880242858
2018-08-10,-2.0347052879045413,-1.2305188525040573,0.89109293059601,-4.542477988068221,0.25044061255521266,0.11873621405178773,-0.25673588050404567,0.26980896490334433,0.5591527836649122,-0.694524268210338
2018-08-13,-2.686332610622685,-2.1109405855860577,-0.23104123475148577,0.04766925258114019,0.857575545074276,0.1281588553076444,0.29435613893227214,0.014677431321428108,-0.5754762171593244,0.19337765017989555
2018-08-14,1.2937414753713647,-1.387175693384124,-0.5718834069076469,1.6436323280595002,-1.3709053782686993,0.07642663662390126,-0.11937544304935893,-0.015525855798793432,0.49992846182457185,0.4150408899280049
2018-08-15,-6.175945032467253,-3.8615415032484033,-2.280014232623895,0.21957623035770124,-0.9593569557197823,0.25099194483138876,0.43660412730910136,-0.5749051158341439,-1.284453040540199,0.5858529805657404
2018-08-16,2.3374666143699274,-0.5438804100477386,0.40681898078723466,2.3493805968798447,0.6941089615765457,-0.1725429897733475,-0.27890250059549704,0.18273293468524873,-0.5508957240396456,1.273354461720086
2018-08-17,1.5428205068954262,1.3290460853640371,0.04960155425233118,0.4491473448058575,-0.1745816810817738,-0.09744818703839181,0.2508956698994908,0.05917967303508955,-0.41049810431260625,-1.099629820555125
2018-08-20,1.5441918762542362,0.549347768501203,-0.42348351256883493,-1.1284210856016577,0.8200488450289805,-0.15429651484697315,0.3169267416982815,-0.24977959245481848,-1.0005936756836977,0.658105211689271
2018-08-21,1.269776849970526,0.4397757409959349,-0.28426308609607687,-1.421690485641338,0.05579418559237197,-0.09854299622739145,0.57960758686332,-0.13676491081595182,-0.8790963600149673,0.9110620920856134
2018-08-22,0.5288700117251417,0.3545420304170353,1.0527412490524977,-2.038071348572337,0.15672149417991463,1.4785846046584301,0.053976148666111945,0.6755225797928954,-0.35241209121850975,-0.7616388842662705
2018-08-23,-2.162101419078,-2.441326134407032,-0.6383208559687119,-1.2878006507662194,-0.04021539383242066,-1.151889742651617,-0.4690774253885356,0.6432986057729138,0.08187538652204504,0.1611152744777129
2018-08-24,2.503657121686897,2.2802554324977966,0.2196713605188477,-0.5320216503496448,0.24026557014913968,-0.01154483002578057,-0.37078202157997103,0.24432899484161766,-0.4392374272616152,0.617831891400324
2018-08-27,2.3734844417672254,0.7557042290769704,-0.6759410579300089,-1.4206111223238318,0.729628147157683,1.3819953460345684,0.4042591794842631,-0.31652258607529665,-0.342224724473864,-0.09645455457524743
2018-08-28,-0.832699919963647,-0.9870299808896277,-0.886820134627433,-1.0375731652527718,0.8662721807502312,-1.3316488357513616,-0.37792631991993925,0.052401871865570285,-0.29884959719197585,0.5119557309959453
2018-08-29,1.2070345142347036,-0.31025948927541697,0.4277841892613684,0.9234719187502913,-0.8587489126117547,-0.03455730864742785,0.025147434551251818,0.4597262392359161,-0.25167352077561916,-0.5360709378154955
2018-08-30,-2.1460048977157116,-1.726512951952603,0.8180512071777704,-0.7283716689449045,-0.4818139466293072,0.15717568877937796,-0.12079625029976457,0.03464780427669212,-0.6267789945694154,0.40413100456689666
2018-08-31,-0.5022750669567584,-0.3503283449076528,-0.220818727204764,2.478939784360682,-1.0027558820326776,-0.0004615896216329491,-0.08179206507015152,0.19422950869805214,0.7759880120880962,-0.22701201479352293
2018-09-04,-1.980913497692874,-3.1134989887593236,-0.1493793439619296,-0.34917170003891124,-0.8399442924246532,0.487868580587114,-0.6370905180728706,-0.37536248164650304,-0.18450779262287714,0.5057479132598179
2018-09-05,-0.12252038368737034,0.08000940342068082,0.06592291896904015,-1.2296547346959756,0.7427529202500254,-0.16172715565630702,0.3958261029433862,-1.2685462249463129,-0.2865452785376491,0.3082410764619898
2018-09-06,-2.019802951105281,1.003513366753061,-1.0476382488494456,0.23357253616919768,0.7355573180895064,-1.6621294723448579,-0.4992147589523702,0.2428243316007246,-0.07821437555677506,0.015355931698810808
2018-09-07,-0.7550913448880088,-0.8479827080976784,0.6207573852264326,0.2975068083844046,-0.30836166650999736,1.7326125745006797,0.3410461862807172,-0.2954189338222325,0.8243363465452898,0.4686258360955959
2018-09-10,0.8319803459393461,-0.618024454161934,-0.13704994386815275,1.397788225313382,0.12764072165616006,-0.20539274478730715,0.23474453467920692,-0.004391283393109366,-0.6338534284605699,0.2321932124177092
2018-09-11,1.001085608022921,-0.9324428553863199,0.47906388698186014,-1.4871869550288186,-0.5172652282155507,0.1644162787394105,-0.07531212103776855,0.7420233702223623,-0.24385607824082797,0.39430790304924984
2018-09-12,1.2889038170303375,2.1378535441478124,0.528997320030311,-2.1433039535831178,1.268983863969378,-1.6828950393876114,-0.32949876675262535,0.6858818454604061,-0.29776984943809326,-0.3930655671467521
2018-09-13,0.403433985165799,-0.20528128734944404,-1.7585553212689595,-1.0787154881838692,0.5350707385996655,0.06112006384992841,0.3090145625382023,-0.10191775817060342,-0.4259605960894777,-0.03753557965955275
2018-09-14,0.5587629737023234,-1.3948848535644331,0.3025555005518285,0.2709745669092321,-0.7272967457716459,0.2479734541421398,-0.6071437559731957,-0.6493437993077441,0.8089356445454593,-0.7228666182995512
2018-09-17,-0.48853324644819657,1.7077951743943112,1.9787640640285997,2.257832530486927,-0.21413139204697076,-0.49993528572463236,0.5922633404001215,-1.5284048343353889,0.05941887046202522,-0.5179351084390535
2018-09-18,2.0863657792846664,0.00010136578520434218,0.037846826570512915,-0.6326349362991042,1.518298780043326,-0.2884470430338365,0.6321405101583564,1.342227679038624,0.34486762743000177,-0.31103801124088964
2018-09-19,1.42822773307149,1.1001734193765242,1.0597390379541043,1.2741145371752505,-0.546852903513919,0.09294844816887071,-0.43286367529186115,-0.18154874941684374,0.4406184691399524,-0.3924694007652825
2018-09-20,1.2597710832975242,1.135000433906672,-0.533755327319474,2.056940766500023,-0.09585171761888057,1.4058714568864128,1.3053257836670213,-0.029195737391895345,-0.8502238153109523,0.3540722272462257
2018-09-21,0.8008417720014187,-0.31720709474485187,0.6098468007062853,0.32054633458162307,2.3106387007117646,-2.037029665848087,-0.3463987332400147,0.14112845394031212,-0.05401958940877924,-0.10922010598248805
2018-09-24,-0.8394706294542709,-0.6769719259956948,2.605255402357211,-0.4295747805311763,-0.9402060756164816,-0.1352804224515842,0.05933692883893951,0.5604725361251148,-0.10187782356653352,0.3811774586314519
2018-09-25,0.011873683841820536,0.371304340819668,0.7292728924019535,0.012692717624879538,-0.0862611572913649,-0.046696705526935,0.30228592127590515,0.11222741665815342,0.16615120663325864,0.1643116711453535
2018-09-26,-2.258354781005215,-1.5557722074477627,-0.5460876091098487,0.40596093999450283,-0.0015583829690831886,0.07538424585512028,-0.17972989727430422,-0.2343263314861326,-0.9733831632533676,1.113196738353346
2018-09-27,-0.0970285786520572,-1.6138268777255547,-0.06386270194006968,0.1328394142454183,-1.0369226261015518,0.30292829850109765,-0.30441343712108065,0.7126404602009492,1.002396142701603,-0.6928901115332209
2018-09-28,0.35613956497787325,1.1657467231363967,0.10754192523303377,-1.5894048349513246,0.8087469509276637,1.7985016742454716,-0.1580281511372608,0.7895501504747287,0.34832567234112777,0.8204325112742388
2018-10-01,1.0997152492056739,-0.9203292367661723,1.946708890997138,1.075620287367654,-0.49805362488452004,-1.681785698131183,-0.20287731111379936,0.7816611853357095,0.1589562240781466,-0.904696343727926
2018-10-02,-0.14293724258554874,1.68731319351199,1.0044438157030806,0.6488737378358977,-0.9939048654762508,-0.21857924967281842,0.14554757417143024,0.12207515134205218,0.9171601164085625,0.15582359367006335
2018-10-03,0.5982531216451216,-1.5094804310667007,0.23579838853538182,-0.545898500062116,0.7706900452199557,-0.030849658375396882,0.17831129177564428,0.8958345836571778,0.43696992284719216,0.7754633723075239
2018-10-04,-2.9485453983336662,0.0837824646676555,0.6633713644383287,0.17753828822730328,-0.11180296170785,1.6365670115151243,0.5796909283727876,-2.109716647108332,0.6885571045902124,-0.02148190107095621
2018-10-05,-1.5089271434856864,0.47246922201487374,1.1426531169146896,0.4714586013073377,0.14817393224097164,-0.02015380033428393,0.020199657818377226,-0.48766639494729186,0.1253966970746198,0.10854152403353542
2018-10-08,-0.7652325693196038,-1.1322094192402898,0.04744045879824972,-0.4870185732096109,-0.15093092997184634,-0.10462332644308515,0.9518792225466812,-0.08101856691650339,0.23726515926206976,-0.7383612718580902
2018-10-09,-1.1977173197962667,-0.20360611320223468,1.837210075791182,-0.9140601019919249,0.5343586521442404,-1.833902748216098,-0.5989469435237804,0.895103230141657,-0.7597128620487574,0.5497988879556042
2018-10-10,-9.116483351781877,2.2505231576387636,1.9179990147642518,-1.1187628637445273,0.6092029879574923,-0.1964925981321917,0.7238569496954567,-1.5100470431441497,0.9419882217127238,-0.18146848980992972
2018-10-11,-3.774490993913443,6.510839470241887,0.32058856011052794,0.6032849952491542,0.6138865109556055,0.007515793146982215,-0.06301903918747079,-1.0066146123288107,0.7608410805299,-1.058364376666235
2018-10-12,1.7380853961604306,-1.1594088356071481,-0.9861195874827414,1.7038455935151624,-0.835797222125795,0.3307071378569173,-0.9820149521188258,1.2809397020988966,-0.22219668770471182,0.3694987307888471
2018-10-15,-0.2637078344544737,1.6844741717112686,0.2727926650735783,2.0218931259720816,9.929320204763447e-05,-0.17724594546352063,0.5040194844151216,0.0539274932809534,0.3209746450410468,-0.31737395417642994
2018-10-16,4.141840663236307,-1.2355099608849291,-2.8059419374562444,-0.1550831693970625,-1.1111961702138167,1.941988963092421,0.13636773850113396,0.9353501151903321,-0.6422567694579842,0.40200045506623544
2018-10-17,-1.4684032271182397,-0.6774446335092021,-0.9569072688226482,-0.09913743912536518,-0.33221026614739146,-0.11216711527879539,0.47162792994063824,-0.08534446267026481,1.0622153652641582,0.28815133513933516
2018-10-18,-4.390368719558912,0.368620065343699,1.3525531667593007,-2.093433591472583,-0.04462782805528133,0.17636224726012853,-0.6384888997775046,-1.0497472548670668,0.8658539015392941,-0.44751135030860656
2018-10-19,-0.40885360077249877,0.1602457137700177,0.41755131194778616,-0.5775582405935497,0.825028555874513,-0.17118495387706317,0.3720392200690787,0.5006401896077419,-0.28837161919923215,0.30950458874868536
2018-10-22,-1.1911824497398915,-0.4834306313997689,-0.3031128803864313,0.23804691809679526,0.4294882972341385,0.36509106666774527,-0.8691076375023671,0.2907237590081309,0.06670096072325318,0.005536980070992814
2018-10-23,-4.106260134886992,2.064189326139592,-1.3622521875637454,0.45987172019531924,-1.2638214838109694,1.1485536027819174,0.9077960700507323,-0.336078528337665,0.8981406237117253,0.8421307016427675
2018-10-24,-9.543461616572833,0.14876010215478117,2.4476212382502043,-1.1595733975717721,0.45360670585067836,-1.1357769592688545,-0.7152083345278301,0.27898343122795205,0.3970739590412769,0.43062155834431537
2018-10-25,2.612560032336204,-3.5008485504407933,-2.480009416342298,-1.1948145590094381,-0.06441723729429309,-1.7991154425850238,-0.3335096265969592,1.2818324100255187,-1.0351454064490277,2.102353191389987
2018-10-26,-2.4758042440347263,1.4114648112106738,1.9339938299300021,1.5864340169118962,0.18291871141550292,-0.1519112698125182,0.029048765349685417,-0.6811619741899844,-0.47818513126509676,-0.6837991598438337
2018-10-29,-3.0536939097500033,0.11373945648786274,-0.33491807936574064,-0.000341603203863437,0.22856406991462938,0.15054354004521342,-0.1087341131342976,0.16735389148397675,0.6358089341626953,-0.9248632192097561
2018-10-30,4.10339472839445,-1.5709904083169408,-2.025823200179729,-0.9158995410117114,-1.235596261530132,1.7975460023954493,0.6038183354377196,-1.362309922933429,0.9652634229277197,-0.527941714302065
2018-10-31,2.268884889868262,-1.140591406798001,-1.053435586059065,0.5864034369520076,1.3129466714957092,-0.08593517220513677,0.570605540274848,0.9738451517461726,0.2512733908595897,-1.1283593297753496
2018-11-01,4.8638201353481,3.5608524949596,-1.4578302649369559,2.255042503815022,0.3026103165341142,-0.33462262046326624,0.1872982533352542,-0.9243192072029118,-0.6333673307615684,0.7204014564489372
2018-11-02,-0.11738873205291031,0.3421438850660552,0.32607646062631684,0.8118970333063859,1.4311103975071426,-0.5553622002784,0.6811722993985194,-1.2890683690301126,0.9472687924600337,0.165671800318401
2018-11-05,1.1528647316979157,-1.114861865602289,0.9915738705585062,-0.4529436968055652,-1.6019643869332758,-0.454547018162725,1.9596721469568394,-0.5482715316993487,-0.06926528462385619,-0.2589236725886151
2018-11-06,1.0362507415837563,-1.390212633664275,-0.8979576900911728,0.20404761567700683,-0.7362970393261601,0.06035376107725303,0.10616408184667832,-0.9138118077417989,0.05850268292551033,-0.1735871860442538
2018-11-07,4.579548648326897,-0.660679597996159,-2.5343873480040084,0.02471744079055033,-0.3162196726272839,0.020756983604259278,-0.024855944297759083,0.6084072289159956,-0.8623571601164267,0.34728582677770087
2018-11-08,-2.595214223793238,-0.24401666155177734,-1.3358425268111809,0.4571404340582171,-0.34472015991138283,0.18878268196129444,-0.3434668290318106,0.25949035373597806,1.268706050744025,-0.14963710861976667
2018-11-09,-3.0074264124863515,-1.7557319991732383,1.2945237354283465,-0.5773366516269678,-0.6678190164270141,-0.14683457471378453,1.2933115755451776,-0.5147218631508752,0.0253650759218884,-0.6168717768386548
2018-11-12,-5.264498891556301,-0.6543514120703583,1.6923854429956118,1.0642300167238865,0.7429241084052769,-0.26937501916230233,0.36300879434570116,-0.3658864226191431,0.9732630082047682,-0.31970110676373925
2018-11-13,-1.725428857486394,0.41271384069818967,-3.4816115023249323,-0.28893580627806215,0.8536843169282738,-0.6595749487677011,2.647214272597068,-0.7944004101877549,0.250123938234651,-0.030382902997315313
2018-11-14,0.08379456739197916,2.237636296480589,1.4941888882701222,-0.47461201147515875,-0.21531136172674717,-1.0256414097147875,3.6666863678685346,0.6902023019405306,0.38653373492109316,-0.44771955572477296
2018-11-15,3.855059278983698,0.6481381108439866,-0.21819278573832948,0.7614651282330234,1.1631647950894932,0.9761963034663,-3.8837432602557556,-0.9741302011405184,-0.5938233810340634,-0.1263246109582859
2018-11-16,1.2316957495791023,1.1698209057267626,0.442021193510157,-0.44144027696622895,-0.678352695037753,-2.175765711345713,0.7885358147904882,0.26711411398454277,-0.5971988995975386,0.2949510127784156
2018-11-19,-3.458329563823463,0.2721679040127542,2.0000758531371403,-1.9754384054763123,0.05826913344406883,-0.7772427190813734,2.476897838473299,-0.4593036025066581,-0.1293622931782966,0.4655281157112951
2018-11-20,-7.056905689638147,0.5751010159367794,-1.1046508469470362,0.906467382562261,0.04896648785136192,0.18614874010966626,-0.4941473591467575,-1.321193946361531,1.5481090987762975,-0.31820111907766147
2018-11-21,3.8111760934074814,1.305489414325151,0.5539378496292527,-0.4286675879163468,0.7901395636418227,0.041675453142630894,-0.4584348192137379,-0.07781281378660057,0.056817255075870696,-0.4304594881364713
2018-11-23,-4.476842108862779,-1.399207597511925,-3.6930961878234334,0.9299837416236536,0.23612274284830165,0.00997694525807025,0.11045705374609639,-1.9519401968678234,0.23546293115856184,0.6768569635124432
2018-11-26,3.012981457012139,-1.5809883406185512,-0.6390876929519587,-0.8594147318551016,-1.2314002967521576,0.3484336193321611,-0.9846308639611536,1.2687791847602128,-0.16714261756258056,-0.06512400982453
2018-11-27,-1.16373071009506,-1.5637438645889474,-0.44115481719426214,0.4039633409017978,-0.41032470902493395,0.15422823240737543,0.10738495549828223,0.21849825926063599,-0.1398899079239896,0.11517974933728133
2018-11-28,6.05150729056878,1.7841530758655784,-1.8482698669160056,1.2551641786088845,0.4788653082523333,-1.040976789180824,2.6051593991448834,-0.009310088014630614,-0.18559189868742088,0.16682757158891992
2018-11-29,-0.08465009284971955,-0.45363408216236567,0.9267360867561574,-0.41436746660205437,-0.10590243851697775,1.7412115776331054,0.16106564474477908,-0.08305241095832677,-0.4660116122623285,0.422065923220198
2018-11-30,0.9030876391274324,-1.0361102991156825,-1.1932499223720796,2.3233652540260485,-0.5275724487047688,-1.720831539775556,-0.8690707239709919,-0.28350718716369605,0.4092838026263866,-0.812723882177725
2018-12-03,4.554749801338878,1.3005475954909724,1.444964787207335,0.2732400369438913,0.008086339255516262,0.4250979657971432,-1.8049275372331244,0.9373839068434396,-0.8219140950128749,-0.0644269835384081
2018-12-04,-8.432513529721117,2.880630537284642,4.091390456028386,0.05932014914192751,-0.054784840843523926,-0.10449414012710696,0.6165915428889288,0.03759251923376176,0.5744982446102922,-0.797142565805465
2018-12-06,-2.895921411165765,-0.2516501832661265,-2.3491422703641676,-0.40661115235174233,-0.5185500245258506,0.22884005293841592,-0.1884613519662165,-0.4706736095983607,-0.8456838667942552,0.6467677789636873
2018-12-07,-4.344105008827592,2.9965899240189744,4.618281847126661,0.3348956066867636,0.45206182677084517,-0.3287612849868391,0.5898896930456603,0.6430834133604257,0.188478670870761,-0.659839882256306
2018-12-10,-2.0143509895060894,-0.4985738517006921,-2.3281903713234104,0.056889334791103516,-1.0615505467538318,0.19524576782711137,-0.052476483215804,0.5635088700600442,1.4944334303946565,-0.35483258980790544
2018-12-11,0.08603426226438592,-0.059878444279539755,0.31264316441691753,0.1896348095417498,1.359657348341481,0.1704126622086364,-0.7157178151712532,0.6158879638844199,-0.10673242832495239,0.12271981862131576
2018-12-12,1.7385653758816784,1.2324924166634996,-0.4730192625461607,0.4660870644133155,-0.24211272703760467,0.4232473251422379,-1.2959088500531126,-0.9568063691578689,-0.024536197130468472,-0.1513425053015274
2018-12-13,-0.7851840023706468,0.012063124439432098,1.7313206756046717,-0.42604157840062273,-0.3980572487718076,0.15097595788446483,-0.5820831009244954,1.0929267170150632,0.025118723082020202,-0.4565438296850887
2018-12-14,-5.130575366825369,-0.04262902792870163,-0.31952128855258466,0.2894140763670165,0.9914349429653533,0.36829527649202787,-1.317737713755534,-0.976364243914338,0.23145199590630716,-0.2500252623171441
2018-12-17,-4.612132377474973,2.259106236457931,1.4305565087034295,0.21286845131389995,-0.036540596814010465,0.35850144150054314,-1.3196715273698587,-1.8765419859812005,-0.1817383406654899,0.12017701959414376
2018-12-18,-1.7120242621151498,1.3569783427666053,-3.477347439801943,0.6437043311760549,-1.4866915292154383,-0.3754628800196894,2.25000224029837,-1.1798092852738802,1.5447233293454128,-1.1652495629890494
2018-12-19,-4.879957807530001,-1.1556156527630652,1.8620333468451917,0.006051600608236914,1.8066863378553284,-0.05758514237469014,-0.45309011251982834,1.0873973586158798,-1.7404251037402978,2.243370304317077
2018-12-20,-4.301607638353478,4.286090465725493,-0.6982508779587057,-0.8418692569259737,0.09859122371793481,2.0248457010768512,0.2084609517454107,-1.4519325649711479,0.6242211837188648,-1.0882111408477417
2018-12-21,-4.838023365397623,-0.8782339228913322,1.781874452912719,-0.7277846866968571,0.7374505549321776,-2.0417820261578057,0.9155976176241398,0.1949782675829851,1.3869375256958179,-0.8849479397163612
2018-12-24,-7.266059717786384,4.463147250375016,-0.4356497141448654,0.19566456333931648,1.3572018447526408,0.2719892053678314,-1.171647650122838,-2.3315630874651863,0.48496511082067756,-0.77222316046672
2018-12-26,12.687058465602094,-3.6092896267511425,-1.177440287264015,-1.8440366589326418,-1.0887403711379955,0.1050986523503935,-0.6834353686999283,2.418300712232379,-0.5471701699517569,1.1878393991682075
2018-12-27,1.3385049158661,0.9241446577211778,-1.5894806327727078,0.03577346823464614,-1.4642830735148555,-0.35567592482015176,1.2305375301687973,-1.6037650700090003,-0.3019766344408963,-0.1770268046135872
2018-12-28,-0.9798108385471636,-0.11146084965439536,-0.13597201425096272,1.034464037651856,0.3325005166934042,0.5931842977565535,-2.1676536340015358,0.05238734522231292,-1.0289293932647672,1.1692698050551298
2018-12-31,1.7399910253193633,0.044659712136237865,-0.944978813942115,-0.6711549411707195,-0.9300299171960932,1.041385723803125,-2.666211899069973,-0.12892162810093652,-1.2196782497335374,-0.4523062206590039
2019-01-02,1.8315536762628362,-0.5611015017532213,1.2230812841673735,0.4056609446287172,-0.2105134519649868,-0.09380188598139941,-0.37684950810395984,0.6333555835072718,0.4007511989549135,0.04245275224820146
2019-01-03,-5.4919928301011165,2.5847180003777326,3.6436946029836306,0.08982636247979232,-1.2453369028989731,0.027655792716926125,-0.11471009162652515,-0.17071637364669706,-0.9138168030244854,-0.28331779473221524
2019-01-04,9.516879908786713,-1.9117624811181966,-1.9070796395386587,1.2870090736896425,1.230802500821635,-0.3058849706203934,0.5439198131167972,0.8882674691945448,-0.20234709058747646,0.18382189716626715
2019-01-07,2.349085198451148,-0.834229886462596,-0.083159004062326,-0.10480821025789058,0.043684609026488165,0.1190644573613526,-0.4179640610230824,-0.6630746318865065,-1.1266369932514169,0.5488588718333733
2019-01-08,3.2912278501687795,-0.2769277769664381,-0.32647655756944743,-0.33460623361428704,1.5069978091875522,0.001469298718012398,-0.16408030879959082,1.3137057718923264,0.22432287811925428,-0.8547749079066526
2019-01-09,3.1979876764044386,0.3952766122642472,1.5824853202872249,0.05348425584244232,-0.40611129912383287,1.7864584626255853,0.5011724751863261,0.2706627687266603,-1.3202968105250343,0.12197538355619862
2019-01-10,0.6439369205948918,-1.281134519289235,-0.8416249414373993,-1.562862459183535,-0.357561278510239,0.2767517059633537,-0.30095694918754795,0.29892196197270093,0.3972150397689849,-0.33629756668986266
2019-01-11,-0.3649204779014938,0.3182121791655482,-0.4575027854336608,0.9162922922985053,0.14051845815046443,-0.3660392340200083,0.9420214248920746,0.1854906066474912,0.32690843058164004,-0.1128505076059322
2019-01-14,-1.952527511206499,-1.596258648344633,-0.06768710780681293,-0.33491091481489604,0.17512264178999606,-2.8811852614142097,3.203898240339201,0.2545615041026912,0.0653070243683596,1.0737951525935616
2019-01-15,0.8432625557332888,-1.7373749774827356,-0.06345748525402294,-0.6385471357744109,0.1909545593632965,0.3794474859405418,-1.0541729856166975,1.831765114002939,-0.5990306139182358,0.5895439869122681
2019-01-16,0.6433582637140751,0.3936744978584312,-0.19596768011643625,0.5816442026158741,0.31417798297258936,1.8770426081772005,-0.3415202254100616,-0.2666741903624318,0.11139639887888234,0.4908727828632191
2019-01-17,2.593106843528422,-0.6604034804749422,-0.6501881775441021,1.4962331834197302,-0.26084224445065185,-1.7865529901855617,-0.2744362821504573,-0.4058229480339144,0.09656776909431097,-0.3592065568610912
2019-01-18,3.6165210040693134,-2.042106576978037,0.30194980329409016,0.5291748203742062,0.08660934907495886,-0.056548113328051576,0.17210480457768582,0.5636467149138776,-0.07097230651533774,0.15678803913180375
2019-01-22,-5.003458537151021,1.2493030890001795,0.1948540665492987,-0.5216585579566726,0.31615932642506506,0.7679708022623165,-2.513811349586663,-1.7350016858794912,-0.3161210675849421,-0.7423905460935915
2019-01-23,-0.9246758363873467,0.38111593635984126,-0.6571473822494962,0.769984873694363,-0.30613196459517533,0.2320419983943621,-0.5815197351920369,0.3890563565125213,-0.10914664742296186,0.4586532665213935
2019-01-24,0.2674747435188557,-1.435357816483061,-0.2777995708704734,-0.579086251665264,-1.8635958230797685,-0.12170932015567754,0.5342785478876807,-0.021234400068997298,0.018390600376459426,0.38528601384258004
2019-01-25,4.065418320687229,3.0016770856004285,-0.054876069380541195,0.6073579155998343,0.6689414829321646,2.7050803052766437,1.4994184632394718,0.17827999527271182,-0.22742738170926252,0.757277877206391
2019-01-28,-2.633266037615188,0.22638208292968884,-0.5949674962843442,-0.45251935007979743,-1.2370979444412373,-0.8363058760919273,-1.876479590549472,-2.400550362414719,0.010161919092890787,0.41511874815307565
2019-01-29,1.2295942872747951,1.0329012589752136,0.8782968322215954,-1.0998212689460496,0.2639781702417856,-0.041209511503611074,0.1342760791365447,0.22228285034397052,0.03848621545829674,-0.292979823160381
2019-01-30,4.100083748422691,0.712223719363834,-0.6885957444760028,0.7145138413378628,0.602041327099146,0.1312467581198035,-0.6690098711101619,0.4043556870601191,-1.1193681969654727,-0.37764843634916007
2019-01-31,1.2181163171423672,1.0992104187730922,-0.8129259367052093,-0.8308097869095953,-0.2775641686362683,0.07027173854914207,-0.6175057709216732,0.8165521506367602,0.005825042500181837,-0.3248438333438715
2019-02-01,1.1618498651487126,-1.4913542065032515,1.263329487421456,0.1900359390781209,-0.5510225316281234,0.0006861320502258543,-0.58519455803519,-1.110654029370117,-0.19567957311076487,0.3602688903997307
2019-02-04,1.640718202781066,-0.3429877338813544,-1.1055821867973434,0.488516789863926,0.5149861366268952,0.23583083081980455,-0.767060147685489,0.19318612294673873,0.43861851943338326,-0.2179076819780535
2019-02-05,0.7038128207891283,0.10254891720624808,-0.979965170087995,0.528807874503174,0.18942636862193923,-0.12167043832750384,0.01541686253990349,0.009747608812768437,0.24890159803222767,-0.25095385481774585
2019-02-06,-0.9568149593596352,-0.7367349190444177,-0.08637713440487924,0.22681659025948667,0.5797131243610485,0.08687147959572035,-0.19729858049218382,0.8238093742240024,0.04584212053799534,0.004256807506682092
2019-02-07,-3.369474328309936,0.3564138928145591,-1.0781821753648846,-0.9862961656062994,0.8202019538006444,0.1564790527186231,-0.48214510158766927,-0.6128699765828952,-0.3105632157009405,0.1715651089274859
2019-02-08,-0.306558325537499,0.6894766368789874,-0.34326469440973667,0.039367277249943974,-0.6744414565444978,0.009713185313390785,-0.08084910286539643,0.6676346263365771,0.25960632264868444,-0.058903666730673335
2019-02-11,0.10556637059461016,-1.7837836724070315,-0.5534822469102656,-0.4338620574253547,-0.47505676393702145,-0.07967193267599017,0.40733438725782445,-0.3776237604532533,0.7489956050144225,0.06367130634025897
2019-02-12,3.307644856746695,-0.8324615037220718,0.09664799110327935,1.0054569818584733,-0.888407626403627,-0.10459721148122433,0.34834958484184425,0.08533607532984491,-0.5990499094511826,0.3569996032464107
2019-02-13,1.0140090409982703,-1.3731540314564403,0.7880319558522664,-0.21419621415651527,-0.6365212691825131,0.33141301370841547,-1.2167192056819216,-0.4297739348943269,0.3241839112238527,0.5003089104181582
2019-02-14,-0.4609726943278842,-0.12413576052530759,0.08423990337333419,-2.0947904775002653,-0.4332027791793312,-1.535720637034099,-0.4522695352341313,0.18869160059175671,-0.7959112161082327,-0.2547551532156049
2019-02-15,3.340661147640996,0.25608527674464715,0.4428089000193279,-0.2315829956179138,-0.4008095329613451,1.5700530130509955,0.6184941848107086,0.6426760877584594,-0.1760120420520732,0.7394142377827081
2019-02-19,1.7865792364941062,3.2007155003941032,-0.23394334112504353,-1.7847665460211697,1.4452006327446996,-0.2586269253412972,0.4771070742983746,0.37974946848862906,-0.08324676057489708,0.018191770834151216
2019-02-20,2.051769275713079,1.0603952027462942,0.5777511383455198,-0.5026964518461153,1.4987974221108635,0.02333485249811446,-0.21237632057376982,0.6229089126340602,0.0626285919775587,-0.42525188161570976
2019-02-21,-2.373089031562753,-0.9942455037101922,-0.6947994144372427,1.7416074962878745,-0.26592365184634353,0.03329368725515993,0.3336995492151231,0.42090246280505733,0.4042329089138608,-0.6283922332157507
2019-02-22,1.8900898891233189,1.2411989512526642,-0.5215350853376214,0.042649645166332566,0.7861149272820362,-0.1425359516880686,0.09895173151560269,0.6786504922213735,-0.2635044059331355,-0.40755644140459163
2019-02-25,-0.2917454535604502,-0.4525563097936904,-1.2742429972940754,-1.3071239979196887,0.8084302608472589,-0.4209071889824302,1.6834818310767514,-0.8777186875729315,0.23245501577458794,0.31863484988226387
2019-02-26,-0.9056089475470079,0.014875366505976066,-0.07985584523838482,-1.032718585344327,0.8127361839909664,-0.16602728068804473,0.5001219902411184,0.40385716230730506,-1.2831853071223767,0.2836858437702525
2019-02-27,-0.10179214783756095,-1.892583794120132,0.945663131483099,-0.2632225668663703,0.23943989975298016,0.2253652623114203,-0.6649857379057328,0.619707582779606,-0.19311271068112085,0.6291691881229572
2019-02-28,-1.6800954539075408,-0.6404841087863913,-0.36665265851603124,-0.7894884161719729,-0.18049760884659163,0.15212861435657712,0.08836574999105049,0.2518552342142517,-0.006452247017333177,0.19927694065566862
2019-03-01,0.8770148784646177,-2.870628239551203,-0.30085896262549805,0.463166413469827,-0.19508465033679562,-0.09020911843839712,0.4447952951934769,-0.35696208927583656,0.4523048662081796,-0.4454286351140079
2019-03-04,-0.9803012094795432,-0.14292106917843272,1.033260703002071,-0.5237734939990002,-0.5605829628379027,0.2371537470691823,-0.09937466495395028,0.16294135034623836,0.05787379999820378,-1.038941849209602
2019-03-05,-0.47251187046185333,0.23491219505023658,0.6355300020938758,0.38250830519422524,0.26323591573636657,-0.11606189516271576,0.060420365650514875,0.24136077396400593,0.3049137422347643,-0.35130588031269244
2019-03-06,-2.980747024033187,-0.640838596104071,-0.2355606176344025,-1.4068468038106634,0.6689707043547263,0.08582139664954903,0.014265936035197706,0.2835569420286318,-0.6520244197375217,0.6889778439641108
2019-03-07,-2.370458220266303,-0.320743055369816,0.9865299820239158,-1.5705682052631882,-0.8534541356920747,0.1557253071520676,-0.1525902017438698,0.2795656376616577,0.8278073792638133,-0.1608047204242808
2019-03-08,-1.4723066739965702,2.1357073832224067,-1.2746654321014228,-0.2050266951052662,-1.156163101540494,0.0762537697147571,-0.18401795629337062,0.2990820097113892,0.1887448642335705,0.5017863814887371
2019-03-11,3.3984779880936404,-1.4089056880033364,-1.4196387008738782,-1.0969636928023443,0.25085560776257587,-1.3432314778998626,-1.2420008785623822,0.6179213716306048,-0.8286379918004033,-0.12633109961433098
2019-03-12,1.368339691198759,1.8953526149899032,1.431734063553522,1.8436095760326336,-0.3783463907790506,1.5179458779908865,0.3731073871200353,0.024576373252742558,-0.07999691397636038,-0.833587462633414
2019-03-13,2.059907164763008,0.01739009343130658,0.19688986310270307,-0.41581457687235307,-0.5562521425369921,-1.7419239009706073,-0.21664948756525068,0.1625563649389593,-0.7685105322387137,0.6125753291449066
2019-03-14,-1.6063885462051637,-2.4284491875620633,0.16890671973797122,1.1605810694368563,-0.8339207946896291,0.01868062293799694,0.15893912379317054,-0.05236733773214555,-0.023802577529614743,0.03432952587645809
2019-03-15,0.5302720085773702,0.7103342045442513,0.36383899337263853,2.896685135848733,-0.997208761375073,-0.006520110866225514,-0.6206185499027308,-0.07504657868093485,-0.607289053575237,0.5691188864255509
2019-03-18,1.604955993499768,-0.7717666889297917,0.29918081160504706,-0.8244016127331598,0.44155339167881213,-0.1608778010624065,0.5896677639952626,-0.09875946810003766,-0.19666995220330982,-0.018339511044727762
2019-03-19,-0.5171337600351126,1.088059279645458,-0.037127768466256386,0.0020124912494920077,0.9100526628106502,-0.1331394449689887,0.23326433729294382,0.4719243420176896,0.07079852945009626,-0.14940296924372407
2019-03-20,-0.056190150315696526,1.2400432114553153,1.888029736888735,-0.08666938770791631,-0.5689398538039765,0.17311988528937375,-0.288726893221999,-0.19617288560592525,-1.326195837937859,-1.2909178166167536
2019-03-21,2.636035774290907,-0.3780355476141783,-0.6603998573256118,0.6504967988990443,-0.7353551568141337,0.06260952796264316,-0.4450650216121743,0.1057346501716555,1.3093346822374325,-0.35129395851787704
2019-03-22,-6.973059739235552,1.4029681507988847,1.425745403027005,-0.38134389169777216,-0.6613562230700761,0.17682052822358094,-0.41552356685022024,-0.561272102182637,0.16069795848439247,-0.4101705414964862
2019-03-25,0.19796638999537658,1.6060126639059469,0.26907309960995424,0.3580299587114696,-0.2821244344202124,1.6314852882583415,0.4290890643926291,-0.03698658890689529,0.010079365744906477,0.050735710683776504
2019-03-26,2.504328028299939,-0.9955487671258327,0.08573249846413007,-0.7826430203203364,-0.28653092711674755,0.24637005915145546,-0.3588682945834923,0.2675248202086084,-0.01441716972607781,-0.9976729729781718
2019-03-27,-1.0623915160241157,-0.2969517280175179,-0.7373668852342726,-0.6363429520980889,0.7785279563260273,0.001234155007029191,0.03783414692412924,-0.32510161867647563,-0.4474236771646576,-0.4731180843922763
2019-03-28,0.7026928387536552,-2.51319084906969,-0.8064917785910244,0.1845614236588649,0.2558357832389204,0.16137460517868737,-0.025055771261258644,0.15197123183346578,0.1237450544569854,-0.4571182424566612
2019-03-29,1.5660301848516751,-0.041428389854487456,-1.3556210232496895,-2.1633068033226186,1.4928530029343259,-1.5592881149472209,-0.957346001256012,0.9975628952438205,-0.23504189933023922,0.646716601570622
2019-04-01,3.294038348876236,-1.7601950184471598,-0.2953073586765942,1.4831600839208368,-0.10755320949529121,-0.08686181614659393,0.2521608255688283,0.007845129392566957,0.19944411216703878,0.4261836469230891
2019-04-02,-0.2343918605653853,0.2283675238438719,-0.10418250169245345,0.3594388275854027,-0.3995717681454586,1.8818632705761131,0.1281971038368209,0.24719122601257404,-0.08321116217988458,-0.09082659295632406
2019-04-03,-0.150789278359105,0.5368839621722501,-1.1696122307960288,0.8860757636607781,0.4497809243974462,-1.8145519197392548,-0.5569355387983331,0.19905169491449368,-0.12564498566648005,0.46383918876588964
2019-04-04,1.6623676793601214,0.20791369247676078,0.297504179756926,0.17789871320310938,-0.5095713392313451,0.16676323977547416,-0.2674884260914588,-0.8009523563043395,0.6157239278530926,-1.2215978975614485
2019-04-05,1.8166103617813392,-1.096493432793037,0.6573644065673441,-1.2599626806964244,-0.7463233647101944,0.07233251041736444,0.004337458339462205,0.04503858426741698,-0.22937625143462526,0.029068099232683803
2019-04-08,0.7744379311246862,1.013737193654359,0.8147579519265077,-0.6185287195965649,0.7602016082684078,-0.16199486976527253,0.4105055775591201,0.49754666220407306,-0.31182566806216927,0.19740866172336408
2019-04-09,-2.748218760234623,0.8160653696297483,0.129771862954549,-0.262555076630842,0.04285400461459092,0.010352032567808164,0.01680868562017883,0.16909380942390767,-0.0898328531774059,0.4002147230508835
2019-04-10,1.249807993960685,-0.3985334300151579,-0.1074728845932426,0.36481923451292336,-0.12858500588112337,1.7544579517179792,0.4153402459658022,0.39878308741579943,-0.6666449708324698,0.4047024255062755
2019-04-11,-0.5574137835568139,-2.2709267738039234,-1.136660267624727,0.02620109549833264,0.05177189405381152,0.16144108790967882,-0.06272215264180359,-0.8200414682103999,0.17076110877961584,-0.8624740555131404
2019-04-12,1.7241368038312122,0.641580377887399,-0.9603877308569887,0.9569587090865723,1.9060727644214663,0.0734998957645873,-0.22582787577369565,1.395324327288127,0.14529744620118384,-0.005370646763913251
2019-04-15,-1.1666385117562075,0.39805546877120207,-0.36416497115023644,0.15560884158338248,0.7372542813426621,-1.5971950833688395,-0.9449384788896007,0.28605920976328447,-0.20423537015084062,-0.35274427907954214
2019-04-16,0.9489688990262408,-1.3942808298034695,-0.17120025724718688,-1.6195474116243702,1.708908784269404,0.08224029043606047,0.0646009079869377,0.33802014864545704,-0.09070482902180421,-0.3192464983228412
2019-04-17,-0.4496576266578274,-0.1565597510913518,-0.22964427729482026,-0.04862699013438228,1.638163228190296,-0.12459003274320277,-0.21611227720174356,-0.07481931724811362,-0.4818057050542906,0.3436719676935991
2019-04-18,-0.6422532962162804,-1.4471570191908223,-0.8077407924026353,0.23344103587015513,-0.6895358102258913,0.20305451692022763,-0.4749134125233681,0.5817633281823988,-0.08158395718882441,0.4715002839644961
2019-04-22,0.41871026453270627,-1.6100272605295454,1.9780371350547363,-1.752768536634396,-0.7842474110831206,0.006339583140948114,0.24998459961755623,0.16837317681530595,-0.6445373284255984,1.0796767506624585
2019-04-23,0.8092677684334333,-1.294112750956601,-1.4727754482509325,-0.6218770273221753,-0.6198612298275746,0.29391788580389605,-0.9036983139060634,0.5256470689979927,-0.30509223282088543,-0.2348324534517208
2019-04-24,-1.705722017097076,0.799972551740085,-1.4057353282529026,-0.7356105820873398,0.5414965244191582,0.022651608792409,-0.20458479790462203,0.8431550624254323,0.5517403494667643,0.38811130702691404
2019-04-25,-3.2098292501337875,-0.7184808466256672,0.30276571204209574,0.39350701222688506,-1.940259223427459,-0.0037496662447212867,0.13418815783119256,0.5159430263014748,0.11813489211326937,1.0317533294212866
2019-04-26,0.6377812257595179,1.997538723168607,-2.142585401420666,0.813647254813051,1.0237775885121632,-0.3990434320097545,0.7084591661716841,0.08450836931993415,0.01662611444871406,0.18504555479556217
2019-04-29,-0.509816037119733,-1.5343252218966885,-0.5279106037220025,-0.5237768293314645,0.16384748848846928,0.04397278984505931,0.4915804997276045,0.021720496834656045,-0.34911414535531343,-0.14462886372240596
2019-04-30,0.07967377811268307,0.5231473563494665,-0.02618603509535153,-0.8300944323976635,-0.326305467858625,-0.001564982290013721,0.08926475138009049,-0.3556141822702174,-0.8455016918887759,0.2913971406732343
2019-05-01,-4.4750433758985055,-1.0678895822220946,-0.08267421710049265,1.3239068431823762,-1.5509640595674636,0.075524376351389,0.16893818512457515,0.10485672395157875,0.3881089291725744,0.05621271919844365
2019-05-02,-1.884601249347502,-1.1547802093812802,-1.8262237585808996,1.0299159065574623,0.05406781834682564,0.14026273009981768,-0.23011035056220336,-0.32682243316878823,0.5306584442395512,-0.1368556623147662
2019-05-03,3.432120369353702,0.7823407148354858,-1.178507076906267,-0.18070870187802882,0.1977976971333158,-0.028960332902862682,-0.15058672695516845,0.23390839095871516,-0.6342786882965762,0.6997266161037115
2019-05-06,-1.5643797993719095,-0.13309490539620977,1.1473333118946394,-1.7062468700353226,-0.021176046339071417,1.6495246149378513,0.3428120029625283,-0.7548831717766067,-0.5171381128867125,0.5500143101964556
2019-05-07,-4.4243016497952405,1.5428036729350214,2.0952433920454654,-0.4431395295853808,-1.0328190342838632,-1.810559530693163,-0.1572056467197063,-1.6199530930163621,0.7828582315090958,-0.9750752942482289
2019-05-08,-0.685320789583487,-1.255658885387909,0.6132493306292023,-0.407496823060545,0.0003681924692901009,-0.0721408287222131,0.5657816924252324,0.4011402667140169,0.014522229139720634,0.3159731996716875
2019-05-09,-1.135758022659423,-0.44435115752049836,-0.5143866212579657,-2.3945526670402426,0.27320103330461304,-0.03923956811754384,0.29910312982458975,0.025260897265450534,-1.078586348920322,0.3527689281971539
2019-05-10,1.2108756322551135,-0.3084983452427327,-0.7766419787686124,-0.3868396447698727,-0.04983303204832966,0.035297015828996095,0.10657098660508516,0.7220325074629496,-0.21138147747189087,-0.08167940597307254
2019-05-13,-6.868171989745181,2.6375517406850233,3.141171874859019,0.1933815133607177,-1.6891820959095145,1.5851881098577816,0.523240845294074,-1.561046214814043,0.8380569169131042,-0.4432473149485578
2019-05-14,2.930910301154468,-0.9960528925865079,0.4031809240123484,3.2678593971002856,-0.510919793815698,-0.030695848509364198,-0.07541555585369204,0.5055133070695623,0.05532834630310969,0.012113724280940319
2019-05-15,1.0376489148423151,-0.23156709036336162,0.28178255758886106,2.3836781032366043,-0.8678232766189643,0.1295378347152917,-0.770011086283993,0.4465662627651898,-0.7002304039811071,0.19418667596615394
2019-05-16,1.5037562617783584,-1.7998673269831917,-0.21581392557972506,2.535716544822386,-0.6595286819941919,0.027488714294852962,-0.1876262789674172,0.7794819806267642,0.1471177041458227,-0.5598519675642832
2019-05-17,-2.893225640982894,0.22083848472023304,0.10460745986352363,-0.5855198133206804,-0.4434680346803057,0.1361698407611707,-0.20070257165126032,0.03941095401161134,0.4302598243896181,-0.7807899006074684
2019-05-20,-1.4020847538864152,0.3906046753552332,1.5001167344595756,1.6498099204044185,-0.11534509067441766,1.0737474431967247,0.7221542187947518,-0.6121163901836287,0.3636723939945189,0.18349754912257193
2019-05-21,2.2645710085365276,-0.9138887403743562,-0.9514243807160147,0.07177417872703595,-0.700920470972746,0.27335844881537225,-0.6675605963277,-0.20009859907376062,0.17925735704228105,-0.48421302192629884
2019-05-22,-3.256957455049656,-0.1093568112161833,-0.9006685832330952,0.27694766028120194,-0.7770287449993483,-1.039815908288141,-0.8799702845398727,0.01353067279685828,-0.13062600556747633,0.3826446463224341
2019-05-23,-5.061845991827515,2.5348591230487365,-1.1219272213325255,-0.5977185351401975,0.38791839176674825,-0.3725292732819195,1.0041968616836046,-1.1034333408827692,-0.08811796007809015,0.11660580745685707
2019-05-24,1.2295634747091535,0.45537351128537856,0.9014780948072628,2.7697859059139143,-0.3465493922664352,-0.11826184927271248,-0.1186623894445555,0.1172847866865174,-0.005016543823471071,-0.5237888950951184
2019-05-28,-2.3963712822631713,-0.055039878571935326,1.8918667407219312,3.593181789436209,0.1614273795375458,0.02431302601557341,-0.3374095184829735,0.45724548725842057,-0.3255964245860587,-0.9982348842644193
2019-05-29,-1.7266873510711662,0.31915162927029617,0.30241673520531326,-0.24344768642337208,-0.41754982531100393,0.016287696472403006,0.5564308688876155,-0.06668243705932304,0.2498819246487852,0.21031343094892024
2019-05-30,-0.7041139268920928,1.4053846466755846,-0.9370626697309228,3.79665288995243,-1.5257231830439333,0.04808791339200577,-0.8022111856441201,-1.3321152219340948,0.7605804558806937,-0.19160104262318356
2019-05-31,-3.7923587162657006,3.6186098334838808,-0.8123192058502938,-2.0302604745290904,0.0672486780556963,1.4222971379858282,0.3299895826575488,-1.5229490180303022,-0.1173589007726532,-0.8144405257836297
2019-06-03,1.7445433577497214,2.8277946832097887,0.22724363222014762,0.11725955621137679,0.10562030016682061,-0.5076092155953895,0.41384566269572565,-2.7192937863828184,-0.5398400900699248,-0.9640667788351078
2019-06-04,6.152093150189418,-0.9408154290275058,-2.111422034473829,-0.37313323285152844,-0.1331025428236521,-1.2480607592892032,-0.32628195477214156,0.03882835785693025,-0.010003853876851342,0.033292663250496624
2019-06-05,-0.45689830696077666,-0.14556537206142445,-3.5166108022170826,-1.7716871009260229,-0.7266717389829394,0.3118744181984988,-0.29807724522543805,0.01923554609712132,0.6932716266817461,0.2269588869528527
2019-06-06,2.2324423316556605,0.5633705196213188,1.8288692855585207,0.7444670237130667,-1.0495985685420246,-0.029032253759966712,-0.6893912367895241,-0.6148738798690476,-0.4125393708069203,0.13640941146519314
2019-06-07,2.0138474419425307,0.43961348514854076,-0.5852721407154078,-1.397840432527754,-0.2576184477408518,0.0738031368206913,0.004002585218511054,1.0798838499545724,-1.1624666864851525,-0.21345282766873175
2019-06-10,0.612985760887212,-1.8652205773924297,-0.9543619518988958,0.7638646717349971,0.927490774862587,-0.06692911593096963,0.35326209472905323,-0.0020017326764620418,0.3235289760345553,-0.36546103661270923
2019-06-11,0.25130713798106724,0.5892268095221407,0.8982188124109394,1.4597206900699542,0.30979848121864223,-1.922578757203652,-0.18728796495190267,0.10772096818776755,0.15315913375086304,-0.5728926592868675
2019-06-12,-1.3616069013158012,1.1055497804358005,-1.6512364921629938,1.85028201513138,-0.8519135542909253,-0.033237240291864756,-0.012410169351880303,-1.1714538170076279,1.1120254843244404,-0.20560185636139588
2019-06-13,2.2977214545612035,0.46266380823476244,0.7635620311763327,1.597230962167248,-0.7047127303182275,0.04416781034715156,-0.8006114297558364,-0.4279159112698513,-0.5430399860416105,0.09362279438531608
2019-06-14,-1.1067664305112384,0.23803049467902088,0.501406839767931,1.5202557574834652,-0.23567237448304612,-0.006161928269770199,0.031296252237828434,1.0604196684555998,1.0961543574191108,-0.7835665260133948
2019-06-17,0.42612853853399546,0.3815563080369843,0.8242434890599706,0.6835976657918745,0.08174568634435964,1.584253666459183,0.664178013805874,-0.5069346427496045,0.041273825008940584,-0.04706362829183542
2019-06-18,3.7336172980653832,0.16557833351988596,0.17428860104249802,-0.9665222537469544,1.1844860198517515,0.05540944809768621,-0.6406065770398616,0.8213355262500297,-0.8089488627693835,0.28855880928485267
2019-06-19,-0.28440717677116556,0.38762872748362087,-1.3730405036480497,-1.6758920319195776,-0.7394851359830515,-1.3637350461839,-0.7860305826824572,-0.07183445126976734,-1.0367228841330545,-0.36918570211255636
2019-06-20,4.224798573334159,3.537314689738763,2.381066425237465,0.31530643778361195,-1.111362612480224,0.07913067914723264,-1.3783734245863153,0.1885493533983986,-0.6241100471074215,1.1207042226294643
2019-06-21,-0.8258140014785509,-0.25969261247915476,0.6840275599409943,-1.492722866787786,-0.21567813405989728,0.06649181147076921,0.07536417393464634,-0.06328447567405333,-0.06927183408481052,0.31224677695572617
2019-06-24,-0.4064489400350817,2.8167239422160333,0.7419048157116537,1.037882688985872,-1.002072048711637,1.3791013835981307,1.4137721254005517,0.5116315825363575,0.14975696364128022,-0.641280367532741
2019-06-25,-2.381819136396075,-0.06215298657787821,0.6157681907245173,-0.1392535438055821,0.9594217336131105,-0.14429808915093628,0.2096016525814783,0.06885387222150263,-0.17230791828467984,0.10959305148905372
2019-06-26,0.9026211734071928,-1.0599801392724972,1.2106223297854113,-0.8964990668189271,-0.3661616693881837,-1.4400916040146257,-1.0117015615549514,0.13681532699571808,0.4843935563644673,-0.28843962310808147
2019-06-27,0.44992981651567165,-0.37579868125682037,-1.5844610698619872,0.08795243460178545,0.01351649033827292,-0.0691021034316622,0.30199235236278804,0.5311168264974812,-0.705631898690789,-0.34883939953533605
2019-06-28,2.0653670724010977,-0.15760081313349036,-1.2432861676379676,-2.2459736831363317,0.2614950515869765,0.1003650336227396,0.2642849503719479,-0.5899376183097585,-0.31622046142943916,0.19496804587816605
2019-07-01,0.04425509533394703,-3.279039671058278,-2.025758013156668,-1.477423771408293,0.520846635879374,0.3941757609265086,-0.5394308501333259,0.8371160323800301,0.5561476287886977,-0.04385506633228943
2019-07-02,-1.5203151165006386,2.7652538347222753,-2.923950748996772,-0.402324005456355,-0.7073409631617447,0.10614271948520032,-0.08219299546913993,-0.10773677182866366,0.32343078841466444,-0.6255554545136991
2019-07-03,1.6150518171306512,0.20907162017032535,0.5364232839362207,2.7719016069012827,-1.7266107866751235,-0.22960405159522024,-0.10285597130033573,0.3585218563930489,-0.21592941887513573,0.7981146525497289
2019-07-05,-0.6759194185091087,-2.1927162628598196,0.43082251594759413,-0.386439507667937,0.24717583073119168,-0.09517198493484748,0.9137434008775877,0.3515264545199748,1.586092050385985,-0.7293839936745125
2019-07-08,-1.5140985640419347,0.21627344704251542,1.0315784633833687,0.2999535307566245,0.2884962223363023,1.6167967068554974,0.45529127803577074,-0.35744499101440735,-0.030995796792418543,0.26362975320913734
2019-07-09,-0.6751223451175145,-0.17352985952992148,0.1720436109948386,-0.8486596825558478,-1.0758127988742787,0.1927869588950171,-0.04873701740867902,0.317284887098823,0.5072152315813532,0.44497273706581636
2019-07-10,2.1036213858467803,0.8876448930700498,1.84554114295169,0.19662568710365116,-0.35486532526010234,-1.7022869967530716,-0.7942849659016226,1.3211214187556812,-0.9732874280730678,0.6731263801632565
2019-07-11,0.08771574083462193,-0.42209856702224086,-0.09548472899950443,2.8299743050764103,-0.026201536082217373,-0.03769971312087679,-0.34689503680846545,-0.5995174471848331,0.6642690830788512,-0.38836024456258156
2019-07-12,2.198864857800926,0.33536313124993133,-0.7618321731928905,0.6653277365233888,-0.36827418301501413,-0.16279596401357785,0.4242881981359839,-0.3708967450571163,-0.4224926067289274,0.3668431778956693
2019-07-15,-1.1497860438826608,0.23407904185336317,-1.2023584410616646,-2.1319139652265586,0.7455469539279556,0.2297660986485032,-0.17999620678344033,0.3941359968487394,-0.10866279864012522,0.6901097531915813
2019-07-16,-1.0938288340782387,0.07781986800448072,-2.4000785188235203,-0.6167439543948543,0.229730794220602,0.2230555716707426,-0.7883211186252865,-1.2684616151378458,1.3098116829420137,0.4293736537587607
2019-07-17,-2.4619900769571093,3.456649965221011,0.6231737033678215,-0.6192335371860329,0.10393836189865714,-0.16955737022651218,0.0514082275310245,0.07804537429194361,0.081565522535215,-0.47766059728164223
2019-07-18,0.4556722443019169,1.8726910265024215,-1.951197328429323,-1.6875332370692597,-0.5236100577705092,0.08482879860549705,0.26389708382369137,-0.7915930080847134,-0.22169743771770625,-0.08535380110542704
2019-07-19,0.5310608341123548,-0.5342202111584499,2.1714522736166995,1.7800755699677593,1.5239092581094182,1.526941818547364,0.27174191823274646,-0.6337664499164193,0.28424350020961536,0.1772011638920836
2019-07-22,0.5273221450064934,0.22004417423036302,-0.4141788828984337,-2.3834409139453796,-0.6492651754939656,0.17459371195203077,0.24882481672951923,1.0472689135536313,0.36645496933895183,-0.11621154783014018
2019-07-23,1.755100891623506,-1.5623493722896058,-0.9239548569301708,0.415692338561462,-0.378012301037531,0.1905614995391302,-0.42803965338168043,0.26801487636400223,0.6470536104501117,0.07700545876762495
2019-07-24,1.7048687745175497,0.5922519037629373,-0.8965878856227737,0.7182474108665741,0.050210117944701954,0.0303832050677578,-0.6868182423060853,-0.6573640542026976,-0.22107567855052793,-0.15906157975804683
2019-07-25,-3.478614100883516,-1.694116904126128,0.01738742255051806,-0.507080915487668,-0.19598803179721672,-1.6841182225314237,-0.3789283148160447,0.8060155643384274,-0.08889639671721378,0.7044073106064234
2019-07-26,0.2727554146947369,-0.8353010387422045,-1.3861534784129221,-0.13009065575114934,-0.08613816577297286,0.3454143477790163,-0.9482093248620909,0.6794671117728969,-0.13941187987684953,0.6185403986275056
2019-07-29,-0.660505471749717,1.1872314131517159,0.6579446904396564,0.6795505625934148,-0.03522053010243209,1.651696414856195,0.108414986434085,-0.04962223884563427,-0.136573397736331,-0.08578970662296098
2019-07-30,0.704197851461691,-0.6019675231623954,1.1290592280934415,-1.9233848930103705,-0.840381074028958,-1.5828816128537027,-0.5870494792507598,-0.5290604729459305,0.07842518034539023,0.33132953250916386
2019-07-31,-3.77144644417914,-2.266228708566556,0.9770913751759503,-2.1452327516962533,0.6526387775364818,-0.2914346467943144,1.1014706584399772,0.6407311317626654,-0.3949305887135224,0.7939735561342748
2019-08-01,-4.696089457332438,2.569280242289251,-2.1610268631493432,-2.0945308216693,-0.8031296969933421,-0.02940859483694741,0.5320772193808349,-1.976513882822547,-0.08359293021014541,-1.3906129665558162
2019-08-02,-2.2592958361472317,0.20542659898188298,1.9916135110525075,1.1579158350751817,-2.400663970800167,2.0926327437058623,-0.6451334932389214,-0.21213037515445585,-1.020438823781622,0.6803841180036722
2019-08-05,-7.370721774542273,4.24937652693698,2.352870865843114,0.014283875226422951,-0.21692527064428777,-2.0064811590888345,-0.15549986452874995,-2.1305946363858492,-0.9249282344922022,-0.928233748890106
2019-08-06,2.1070535798812022,0.06472095908017764,-2.5651428669237992,-0.25458266610987607,-0.5002195762820834,1.6991469161046033,0.7254092626958195,0.8358644587919437,0.2933046632216107,0.5258131642926687
2019-08-07,-0.3024079541051266,3.4318994622452714,-2.0908933990202723,0.6833893497152377,-0.9928557279919449,-0.2889293900781608,-0.09429532605341016,-1.040630280524063,0.5062536020918462,0.9716636960084389
2019-08-08,5.721489575342252,-1.3387102862623763,0.2723616891792142,1.3200486866303989,-0.8594870716919816,-1.7489605745354837,-0.4893855169322455,0.6235185605442435,-0.13701970140208636,-0.6436204149504919
2019-08-09,-2.983532443239618,-0.355883171062677,1.3887154863544515,0.3267257230314897,-0.7232365473840494,0.2646184058339442,-0.4327311988588783,0.8640911429411952,-0.3376565494912361,1.063403416038252
2019-08-12,-4.089705954373438,1.171186304001434,-0.011615863218738746,-4.468671558591757,1.4567863876362246,-0.0564819184211178,0.4318735828048147,0.8969547198903948,-1.6350500208942462,0.38910898618262096
2019-08-13,3.3945141022488197,-2.3722379838470755,-0.5980064816838606,-1.0032056873013564,0.8460172025921704,0.23046331630699005,-0.27268028307475495,2.927414803681975,-0.23041074928783192,0.7877963859405129
2019-08-14,-9.271921596213483,2.8834279444649185,0.28812055281751664,-0.9661296965891955,-0.1657714044191199,-0.13185470172051247,0.2242248544964644,-0.4141464146036786,0.14547809719670482,0.03774158636733447
2019-08-15,-0.8339938832025638,0.6676836709514107,-0.5578471214231137,-0.24446458336798757,-0.9559488470179022,-0.17455696261710393,0.8064329992529266,0.39675986010791003,0.07698081707271617,-0.5221313778259095
2019-08-16,4.086120977095832,-1.9237192903805662,-0.874648747297952,1.7085762763953642,-0.7591384899032984,0.17135869381661187,-0.4855830359026793,-0.1630408176538102,-0.4392379301138861,0.19158602413424453
2019-08-19,3.0842364709667387,-2.5712504506989244,-0.13272874204910082,-1.616698646911812,0.2589754270272983,0.2022011062894144,-0.1933637897513656,0.7312013416312793,0.30208927263700786,0.15958376850643358
2019-08-20,-1.7280149993165368,1.8043744975883467,0.6243446181788384,-1.2204386232137496,-0.8212583730229452,0.13822291226273736,0.03295036079546656,0.05218629152902184,-0.16410493012579752,-0.3392081344393126
2019-08-21,1.6107859697920635,-0.6216267487784194,-0.8677018780938941,0.8301883903179405,-0.3919211800175951,0.12213906087280486,-0.6157359571798917,-0.0640593178554378,0.047597557519592444,0.3637029779606256
2019-08-22,-1.0386658194922183,-0.6316323134396454,-0.20754283133179924,0.2505680562847925,-0.1506117746078969,0.06949877382950745,0.01618947394639939,-0.5680992439305396,0.2668912464974441,-0.14678328909082689
2019-08-23,-6.855783691771017,5.1290610600133535,1.348546145313346,-0.9024993674430484,-0.2977984929624188,-0.19418438561549806,0.22043583928262372,-0.5370890826870587,-0.30195458917724793,-0.6084937463622299
2019-08-26,1.6832606951058178,-0.44058784658231437,-1.1302953136330247,0.4571266348424936,-0.34142274848136944,-0.17891880648465672,0.5189632761606767,0.526824041810304,0.9867303478301493,0.515804638081817
2019-08-27,-0.7412229435355403,2.932757360117385,1.3066074108491395,-1.1850773432445159,-1.0092266457415275,0.1622206015364968,-0.6536922844579176,0.3857629046593912,-0.09034072473168328,-0.24614083199553574
2019-08-28,2.959783869061894,-0.5511221309452887,0.5875915097431629,0.626522484717582,-0.20724384129187812,1.55212719835588,0.8089722295127524,0.09892165957015535,-0.19694228500878272,-0.01585351918402155
2019-08-29,3.274188489916281,-2.5646684457664497,-1.3146663105284562,0.10585135249981961,0.8318267979597966,-1.7462269369762602,-0.24087387410977423,0.82665169831352,0.2678632879488816,0.2897768955379983
2019-08-30,-0.5007220204182421,-0.1031483328552221,-1.1597798172974845,-1.0803499902396234,0.5602859039845218,0.04073896614002848,0.225668459603106,-0.5669804217720857,0.6602163927218462,-0.493301977233382
2019-09-03,-2.5354676735012736,2.9277318861062525,-0.11349935538264261,-1.366085315046045,-1.0562732605438125,1.3226286454041933,1.281330324593635,-0.48325578739147795,0.7864743738768766,1.2969068670696615
2019-09-04,4.185258619080495,0.7718166915958051,0.7236552127965176,0.06887439025893449,-0.028923734255415275,-1.8768572562543193,-0.1758967060536421,1.6650646179523345,-1.0714993755162172,0.1757714546754449
2019-09-05,3.177123025418809,-5.054677328053071,-1.0151118297271815,0.6541379011745333,2.027931827278168,0.02571502024538785,0.136700714916648,-0.07439287582478442,-0.18331431133277126,0.20546280873985573
2019-09-06,-0.48150547436801155,-2.2788150184319242,-0.10805767169619568,-0.6616956533559468,0.07953421661811404,-0.03396017154306232,0.6951698879385855,0.5888750404576754,-1.0132556630633647,-0.4904643424233844
2019-09-09,2.0915495875528363,-2.020690441439301,1.5202889237377475,0.3735775330297801,0.5387556366076467,-0.30610121500442194,0.7541703262525172,-0.38665750293993306,0.30854758217643563,0.5594765968078187
2019-09-10,2.085438329784282,-0.7995936793731874,0.4814049083880546,2.0324376967319417,0.7493640374530741,-0.13891832583809727,0.14130540079424755,-1.4090521723306453,1.1560916474109948,-0.2917170925381253
2019-09-11,1.4787746064989988,0.08077373160373903,-2.419420202849036,-0.3611841390024434,-0.21575337480311868,0.1404235163878003,-0.22652683121898332,-0.6689799066003133,1.2748331720141932,-0.26096764230650377
2019-09-12,0.436837660091498,0.30884293174796307,-0.24732751658579294,2.9899674517777255,1.1593738037664267,-0.26396025638815773,0.42668974061480175,0.02075927887056713,0.09366940120592028,0.6720476304684734
2019-09-13,1.2135665804211384,-1.4898920961220112,-0.08988685718979825,0.687599906508911,2.9068741479339764,-0.2801265985309644,0.719277489511534,-0.138985293509542,0.6493164404901919,-0.2898628885204323
2019-09-16,3.1735112602823654,-0.8609129891715074,8.734312197021746,0.06460989734678839,-3.4338096857130864,0.39077666563076585,-1.176602664998241,2.0381154761953177,-0.8636549487470139,0.26329380474367226
2019-09-17,-1.9233366806038177,2.89578382942436,-4.420180912935628,-0.19380309172979285,0.14960618033892248,-0.18690670131967962,0.5459122011230214,-0.7651613935335727,0.24339053205803346,-0.7586690629272619
2019-09-18,-1.6166124780324573,-1.2415020663627125,-0.6244323626585491,0.6255423628731174,-1.0306956707579829,0.07410048435913612,-0.28731021030661874,-0.2798488332034126,-0.017169649449478658,0.24193441236569854
2019-09-19,-0.21780811250831547,0.6301872494988248,0.5428445727784089,0.062436499503873706,0.1358308054197021,0.3473776699693703,-0.7599810688340498,-0.10576433050725301,-0.5910229829046133,-0.6128822874630111
2019-09-20,-1.1795640350323107,0.6305260069369581,0.7870666190027308,-1.3986405709257794,-0.9640794845516891,0.05670133697790412,-0.08250075393169001,-0.6852965218057429,0.5197855387564684,-0.1846530460374534
2019-09-23,0.1765945755942861,1.9143347479367696,0.7105849659835907,0.2164760194600376,-1.0473685437939344,-0.0911078364554737,-0.4224322776731737,0.39800711251100784,-0.04288246374283135,1.2778341011954872
2019-09-24,-3.088501483878187,1.6828363639766195,0.03483836749478035,0.03694795259679803,-0.5285628505669304,-0.13104938248202447,0.30677178927037235,-1.3006225922432453,-0.7078372798260785,-0.2597193256996845
2019-09-25,0.6238376528353642,-4.050084287266847,-1.671152176714943,0.11237817329586708,0.9409703022594931,-2.142005964506237,-0.8431301710133439,0.405050297120687,1.3470818371205493,-0.28469577272112284
2019-09-26,-2.224623879245717,-0.2613246360259668,-0.35741296996965966,0.4642759584208934,-1.079814842992992,2.7298365815994026,-0.14354207509142922,0.025410695072657197,-0.43200950759641726,0.1665231873385226
2019-09-27,-1.7756543170898635,-0.7284799648627103,0.37722905146536634,0.06918974539060035,1.7667297270712639,-0.2683552707974638,0.3352556773511286,-0.5448143484534622,-0.657452996322454,-0.1883122543478267
2019-09-30,-0.5184188104632544,-2.679852622618961,-1.2296850653918958,3.8958288590995624,-0.13102547278164728,0.3016898383506285,-0.49503756828813983,-0.4451924282586108,-0.2629528271287794,-1.2524828749013903
2019-10-01,-5.217272652132643,2.1388398315547015,0.3214836641877098,1.21762604222985,-0.446884682527853,-2.449294311118623,-0.9757045379319306,-0.32234080683923466,-0.2860294951063293,1.0057167104305904
2019-10-02,-5.017794297707094,2.927200898937885,0.16306855136031162,-1.0998578087775226,0.3245469385295405,2.404425380398419,0.5450097755535804,-0.07001731585216867,0.03540301696567749,0.8422385804456839
2019-10-03,1.42416331347723,-0.21061332938814747,-0.3534868036283091,-0.27093184267427434,-1.1527570334016553,-2.587916171407567,0.06640043189397746,0.5626007919609872,-0.9176242517821561,-0.6452845961319463
2019-10-04,2.214055199064494,0.3057980536193183,-1.4116956925946156,0.1739625382828094,-1.0397220569116934,2.4823203300611465,0.604029014901025,0.8761833979752749,-0.5879740659056579,-0.05259287200966482
2019-10-07,-1.6582776925249045,-0.6128126990636107,-0.2674234114910625,0.3365364761816011,0.7021437491656238,-2.200778673153081,-1.2264284431159154,0.1955525138799351,0.4796340544626072,0.10235101204885434
2019-10-08,-4.12919867634633,2.414662516826236,1.1986067978767423,1.537487580883321,-0.20113682675012465,-0.015886294617445538,-0.3678490336084277,-0.1316940982430291,0.725903780341861,-0.6551646683484602
2019-10-09,2.0936559528926373,-0.8491405417009885,-0.7191693287029148,0.2515136828167058,0.13744239479793852,2.50247162120175,0.17715930315696063,-0.2783651363818321,0.2579714240377121,1.2410475826668288
2019-10-10,2.427917187773999,-0.5149030802432697,-0.8330546861115636,-1.5934116156134563,1.9572612152065583,-2.239587295576631,-0.6168413952707547,0.6667702880922542,-0.2531567485475311,-0.5689820508626251
2019-10-11,4.358167120406895,-2.4617318034441675,0.31232416037199384,3.6086751230039575,1.416157288206324,2.2621216880056054,0.7396233912866498,0.01955068933850453,-0.43718186288347405,0.630043495094641
2019-10-14,-0.6350642062984486,0.7823735798684002,-0.4634278989443271,0.41682254089048854,-0.4699616057374164,-0.29409440671227555,0.5933342711766451,-0.038761075679803685,0.4883051749443911,0.2716978897484592
2019-10-15,1.1855974009890484,-2.6755100938886964,-1.8183362287716403,-0.4214356768647556,-0.3186479229085811,0.001318579202621187,0.7610036529922825,-0.07160586634333692,-0.27385587658291594,0.33124646039228123
2019-10-16,-0.7634580757890697,1.4004553936022457,-0.4735727717024596,-0.033451192978930656,-0.6872954234395398,0.24648943519387445,-0.5006872068664853,0.30089394433112365,-0.389860280507194,-0.38494566458641555
2019-10-17,1.3283820250251177,1.1274394839068513,0.16789449706797016,0.9063439463780663,-0.4609952498508942,-0.11684448998299524,0.01757360398054492,-0.11230676377073148,-0.20374071806018412,0.06474700213179685
2019-10-18,-0.8771991346948933,0.7555531952146154,0.12138880264986433,0.12489798971507347,1.1995933009084054,-2.591648704286269,-0.3317098683511555,-0.2650866746868474,-0.5107953362157069,-0.4871489963266352
2019-10-21,1.8281740105389124,-1.481092722420217,-0.6271544877363969,-0.7475367850311391,1.1703933035918337,0.05373089737780009,-0.44349592641207575,-0.7104426535200201,-0.03863920877171748,0.6698676404114605
2019-10-22,0.6012590039687641,-0.7064217756192585,1.306852990838672,-0.6652754638085995,-0.20733153819020014,-0.071994371341521,0.37421504807535566,-0.45274877017110815,-0.11600101614767241,-0.3587726679212129
2019-10-23,1.7972954427285714,0.5754346452808743,1.5226684972292706,-0.33445348185951795,0.4461356718254909,-0.018872903948312775,-0.1741608342436892,0.7573056017400223,-0.3267810423174096,-0.19202033245746578
2019-10-24,-0.4595887141114298,1.1246993081476722,-0.631230769981829,-0.33464039599901857,-1.7591140974825645,2.537127822721464,0.4466210905134466,0.6857077218885567,0.6698829162258083,1.0460906810125903
2019-10-25,2.4986858427814815,0.157285001407291,-0.7239801213277879,-0.37586968781957397,0.9305969687072494,0.10081158070401063,-0.31307657604666816,0.2975159714822415,0.7047172118868595,-0.7438476036997308
2019-10-28,0.14425392846445773,-1.3047972987967071,-1.390180421086245,-0.05400132924363542,0.7926210217719222,-2.7236313766736266,0.8108881768234742,0.6640612962560171,0.40651623021406436,0.23833256337833117
2019-10-29,0.021917378470359673,0.023348404763690545,0.3293012858306428,0.10351487893804422,-0.5718636985724797,2.011855938893995,2.07682032413088,-0.15415930053681237,0.019986790812597927,0.0329224222824068
2019-10-30,-1.5330213880256074,1.0048386612272489,-1.4975426693532146,0.6418670862212871,-1.3247228467818817,-0.060790593470844055,0.48509715249210766,1.0320646820193768,0.035422958043423394,0.20903069606433386
2019-10-31,-1.9648652897286605,2.1352668239956523,0.1444170655927296,-0.7063530062227583,-2.060955904076045,-2.301343639109234,-1.0681493024721032,-0.5706705718518742,-1.068501192046326,-0.42091817536343207
2019-11-01,5.057080301189065,-1.1979756485309554,1.2660934551130019,0.30197015654324133,0.41559410396911084,2.19027879434258,1.2087243666400258,-0.011218042867804447,-0.03291434483764474,0.10309958761264737
2019-11-04,3.6285974237269643,-2.293055300319735,1.6008560666847422,-1.4906491382029472,0.9282418981722431,-0.4956427079736939,1.1866088497263259,-1.051798658983048,0.5144863830509272,0.6495236705257742
2019-11-05,0.1460961927121222,-2.532981320448565,-0.03546840864220259,0.3977037372313712,2.1690692887902654,-2.4947924052272605,-0.4333863033001164,0.9639344763492401,0.5712331393272708,-1.1270462336282956
2019-11-06,-1.9498108509674028,1.2599152151305466,-1.9285685924878633,-0.054208524207234404,-0.6565634686737043,0.16281936194805244,-0.3023474974019265,0.4485426552195859,-0.26282863348594354,-0.2847468653590357
2019-11-07,1.6962882986874392,-2.706127791531604,0.5709653416054533,0.17979573730270662,2.9044926926541086,0.05509277460659182,-0.1156877024741785,0.12016240112385046,0.24296700246261704,-0.36580747474371605
2019-11-08,-0.06556259241507108,-1.1077172758552967,-0.46119394367381666,-0.04694887784063924,-0.6587180206090407,0.29363216867235564,-0.11360806015192762,0.4308459205759286,0.40595044841389005,-0.43782102442162496
2019-11-11,-1.559865049460451,-0.06868659455603154,-0.9336071557744922,-1.1553212323523774,-0.21995207389800173,0.417296169378085,-1.059995293426261,-0.5371799573770715,-0.30507403370102304,0.09166509494367152
2019-11-12,-0.5458476801840189,0.3139543989867954,-0.09973804607555108,1.0842937593684376,-0.8511407244611371,0.12516740960999528,-0.3719605733847757,0.3057735644718722,0.0017712494217600504,-0.8591809409193899
2019-11-13,-1.3961434911769968,0.8314764531869117,-0.24143751338813085,-0.9543325141349348,-1.2765085410961303,0.13803529581663387,-0.38825749384620817,0.3183503786851439,-0.2139015650907072,0.7869865783210506
2019-11-14,-0.09504120666756699,0.9680364335019218,-0.6077957555606538,-0.09041095021219776,-0.5248578161411636,-0.184094982294005,0.5055238038567383,0.023057939299204886,-0.5715225104994877,-0.10271121744130189
2019-11-15,2.196211940994137,-0.7134851977189395,0.45883906593203494,0.050043323446295314,0.8432778501504947,0.040648322247839375,0.3454008492611418,0.7317379960706603,-0.4683975638802892,-0.0676003398659457
2019-11-18,-1.5197067959230401,1.2413306444305456,-1.1938968576525626,-0.39294114830676025,-1.023609512178973,0.3894396066337231,-1.0185875694814583,-0.5170995050290429,-0.1886698557088373,-0.13793023923593395
2019-11-19,-1.0535951913653687,1.0986704716634526,-1.5983684696084808,1.1410547393437096,1.0112770121002579,-0.09148017173996462,-0.2332962146832261,-0.32822453036062893,0.11581426521032785,-0.07913921507553563
2019-11-20,-1.026619593660825,-0.07174539197647631,1.8469459737712297,-1.0202448206486463,-1.1477335034269847,0.012565561003457123,0.005155514566709654,0.8993839043335631,-0.6037814630258256,-0.18578421233597503
2019-11-21,0.13554795468478006,-1.9088476717439364,1.7982720919840123,-0.7979537039412001,-0.10786806698992052,0.058169142295146456,-0.004340466449146116,-0.04467351896396079,-0.06000684546296542,0.30892609643776414
2019-11-22,0.7130115240912939,-0.4668357820563682,-0.6459196574404631,0.4551268703824543,0.46200114772676626,-0.2880020540678544,0.7621453957736419,0.16037198717942966,0.567100592259133,-0.22043439917828517
2019-11-25,1.8164924756453515,-1.2974584835016145,-0.9908513756798044,1.0974979846898438,0.14825071328804892,0.3160790864787493,-1.2090050626885671,-0.11514488469750961,-0.6572260193922355,-0.3740265115763576
2019-11-26,0.06491587800278487,1.6107328749688254,-1.0647612910969402,-0.3883390384797892,0.135357851577652,2.5592114418369607,-0.019640035111577414,0.6438325596714843,-0.3427506559049219,0.09349694953894724
2019-11-27,0.4502474791216089,-1.0352077413189533,-0.4599428642913081,-0.7244962974846041,0.1763293354667982,-2.390585952185727,-0.46654317244180554,0.27863648414238346,0.42094099057775214,-0.30336659399634586
2019-11-29,-2.1970295067086902,1.693503577630643,-0.7181793406060946,1.6206954443399084,-0.4225140249141514,0.32687204731477376,-1.7245859149915672,-2.0726879801713327,0.5737582855635921,-0.33237474521849064
2019-12-02,-2.9714214561616354,0.6342133735996603,0.5988714842161419,-0.3175620943615986,0.1928304423082052,-0.17291171132926722,0.7959407426653213,-0.6517882284020159,0.4625277515687471,-0.02211892192092802
2019-12-03,-2.9011601360146715,2.646590805531949,0.08164691452182926,-1.0659217498518985,-1.7786573879714813,-0.26038449097528127,0.9291983710051753,0.7523914388476806,-0.8833452737981569,-0.006950465642276352
2019-12-04,2.6571889290461517,-1.3090308793229124,1.1815150959325884,0.08589767080884056,1.133481532946362,0.28436755548490744,-0.6186228387118339,0.8549193979070266,-0.2450102609728971,-0.23101736259286781
2019-12-05,0.15424764440161165,0.900906777531573,-0.37044993938437126,-0.1424760523564224,-0.16729689892035843,0.061432553360427994,0.1825962110483852,0.39032444382850284,0.1518933755511751,0.1762784826948753
2019-12-06,3.5102877242138892,-2.8467958386679753,0.6802471295183348,0.35428461497176694,1.7778163153703603,0.2008754732744034,-0.7837168735839434,-0.06667244801557072,-0.3039832276931993,-0.3977610951563385
2019-12-09,-0.6701528218773597,0.4059248441950234,0.9642086799274967,0.07525876015814129,1.116806489859663,0.022732229337813385,-0.5723365450972767,-0.8746031908988416,-0.4580538262530299,0.24150520373167564
2019-12-10,0.008779345092257224,0.711116004610219,0.5713238657115058,-0.11559278045759487,0.046256163321093766,-0.06688177823624482,0.3188249572201557,0.19026290413908076,-0.07743435858027499,-0.053055335177029365
2019-12-11,1.100907510176023,2.0747666052837683,-1.1527345680030474,-1.0093858867839174,0.977462877538745,0.002080112599345644,-0.02607870002325137,0.2644149036204955,-0.28627768847794416,-0.8810566887943371
2019-12-12,3.208083633659548,-1.4344610401413012,0.7028809818382492,1.3272640238353,-0.713088611445417,-0.16765112823634978,0.4452999176294868,-0.38138955631582433,1.6434847350600008,0.39992095039356185
2019-12-13,-0.6379855049522145,1.385029077913591,-0.4402144405286955,0.55240873009198,-0.16447025356972544,0.2141935879677606,-0.5067417448175747,1.391281927929031,-1.3883150608998245,-0.2764627724402179
2019-12-16,2.7222974821496275,-0.5851289696818164,1.2682373659848392,3.253816725684208,0.8467141836984257,-0.39394706343536356,0.37035546769856964,-0.2589291288668364,0.4996816263732621,0.4798202685079803
2019-12-17,0.2803308187044569,-0.7568961783204965,0.6183650356325596,0.7640090645568587,0.03609708964351041,0.07979206575592139,-0.3287405457370455,0.13263121220019639,-0.23756922213362403,0.10234410776352111
2019-12-18,-0.1641510482923425,-0.2058152676027195,0.509576495868542,-1.0216212628245642,-0.3457076737130861,0.2789905432583135,-0.4344931776950516,-0.21543766372442877,0.7683072153381028,-0.04751450694693027
2019-12-19,0.5831251095926507,0.13962292201821663,-0.5494444614151722,-0.24296562297647226,0.15438279459821655,0.029816958617972688,-0.20873819891819922,0.44996210362746636,-0.3243513282655134,0.37028681045964984
2019-12-20,0.360586146235649,-1.2381614441231856,-0.4468682051396136,0.2543495062259107,-1.0339332068442648,2.240490670552808,1.2140136834841646,-0.5589723649204358,0.48528282350101143,0.8244928588706775
2019-12-23,2.3509614772097667,1.1634712211236338,1.4172068083539582,-0.7997992426473773,-0.132079531013305,-2.084239519853818,-1.7925309761445205,-1.2378651217100531,0.5927668016667482,-0.39750293348963744
2019-12-24,0.5370907584384909,2.1900500015414086,0.4398360482262947,-0.2731255375271497,-0.12363164431401423,0.07931104269039904,-0.6706440210120111,0.31493515870653793,0.05785039510278683,0.13402157059329145
2019-12-26,1.5699956034839826,1.241471635309469,0.3854425892892777,0.42405766898963176,0.28132320218661183,-0.40215391155783786,0.9344276273714537,0.9565517463157305,0.27529613861625274,-0.33315374310871493
2019-12-27,-1.2435608439336416,0.2190590896942093,0.06606027821187876,0.0702711499457373,-0.5790873527991246,0.31099846102480205,-1.0246664901845373,-0.7439812320287115,-1.506586728759177,0.18089390552502346
2019-12-30,-0.7825328396368373,1.3597468160857082,0.9533545321050453,-0.13744786490864047,-0.18066996815364514,-0.006056458268513265,0.33642600807735057,-0.49899413497629297,0.5506785830219322,-0.4038194164255548
2019-12-31,0.6494139830510905,-0.17069921970562568,-0.6374683942124559,0.31085618220429645,0.18400777959794098,-0.1348087439913005,0.4810582705076618,-0.8715395867188311,-0.07963495762279772,-0.13015182763552646
2020-01-02,2.1331294772366216,-0.3583692798324646,-0.5223898056449832,0.3676684886945371,0.5468061886449016,-4.017099913565443,-2.222012691738465,0.8082583000818336,-0.16570687238314788,-0.2312748878030627
2020-01-03,-1.9334288216197524,0.18219805357985655,2.0282258731637026,-2.1107091556355866,-1.5376637436639928,0.06335302766736511,-0.16067714289474494,0.4309813881920344,-1.2268886614266474,0.8006244559496479
2020-01-06,0.509700963681561,0.11198136462891595,0.4640844271479999,-0.5539330281218161,-0.3663998757581841,0.034137526808529876,-0.022427374507823037,0.08184378629888334,0.061412827139274616,0.7869470609615016
2020-01-07,0.9264450891248303,-0.08455740014929324,1.5197296298778564,-0.4905280203285345,0.22279284491172588,-0.08147933563091447,0.21127388943810357,-0.6706099694798229,1.1832155554559252,0.140537386474879
2020-01-08,-0.9549372931118955,-2.1544707496869977,-2.7475661938867333,1.3907655656529208,1.33630939586742,-0.09053990874651022,0.18385427746859528,-0.5077077369119816,0.6245748500692798,0.7059941331813421
2020-01-09,0.30921340756459464,-1.5474637630089203,-0.7314315989914948,0.35410525625312567,-1.0608153004931808,-0.007898092641362014,0.03811942574047723,0.3232640210030727,-0.32411646787734233,0.11306898366075695
2020-01-10,-0.45543970821555196,1.6758906544967214,0.3203299500309319,0.31013812793533513,0.5488793242857524,-0.19051466155781538,0.40386796525014934,0.1574403155350009,0.06521061630561507,-0.6402296374982278
2020-01-13,1.3429236881665796,-0.8741165474189577,-1.3696686905175213,0.4987555514267583,1.0889148616466793,-0.08575260868807735,0.03372956167538286,-0.20158294275958957,0.07763810670012092,0.05161617733485549
2020-01-14,0.38522692202617054,0.1027788599571123,0.4667210516427666,-0.02121219063803287,-0.14873530473384688,0.04510806988628127,0.056694480272397936,-0.37821693806660667,-0.2716741195521068,-1.0407050518119312
2020-01-15,0.25300948196569834,1.5124586412488779,-0.49003581469730817,0.1525358322455939,-0.5965059696817694,4.199069633580399,0.5693518731754298,-0.7266201819967103,-0.20686361493924268,0.4194661608430855
2020-01-16,1.2422185356894637,-0.766742952852145,-1.5949213798292627,-1.5444883770709166,-0.08547258178157145,0.3255883710146574,-0.5867652292216947,0.4922887170127571,-0.1058478516623153,0.249108803669463
2020-01-17,-0.07771167560552088,0.09271008041063407,-0.12595138783451654,2.1754560763248056,0.6269138114938625,0.17562495530462433,-1.0656774556193698,0.458441895272705,0.5897487996358375,0.272183469742437
2020-01-21,-3.85440290152093,0.3508546599665285,-0.4803815148452641,-0.5302051541631639,-2.495693483019047,-3.418568911335459,-2.762591869589149,0.42189833493583534,-0.6991662434611526,-1.0719810209262424
2020-01-22,-1.5209198565882625,0.5072358684568988,-1.4182718705998905,0.43407462962581,-0.23632631722693076,4.058924858055116,1.5039547782948717,-0.3525724553772472,0.3764148772314481,0.20795092397844114
2020-01-23,-0.7815068981695273,-0.4514366797198457,-1.6244898059926467,0.6855022290915193,-1.8282383857792595,-0.07131083151808511,0.27064240376484927,-0.8713636085562724,0.11682046439175951,0.46411164187578247
2020-01-24,-3.066404323473107,1.5399418636051487,-0.2523199544678528,-1.5765788801589526,-1.0592371132173566,0.0909229596717352,-0.21740670698510572,-0.9316513723251618,0.3774707973700646,-0.07418673418413967
2020-01-27,-6.739722159108259,0.4522182129680763,0.37186484537401227,-1.1636545227649882,-2.2204710199433078,0.04612845554875677,0.2710747202211678,-0.8152492060637508,-0.19794812943754683,0.1577356865256249
2020-01-28,1.8735655424218978,-2.326339977913301,-1.0847158628819653,0.8416275585608746,0.21618886323544306,0.14582312736099404,0.28807478563596045,0.7730045749215662,-0.061136058262226366,-0.7403280914399005
2020-01-29,-0.7681723927412069,0.9972355495686692,-0.9121047562143217,-0.8091953412493657,-0.4230044049808346,-3.717363331070736,-1.9189953040694645,0.5203126664407306,-0.41954617811341643,-1.145883169489118
2020-01-30,-0.05107689716734062,0.4460333811167766,-0.9682797636811611,-1.5259638554586308,-1.2742833375796438,0.04464558213277658,-0.36467538223622753,-1.0324377717370723,-0.23625112212506635,0.7358366483638618
2020-01-31,-5.886810873044301,2.27328858396365,0.938291213088185,-0.20835540216194193,0.712790243377449,0.0007818056144390977,0.4313754019563725,0.3419335188595637,-0.5898458137731368,-0.21892470458268848
2020-02-03,0.2795745312328138,-0.8659894926512437,-3.0784824592304374,0.8531878334022114,0.25658268025181646,0.13680323220657353,0.005431618157590588,-0.5300936608312653,0.8847826796139363,-0.8377963864154586
2020-02-04,3.4185868613328805,-2.357083185183733,-2.395895949205869,1.5751403934564923,1.7462546639795151,-0.09834196744951978,0.6475655907895724,0.7081747451508145,0.758154652434325,-0.02334495485980985
2020-02-05,5.191923790250169,-1.2414304998159402,1.5270602949545138,-0.659140310072416,0.38101288861591215,-0.14449692616710214,-0.2511006439035949,-0.7093775321564206,0.523429207274806,0.09027530184225763
2020-02-06,-0.3670195415904524,1.0994785212422233,-0.6145531330014784,-0.27506743241396503,-0.21462628491952437,0.11010768119098525,-0.3698714411305774,1.0096872514019875,0.5539431347133016,0.5224884758068565
2020-02-07,-2.8755423699615443,-0.3593894720161796,0.2316746466265284,0.8033302898454012,-1.1552238021763064,4.070829904707972,1.2164959779879356,-0.34790693169366643,-0.6682186191383234,0.4182814662141522
2020-02-10,0.12131263235611862,0.7149903677875139,-2.03172908512221,-0.09014120583702366,-0.574157119137447,0.3647739552354997,-1.0836448743580338,-0.05888655888242514,-0.142892326126449,0.005797819211787187
2020-02-11,1.7516090727685827,-0.6654721774597893,0.06497295703387512,-0.8527579638451449,1.5093492460460962,-4.205236720428001,-0.6879214136622652,0.0078101061045764775,0.03250612994150905,-0.675154210812677
2020-02-12,2.708724348558193,-1.3733358475049746,0.8872963310978967,1.089032405355911,0.3207214513774543,3.9927138340881685,1.424282062266908,0.8131112304504856,0.4181496084356305,0.5945501623803189
2020-02-13,-0.5756477439242139,0.7309119141278618,0.08980497569996064,-0.37417361824323037,0.037391504920879684,0.07485606248945899,-0.31365066114758333,0.4393620039424812,-0.20951709962733914,0.3669810183586416
2020-02-14,-1.1675500630017788,0.14357272665888945,-0.23910755224355112,-0.5814216003065534,-1.5523697383722617,-3.905223467231198,-1.575822580655153,1.320574818073519,-0.31282348001495225,0.25616957564349896
2020-02-18,-0.7875402325733636,2.0553546591078247,1.1297874338212694,1.0077097488822748,-2.878724626678939,-0.4122380274534218,0.8431382787981359,0.1618392197234313,1.412226799565313,0.14021954058989194
2020-02-19,2.326933566653222,0.8572199251996532,1.1558795402637785,-0.41227297249822076,0.386199698486926,4.273025768380325,0.555563150393712,0.6032740050982608,0.35218142471626757,-0.027045438885872405
2020-02-20,-0.9183134884108867,0.5603943901972038,-0.1890647656154203,-1.1077373621818236,-0.9775567080028569,-3.867238413203506,-1.7662539255620295,-0.3410996298853039,0.20605927918078307,-0.6533421851636372
2020-02-21,-3.3649244715395756,3.000612426029302,0.44697559838880513,-0.7062826059921093,-1.897246430846398,8.016698317740769,2.520909714884469,-1.459854610028856,-0.901716258115532,2.4845702443166746
2020-02-24,-10.415838989451553,3.884194207573732,0.641651827611494,-2.051315311415919,0.44162463024158827,-1.6940248866357654,-0.7659055730779615,-0.970055813715009,0.006085480587140156,0.009993737653106785
2020-02-25,-10.296036727368334,0.5153159654080065,1.0749693616421472,1.089501044757692,1.8960624455963624,-2.4529638804075486,0.07670565066056276,1.3382786723156341,-1.232115116002457,-1.4915824248492402
2020-02-26,-4.037812519271083,0.6717247673720399,-1.6086732605138876,0.6832081482006217,-0.08171081618561653,0.3432831753203443,-0.3559692106764438,1.2019181123333063,0.03150103809467096,-1.007343531709323
2020-02-27,-12.079512351690036,-0.015261662179230114,2.297150009316149,-0.30091233398805534,3.2946346230386854,-0.1329516846985166,0.5933472363544484,-1.2821719290685256,-1.4373703600974221,1.5348969643768975
2020-02-28,-3.942349914834966,-4.92938987567043,0.3736264794813842,0.38851918630038296,0.4146041170458863,0.0561053058061209,0.676600524118883,-1.3454321607933293,-4.927485904999283,-3.52633087813126
2020-03-02,9.217797200070423,2.4343842941957443,-1.8146125285780248,0.7102203058458665,-2.040279114894434,-0.31029427164539675,0.2752826115365662,2.2980015724494307,-1.5597277645408463,-0.007095865908265164
2020-03-03,-5.608278712576508,5.730052816720627,2.278820465024663,0.1213383096086661,-1.9136741375946864,-0.1486733115695678,0.25731788253718635,-0.1833307594328914,0.11816925108090245,-0.2774464117923107
2020-03-04,8.067247863841919,-0.6427624658139905,-3.934344414882635,0.7847490069418109,-1.1889098972353969,-0.049937088028301685,0.2034209460740109,0.4215035171398503,-0.12833606756836513,-0.8189938446580055
2020-03-05,-9.404655522479718,4.889795916291517,2.9219019264077355,-1.093436676186554,0.5057045543585188,2.663870781833895e-05,-0.23540413062153256,0.2165347472790625,-0.8346380702536781,-1.1636504098743083
2020-03-06,-9.789394875241424,4.818962258808958,-7.229118758418133,1.1222950739741087,-0.7052070966895196,1.7596298805396273,1.8778372807663806,-1.1315891598549592,-6.390028811454063,-1.6220549059930145
2020-03-09,-40.83181488395463,11.479592238011822,-18.77553236179212,7.04356771016791,2.2345988186610692,-4.250420857465505,3.197766482178737,3.994660302449763,-6.836269412658549,-0.6038090727228127
2020-03-10,14.559336818361519,-7.168899454126908,1.802337338855806,0.6687844584679107,1.230126026861061,0.7422801161716277,-0.6517142642324206,1.7058140623262226,9.949441465633743,2.4741515821276687
2020-03-11,-15.867470068116766,-0.8048035205074099,0.7745745370565588,0.8303827609301013,3.5638890653342963,0.12466379713341104,-0.14600674243232492,1.3707915321501563,1.3732662870152155,2.017399353449329
2020-03-12,-26.661439659440862,-1.7898882285049835,7.60662144670424,-1.4995541673694412,5.80548888373919,0.5826118540802706,0.25474968334068915,0.9866771249644564,2.683242406143987,-0.9416648880720325
2020-03-13,16.83068859442535,-17.111735313529252,-5.046829328851713,1.7354887835355717,1.8759492785601715,0.26072697083690594,0.5697426472627127,0.3430929332179346,-0.6552094017229734,-0.08953657069975962
2020-03-16,-33.637015734465216,13.067416705128581,1.4685748498567563,-3.1127871733154344,1.635839028923271,0.6022483252485817,1.0795196143285923,0.22957427384925597,-2.833615397474123,-10.321765202819748
2020-03-17,8.559041213877654,0.8816184466189735,-9.409488007285205,-0.360285045372614,-4.485966142505501,-2.6022583671877415,-4.518644018664867,0.12983496239500328,11.042644570719933,0.3329680066669748
2020-03-18,-27.53607711915817,-7.202410500411577,-4.372788304258583,3.8286562348076063,3.8873441558676545,1.5482281024883182,-1.6779725639947296,1.5772291488958838,8.454469542134547,3.7129589794557685
2020-03-19,8.591661017511187,-0.2973558118286278,8.317592297981227,0.7397991233128802,-2.4427250916269636,0.17229379269081785,-1.677646215183521,4.251258705948571,-1.6018416783398544,-3.081672357565933
2020-03-20,-8.354773048424788,2.7971091996811506,0.4115299306344391,0.9862570274952046,0.02689413480356769,-0.696345864495572,1.0079245308395803,-3.127207771756206,-3.1956337503018855,-0.7784714858403995
2020-03-23,-7.349785049385794,8.683869950025722,0.6831864308094199,1.7371593345893175,-4.241026230186462,0.1848140199800339,-1.15086629835359,2.8679731088723823,-3.026197300795119,0.21626543502133955
2020-03-24,30.745204363585437,4.53324229389752,-2.5871632816927335,-2.047276323907771,-1.6169721784265108,2.5471055330431476,2.65105086073601,-6.753313905913111,2.001280457498827,0.6888058402582541
2020-03-25,7.587919113160731,-0.8755460346595683,0.6354489125816821,-0.2938422786075505,0.06979260844408922,-4.727912197667423,-0.6032191505750827,-3.7198192314525502,0.07093437118549899,0.7016783864885627
2020-03-26,9.823645873895783,-1.8098720013999456,-6.088631444829805,-0.2790835520348733,-4.483157882287188,3.5708863871851118,2.4047011425072875,-3.8336097957759114,-3.9225451199341324,1.9579735195999795
2020-03-27,-14.585025357329059,0.5331237016776527,-2.1101150758714264,1.7636809723861546,-0.3643912692419959,0.01406252569790708,0.6659435929868999,1.436896536564034,-3.24470229722834,1.4804746278761405
2020-03-30,1.820094890315784,-0.6045137672209826,-6.316394670832747,0.6656792025802984,-1.4295284791113567,-0.41728639028748843,1.0952179318300004,1.3969972335083642,-0.8593308026227177,-2.7991140267762304
2020-03-31,0.8388163341422067,-1.35587483359007,2.8510274143052388,0.04034923479771576,5.213649385963989,-0.1315777437616417,0.04310161180659684,-0.3509796170626279,-0.31494872400557306,-0.877957533724304
2020-04-01,-12.73595277965539,3.051285782327473,4.040840035254914,-3.271634819852086,-0.730267772648894,0.9131741446927243,-1.6763512397437568,3.364394722602779,-0.31438328915994684,-2.355649087867721
2020-04-02,10.877519542937401,-0.35948129686147146,9.7331886892913,-4.587256993616123,-3.711928504996994,0.6758380417524369,-3.020243662391446,3.420961491200385,-1.0152666078406813,1.8311475025375916
2020-04-03,-2.335225882710277,-1.2620876802554746,6.150436525340033,-1.332957878985848,-1.6003241279342022,0.5566598059763065,-0.6485867001124282,4.330454851469606,-1.9138352869177397,-0.4416296590018502
2020-04-06,15.617885014693249,0.48023909425942984,-6.600598008532158,0.030792921687569544,-1.3064117295148265,-4.768910561983278,0.02823760943045415,-1.8889135101321575,4.846306694784765,1.3569150697125938
2020-04-07,3.796694403725326,0.2506346786518861,-0.07196908650176663,0.32154908254931286,3.9658523821853193,2.936345578997088,4.274789792486513,-3.5434287059909786,1.6888580808975644,0.5379606787156399
2020-04-08,11.097988875483397,-3.8111327016046572,0.6156198516753537,-1.5363932656910329,-1.765582117939752,0.18972056161018536,-0.9476748727065504,-2.336698838948666,-0.15050496750726963,0.3145982551490348
2020-04-09,5.199982103896613,6.850113931104854,-3.7131594208126852,0.13807081087633644,-3.503625365852246,-4.150264009634435,-1.5501113815796737,-3.7593048481736626,1.2087473154959933,-0.4961081732864402
2020-04-13,-1.1371905390621735,2.6400146332917047,3.481132438321534,-1.6832296005433784,0.7743640264234201,0.4450845922956449,-0.3547636086954944,0.9081502547671197,1.2191604787211348,-2.7199149785895775
2020-04-14,2.925422358607956,1.8624873358206266,-7.145772506851598,0.5541241897004011,1.5226279796895053,3.870358014357468,1.1164745121498378,-0.9015631779890397,-0.025913264416951548,1.490850267956643
2020-04-15,-10.391250665958683,-0.4269467279358035,-1.5216986185496704,-0.6286794741353795,-1.332859055685142,0.30801090266415204,-0.243497284208219,0.7061355788973304,-3.1494854968137074,-1.6456917657304293
2020-04-16,-3.4255460428081452,2.429542972315958,-2.6878978753026854,0.1959705917263538,-1.1104642986871922,0.26324700566250203,0.023457346109934846,4.459172157443866,0.7505022286130084,-1.2516250817661292
2020-04-17,10.768555179933662,-5.291114882443623,0.6293137306491029,-0.6430072132825408,1.1849371445088066,-1.172119056216283,2.2588569578233226,-4.928836165464089,0.4183072542459236,0.2179407437111359
2020-04-22,7.883768449930455,1.6404839782526133,6.014853576388785,-0.9658855576255131,-2.2818468240738037,0.3989998567288333,-1.4572184646792143,5.6535814022741375,1.3324960618347281,1.7559876657139744
2020-04-23,4.699709963747315,-0.5377233230444202,5.179027997115158,-1.206455156996633,-1.164523126006524,0.6747839551513232,-2.387554791576622,0.6684038898795751,-1.309285618655448,-0.3030776442001068
2020-04-24,3.2334018838880247,0.06109776484017116,-1.8728177566257613,-1.486192421230988,0.8240763632837299,0.4628954481806458,-0.9235512788330649,1.373181620284429,-1.124300634339923,-1.0450982431583586
2020-04-27,3.0510846875082684,-1.3894079017951828,-7.02421884187048,-0.41060917929968616,1.281978730750749,-0.98753058510915,2.916815650735415,-5.349534355532944,2.990509682583396,1.20763059136375
2020-04-28,3.2072180303805755,-0.04055662826499202,0.479879014099216,-0.7085065049356309,1.050034253397138,-0.3811471831700055,0.764278027850875,-3.059226760529062,-1.890975647837944,-1.9274548681558468
2020-04-29,13.570164648931094,-4.319772122025603,6.386181602140283,-2.7104024268831695,-1.7587001538456386,-3.750457663290162,-1.2872298212522,1.1040007841091917,-1.9864266838136784,-0.6342384103590892
2020-04-30,-3.131406589706725,-2.393691096492277,7.682771476200192,1.7874016155055565,0.12844662293806883,4.65009756357953,0.6175002492524824,5.809913797765861,-3.470584837650603,0.9465213432502673
2020-05-01,-9.088538471158575,4.213453105770341,1.0411643454838224,-0.07777711486833153,0.60203503208717,0.9585719433454423,-1.6475012538485911,3.6905549223422156,1.0444998496290314,-0.6579809108485551
2020-05-04,1.8389773190271839,-0.32825535687224294,3.113716028033744,-2.1127953103143366,-1.550199233918809,-4.195023966792796,-0.9381318019035907,1.5454045967628807,1.2471507748730097,-1.7131268243861728
2020-05-05,2.8398486424027602,0.3289599152266513,3.7361965566459987,-0.0036496995022338246,-1.8715114024474953,4.613187251055699,0.22762141401531508,5.822108744032867,0.0671358618912088,1.0861324342698528
2020-05-06,-4.867606426221042,-1.3720099524628764,-2.3545496224907114,0.8781592078198099,2.37319395006847,0.6396143115015565,-2.0571690018077327,0.9957995638586045,1.413771763987986,1.0571799043764916
2020-05-07,4.547082333090847,3.533289997791192,-0.3834936959340817,0.5029043070337835,-1.5635661064883493,-0.3170532351266804,-0.3096577062167081,-1.048666682546529,-1.9905800091690233,-0.5574503108351918
2020-05-08,8.336586230559968,-2.3545216904549244,0.6524983055264831,0.2618487622177903,1.1071717395454292,0.15739701220302912,-0.9989431263675216,-0.9866986724437582,0.1572790206420179,0.8797751826571909
2020-05-11,-3.309237360795093,-1.96292775500536,-1.4602998122354367,0.6602943453271315,0.30876774613607394,0.2286459617645833,-0.16336008460882,0.6419611573257344,1.983424041085674,1.0144337619946429
2020-05-12,-5.964657574965838,1.7444886518492957,3.7203545965565628,-0.3343973891695686,-0.07640535409961018,0.40619844124417526,-1.3233108904469408,0.8473752258716597,-2.0871884100704317,-0.398257305858103
2020-05-13,-7.89513037713286,2.9992168667224766,-1.4070773101580296,-0.9225064571738903,0.5408406905618289,0.6467086507233771,-1.467631516106242,1.404375329202834,0.20734385108401088,-0.9090990348968958
2020-05-14,2.902903551774867,1.841894246773987,1.0073742438169873,-0.7251968970571132,-2.5072008180115293,0.12674812790023537,-0.5030407563239152,2.8374001891787115,-0.5313386259009142,0.1691911420578575
2020-05-15,2.1709210020591496,2.637810072819708,1.199817761345348,-1.3797890988707389,-0.4479334574639705,-3.490746850232013,-2.7087993727339095,2.127661432635765,1.1508731617218877,0.24341685022904844
2020-05-18,15.518435278312968,-3.9818686685433553,1.1069828390882075,-0.28813963770723605,3.1281141256452587,-0.9193967777719971,2.0382014845824337,-1.5197613592038655,0.4987508753033644,1.8986731942040742
2020-05-19,-3.348716592305638,3.7898339200748907,0.0459063271704826,0.4300629618679376,-0.07280183645263323,3.987849969864157,1.4880865751704961,1.5311788885231643,-0.5548962074828441,0.13416749277624335
2020-05-20,6.055690111877892,-1.3147174985225119,0.05175610073892734,0.22112702672937015,-0.3374442889873811,-4.3316596190196455,-1.8784633387837077,-0.24831532289934508,-2.593397321907115,0.34728985874944196
2020-05-21,-2.7339985470444437,-3.0256934271408555,-0.5842971772987037,-0.09625293157230426,0.08249846804415652,0.4087809779168326,-0.6742540644949515,-0.04231214414822373,-0.9817947279335137,-0.407677688224415
2020-05-22,-0.9341719776132296,-0.07347363131662053,-1.0233700782001376,-0.42871866098751854,-1.623737142495424,0.02397308727713401,0.02858720143209135,0.17265039109655803,0.5615672191922005,0.599308483977086
2020-05-26,7.265435294951556,-4.036614203649408,-0.6913618908153051,1.4368248504157242,3.0172843490076793,3.3049803184170123,3.227667972346384,-2.3299697179543606,-2.1698664091558952,1.8783928214566672
2020-05-27,2.763176577425315,-1.0091126950174527,-3.8629536895391667,0.6402621626609561,-1.2208616236122618,-0.02062958875506326,-0.2748345465040866,-2.5107134497529464,-0.3653448843505575,0.41979278421293237
2020-05-28,-3.0497639110795576,1.9735930348524215,0.389226673255517,1.796561191116427,0.07549011194170631,-0.13818145790113465,0.7383044051590286,2.5767631004593854,0.38359073459647636,0.5731914090973804
2020-05-29,-0.8662084099920742,2.270300761271903,-0.7043879039059322,-0.31633520644154034,-1.8362639069649596,-4.236050310577265,-1.5787002458644377,2.547699791304209,-1.8059902850712684,0.11066701564980952
2020-06-01,4.713503354689063,1.2465348260833888,2.880800141725442,-1.623527441666391,1.1276445761364806,4.3375930585714375,0.348994804872732,-1.0674811804030437,-0.48604342223606417,0.2593573515343777
2020-06-02,3.860436178970503,-3.558346697424275,1.0965471195180587,0.22540944651925224,1.830166277131168,-0.06200146509362051,0.4323500021127182,-0.11023992225882466,-1.2226319780822452,0.10534273224145853
2020-06-03,5.900707105274865,-4.690661402714238,-0.9308375697554971,0.933112324164485,1.6376012315656778,-0.36607344556576465,1.183042379642675,-2.109290709765163,0.45685571470887176,1.2913253048753481
2020-06-04,1.5770622104884229,-0.17013786877908388,-0.2636021915975287,1.5636526575670795,-0.12177188976744587,-4.21653620546956,-0.8765362875028561,-2.40598648046377,0.6084773005313395,1.4668193748612173
2020-06-05,12.802070721533076,-6.679145916589309,5.137368892974289,-1.9258790239256174,2.657123322133694,4.161394126080527,0.9924293618754979,-2.861271319789825,0.5634552153383431,-0.12090342512219993
2020-06-08,6.710937240609703,-0.3012121202086024,1.1414421015798972,-1.4534260194573545,-0.4542484987814199,-0.611485089298275,1.2134973780108065,-4.883703477091172,-0.4075899682369443,0.46070330192797304
2020-06-09,-5.071627845872814,2.985928097296116,-0.38118831697964206,-0.9452875121063338,0.12623027166234352,-3.8155165213314364,-1.838039467198836,3.2249478247776344,-1.4848516620297796,-0.8162305642453291
2020-06-10,-5.589999188165882,6.054778238913987,-1.3512163775197585,1.2190581530277287,0.8903681005440015,4.327211780226865,0.6928869275472238,4.995876585413566,-1.8747032627337556,-1.9806726656714566
2020-06-11,-23.072186290216834,2.4983331727658946,0.6820094085745183,1.0822208512189904,-1.279063483696492,-4.27466433439123,-0.5252448817333234,1.800428444273023,-0.4537033929943256,0.9124475016224819
2020-06-12,6.525837413103563,-2.827278481604275,-0.6219315383282105,0.2913754082342647,1.4812138710878255,0.18409012586376516,-0.7742822129396651,-2.421316520105384,1.3154298311151564,-0.2853786538536251
2020-06-15,2.4026005211123795,0.13609437716618514,-0.3168275984951454,-0.3614032661113491,-1.4825255069175167,0.6424770544478592,-1.0825720903952156,0.2137150238440222,-0.8402956761622644,-0.7581418373105151
2020-06-16,5.07838101684955,-2.5610425399292467,-0.09036576967738026,-0.7423463438538265,0.6539748784270436,0.20770804489874176,-1.0387597607199683,-0.06422426385546424,1.003014423051194,1.9373717431990072
2020-06-17,-3.610790433363315,1.8142173282061318,-1.5688488568231207,1.063050776794685,0.7085596190838335,4.1104528940940215,1.2919436002899103,1.9775686979535876,-0.15439697842380165,0.4487345671774341
2020-06-18,-0.11859199103925974,-1.3542887577930138,0.9751551639375925,-0.6851675825669488,-1.081537834493524,-3.970730393640776,-1.407230319002329,0.6780616586346856,-1.314119117418584,-0.7018017299853452
2020-06-19,-1.5227486198349345,2.807502978526665,1.231521738364619,0.08377060042098632,-0.3430128337119256,4.161253133538212,0.9425627072570862,1.2734463603487807,1.1558827351709635,0.6496367443576724
2020-06-22,2.539577940802103,2.2027527936433717,0.360215481647375,-0.6281720952860448,0.2973319820622918,0.11486700100953734,-0.30320352038352094,1.0359729693464632,-0.33713727335702476,-0.7107413787819146
2020-06-23,1.0545385257480497,1.2111105981848913,-0.855255010210269,-0.37174306802884316,-0.06393394230125114,0.06489479965924962,-0.23273184804167088,-0.29521780834895806,-0.08066836728535418,0.18145207021012288
2020-06-24,-10.279519684557586,1.083338797592273,-1.30853493153942,0.5750929956829942,1.0421309411658584,0.2318318143445466,-0.25403919040855055,0.8667914179920577,0.4362247547267225,-0.7700212942122872
2020-06-25,3.8347791036162118,-0.5252760993295554,0.18272030791453941,-1.0320651298950014,0.28666576631295476,0.4304647796606896,-1.7585078414439668,-0.40363646805404146,-0.47425952775915153,-0.4286821884879947
2020-06-26,-6.518856385498299,2.557024139757219,0.4668801055027152,-0.7415762897566734,0.10212370014881372,0.01236623543262152,0.17868901791426345,0.9624217405818131,-0.43478618778534706,-0.014200884645812447
2020-06-29,5.184469110595137,-0.9727961913720352,-1.1467071616257694,1.7303214581081527,-1.6608210296095467,-4.921874389457608,1.1779182438139408,0.8203725170577462,0.22834249676161894,-0.5000468444506246
2020-06-30,4.627963210925839,2.4778422076527318,0.33768371420322824,2.24372761812956,0.24440379875736123,3.7106615201135886,1.62053691269495,-0.380130840245094,1.353983197251607,0.20784374089493587
2020-07-01,-1.4070152103042002,-0.5852929892939016,-0.8257364722911632,2.796980322359804,0.23196969711619103,0.7146830524511263,-1.5622594293026473,1.788030072084417,-0.007190492936317372,-0.2200258503279785
2020-07-02,2.0194945422162305,-0.6746316130409482,0.09659132931320351,-1.2532134085858608,0.10604717087292503,-0.22559968456914428,0.6932164868417285,0.9359369799688838,-0.6143315505189575,0.5639792974531396
2020-07-06,4.049156835255762,1.0311885338252118,-1.1295520024877261,0.928951476321503,0.8955094533249469,-0.44952223123552415,1.3529861187921766,0.26396395021330493,0.14743855948615908,0.058141040434106915
2020-07-07,-4.19511266008085,3.1361017674218092,-0.10028893370199969,0.07382577976478497,-0.322099672737089,-0.04035731776621474,0.15995308735479033,1.850221939476245,-0.05686147213894729,-0.7136061576984621
2020-07-08,1.938204654266729,2.411065498673113,0.41754033895113996,1.498427029688337,-0.25275148691723975,2.443596083413384,-0.2663025597231286,0.09442008899639595,-0.12712211797874445,0.03133234202929994
2020-07-09,-5.507810188104181,1.7041882777331563,-1.8328051765866686,2.0421818163767087,0.6024220486426547,0.298113428267355,-0.6880323056203433,2.195318431893962,-0.911890380978387,-1.728732090133233
2020-07-10,4.897741860542108,-1.611625765044839,0.5407716091469866,-1.283646808733108,1.2885087833805735,-0.3639430910542429,0.35541451087243575,-0.3177174262635721,0.019930256888836036,0.8907327133780866
2020-07-13,-2.3976708025901545,0.21091422903862753,-0.024482347797174654,-1.7236875406633,2.6916834594121655,-2.7625832379359356,-0.7359712480927983,-0.7779710641530627,-0.4018565123048953,2.1389843585219324
2020-07-14,5.22786124101627,0.33621849154346933,0.47700803135258046,-0.544571775432886,-1.846241788793342,2.350548148453565,0.9675992539809827,-1.4237552461446352,-0.7635475947263439,-1.6350900991789161
2020-07-15,5.086677162024546,-1.0189742998600049,-0.9143351426917526,0.30874777640056295,-1.2295659682125477,-0.14001539775893662,0.2542650184155979,-1.4062756827334124,0.003366345762110324,0.2379497537130618
2020-07-16,-1.6486322415035712,-0.9603237933191043,-0.15684915281261672,0.1250564570578787,0.38703663944020583,-2.164519130165488,-1.172487264045827,0.1443433441819817,-0.5423287205139671,-0.3538327398957491
2020-07-17,0.30791167928094826,2.4644955946605913,-1.660996079730566,1.0419408753258161,0.0062243037208041165,2.5951730450959802,0.44998021491801304,0.6697317171236453,0.6230225628748781,-0.03125804764474253
2020-07-20,-0.7137755437035673,2.606554112829569,-1.2370514372751928,-0.7870430244172502,-0.3596483483100834,0.71710110103749,-1.5875733953566593,2.3144227860376256,-0.09125016614266565,0.08927344539258632
2020-07-21,5.753985413203955,0.9498567987830926,4.387659332391707,-2.766179136651068,-0.8133580202561321,-0.9203898626632947,0.9130696987867456,-2.6036460576196023,-1.3596822969195694,2.162067945997696
2020-07-22,0.2269536505195353,3.071855888235306,-1.2624042097900394,0.925486295167617,-2.0958649556854883,-2.3512815741204567,-1.1747825042181752,0.5737762581416729,0.6104705512321248,1.0613752340069376
2020-07-23,-1.49056913800817,0.8016236900259938,0.4767052136582861,0.18389161550201175,1.3590544241472078,-0.8554612308527453,2.2099024980977884,-1.293973864080719,-0.5329403958776113,0.012405032148266094
2020-07-24,-0.9720025834148297,2.2989471325236828,0.922479983591697,0.13690062849144502,1.2153606796822656,2.2585443883017975,0.9087582314187547,0.5673044002384148,0.5711627283805695,-1.2271989236833145
2020-07-27,2.7665310854483094,4.146236866160204,-1.1159823330548317,-0.9830544446061971,-0.5491902577996052,0.1929297560328339,-1.09103753412705,-0.036267613286493625,0.5572174236633268,1.858029425323817
2020-07-28,-3.5811992179443672,0.241055803353108,-0.4356161859188131,-0.8986457350583916,-0.7201556436314636,1.4807891264688144,1.405526614809383,0.2619768571230552,-0.8536336355606083,0.6305335747042107
2020-07-29,3.2679199637910497,-1.1447770598606273,-0.3436569788500261,-0.44579560458284645,-1.3367384555263644,1.0974612697248127,1.066864880568077,-0.17436563222044213,-1.0843788907695027,0.9026331435593398
2020-07-30,-4.351205674091914,-1.4381916097817644,-1.7753373982515768,0.7896062533410846,-0.20323783966298653,-1.0868498973845164,-0.2727662636102588,0.7586076794333318,-2.391382054255119,-0.24909480585542154
2020-07-31,-0.47960879208455065,2.6270175937100513,-1.2910532249928266,0.38813690393184447,-1.8352969576837528,0.43553624211169223,-1.3936831944748007,1.4029556558245033,1.624036653291462,0.10770393694156354
2020-08-03,1.4342813592173733,-0.7611893981199181,-0.3573865977143993,0.06265051231372668,0.22258367262104256,-0.9123062192257178,2.933117990064821,2.2379029156460803,1.0340864241746879,1.5842264579929553
2020-08-04,3.0900690064549394,3.4439202762749215,0.4093337510949372,-3.5479762968522004,-1.516177926193525,-0.532259020143793,0.9196630915751187,-0.1389721608475754,-0.9822443524687234,0.04467862809694405
2020-08-05,4.717629510709952,1.3463992918326169,0.11516936267713827,0.2914018524445147,2.15390756524011,-0.3068099556904259,0.21834172849462313,-0.5452713184940582,0.44445593916174503,0.7860794667165943
2020-08-06,0.8265788650832169,1.732077801441144,-1.707648686615351,0.020159380821775444,1.1325790163426304,1.1696808993502954,0.16580707920135676,0.6879691381196827,-0.1885701785684356,1.4224126642092971
2020-08-07,-0.7293768678736777,-4.643219898418113,-1.8470392817363053,-0.7511003832077937,-1.1721288582767007,0.25389976472158376,0.6763329478673258,-0.7923631598372125,1.65873121530953,-0.465725052037143
2020-08-10,4.557247527576141,-0.37945020676990493,1.4698717500134713,-0.20875814495858422,0.9996169288234608,0.7866962047027852,-0.26946321496451603,-2.158720501523634,0.1694532026084329,2.7480693156204845
2020-08-11,-3.214932045338889,-7.98873703199145,-0.6671815081033879,2.0319234661801118,4.276919404546727,-1.1029964052950927,0.8587068641292035,-0.5184645408792774,0.29691129652380027,-1.1424306283014058
2020-08-12,2.2697165542853805,-0.08140198977380105,-0.27740863118081915,0.7562324505808102,-0.6580502425953758,0.3117709936870844,-0.6452771650250284,1.507989480034064,-0.3851228139670761,0.4330229258348304
2020-08-13,-0.84451215445881,3.073382431591072,-0.14498817729053798,2.292836219717371,-1.37253178865391,1.1968942186795066,-0.0351203755008123,0.11444888746383097,2.8527678443506663,1.4229569839867868
2020-08-14,0.09836832469174976,-1.7277746324059047,0.1618510152219128,0.13380934025848695,0.2735476993765998,0.411088576269807,2.3600964436631107,-0.038290242430909505,-0.9971743385149452,-1.2681425754845648
2020-08-17,1.485519862800831,5.888522536858009,0.4443861070794056,1.5230715766492828,-0.8366788905076634,-0.9689356226202508,-1.2309635157239758,1.6567292138464786,0.3263824379336246,-0.42771540439536243
2020-08-18,-0.9026345063006597,1.2876014041027959,-0.503833459401818,-0.5026406983012446,1.20743348537518,-0.3457650050890952,0.955573739339201,1.3453919224567379,-1.3695802084694881,1.2485049094628828
2020-08-19,-0.9510837687899071,-2.07446755320297,-0.1133875182196407,0.8412057925430608,3.641867261479031,-0.11008169561537463,0.3041367166676264,0.8084820708219663,0.32016498527889253,-1.544908299474067
2020-08-20,-2.116859508760098,0.9993220224792484,-2.0975651093617125,0.30833907654164083,-1.5889882386721723,0.46751706135161825,-0.9531837658381319,0.6808573036792643,-0.8015803518750663,-1.4365215477446893
2020-08-21,-1.8934242807776103,-1.9290962690435878,-1.3027795346937043,1.0669452573593754,-1.5922567948619972,-1.2034805939995061,0.20912451756018652,0.7821658721949749,0.39065479316386786,0.32036717410472526
2020-08-24,3.900553835549792,-2.0366824057536124,-0.0002682589827517984,-0.10714360036518723,-0.4920040996887177,-0.2931031311079192,0.789528861939905,-1.2902842894473967,-0.2990844767983942,0.43085455332087275
2020-08-25,-0.3523528616476696,-0.6449611461554827,0.24975085416117965,2.328968822937918,0.08580837615698775,0.4193581968086164,-0.6061118970340461,0.9773199980629673,0.3482986247682698,0.35124744706469885
2020-08-26,0.3113315951229705,3.385969652037057,-1.5501963088861839,0.9560317449107748,0.7151205649702324,0.05327340166317233,-0.702215771732486,1.744974469067049,0.9330450649011065,0.6785647776440897
2020-08-27,0.6202504166616004,-2.1418984270215002,0.29725277047965215,2.0113702445599166,0.9481971803733925,-0.3412507580156811,1.2146921896197502,-0.957184545817449,1.4446038422214134,0.7178792875009692
2020-08-28,3.7862887413186574,2.9880752589333106,0.14240575313273984,0.11884497303367528,-0.267402800229912,0.5793005411034325,1.3202062420570357,-0.8632960211890687,-0.7100750344305734,0.2961452642212592
2020-08-31,-2.7383620471158214,2.830268938791292,0.07034242962640995,0.7194229542343988,0.7158262118126232,-1.2382349069359722,-0.634466849104317,1.3240916868446737,-0.9550523292221874,0.0923785741348797
2020-09-01,1.4368527876643995,-0.0659359338178617,-1.850632005218068,1.3692399970681073,-0.04869318250044861,0.3053783527234219,-1.0552754428512767,0.6713791071682227,-0.496194433223916,-0.8082944947837294
2020-09-02,0.7148932064003258,-1.5569770514184729,-3.4069607333898606,0.81567063812819,0.08521063717470141,0.20681455585526343,-0.04516505482466284,-0.32092444356415273,-0.2089396198057862,-1.9899540786300205
2020-09-03,-6.913552845944859,-0.18830883747212804,4.101695601012711,-1.442760265733503,0.2508309725943969,-0.271500453454557,1.0049868663731865,-2.632268313506908,-1.1675223148523888,-0.4079557267988728
2020-09-04,0.5759979213046679,-0.6470501915402217,0.0019317351319392134,0.7954988132286659,4.336865747435788,-0.4732299677539356,1.346982569994044,-0.733245199381901,3.238152666950582,0.8441325991954192
2020-09-08,-7.672397152128255,2.2957663669694206,-1.8770446177021731,1.1240061219874113,1.9818517285660686,0.014772177776856445,-0.8507259797769857,-1.8253341855870011,0.82614452203625,-0.8759096161733533
2020-09-09,4.227519827537841,1.6831921207635563,-1.3063360834955065,0.21931259679835527,-0.8901335818746113,0.38919564236212273,-0.7279097641155744,1.926751642836548,0.590705219447621,-0.4424051816378906
2020-09-10,-5.620112268898823,1.023507844840561,-1.5090115784661318,2.2052607888047806,0.3005997476804133,-1.2365349769497815,-0.9610395528182715,0.04432332580889523,-0.35285853845311493,0.12108316307482668
2020-09-11,0.8378189839529758,-0.10782349890128552,-0.44482694025937564,1.9272562987295176,1.9752337466065644,1.4000904512566312,0.32931316502138025,0.0548686764278219,-0.9130086439247018,-1.2582225165218053
2020-09-14,3.8789438798144933,1.8070232082933109,-1.4052252966787424,0.5641828397123293,0.026881233159716467,-0.18479621273729088,0.28801379123930676,0.2577345198516904,0.04472878300884303,-0.20901450597634122
2020-09-15,1.0881094842043073,-0.39717521371823694,0.040201452047874835,-0.8575668830406846,-0.21570111314443732,-1.1341851912440342,-0.42196695836194187,1.2704065509128368,0.32126151424285404,-0.03221819369537206
2020-09-16,3.664399240033927,-1.343193858625525,4.235264745232713,0.17623430437372828,0.33683528917410627,0.055389886951117365,-0.7900994754106182,-1.9738031097990403,-0.2818862486002599,-0.18048139828048632
2020-09-17,-0.3806768600226923,-0.6262335858956377,1.924819691528286,1.6092482768320047,1.782506089417908,0.5079887536886531,-1.903491524151978,-0.8571487847705006,-1.4040854310941908,-0.95326827138064
2020-09-18,-1.8028723076235538,0.6448348035302313,1.8366910667519998,2.0760976984860937,2.5131804959876476,0.983000535426572,0.5290081972458245,0.7649031333652824,0.0088783553803619,0.24624771151481803
2020-09-21,-9.15481198615186,-3.9706666075740107,-1.570248276667945,-1.9923556300460843,-0.6352501866778598,0.053126607849240795,-2.4731871854918093,0.44317218350742854,-0.8629951708346573,-2.6697327189440236
2020-09-22,0.8704214567283336,-0.13969868548822736,-1.4767908345706298,0.48596123223840965,-0.09206542317044435,0.22221395013983422,-0.6046641256946332,1.6635475263311816,0.26887308618850336,0.017670302900069473
2020-09-23,-9.233934371036055,-4.309470917904523,-0.18243043450384697,0.59845789815874,-0.4876661692141573,-0.2814378168648162,3.0628221540034657,2.1447920633333384,0.3213464588036096,0.08770871773043754
2020-09-24,0.7655700037400807,1.4876784021025984,-0.09749867839166744,-1.4092260287449296,-1.056099771517147,-0.1131467154266722,0.9277113604040923,0.6625383141266684,0.5776202422020889,-1.1262740986692998
2020-09-25,1.282053643505555,-0.6534349318151064,-3.5820688943355323,1.0169123704059362,-0.08805624768404599,0.3947948719732227,-1.3296429483456509,1.188188898169032,-0.6341893829359287,0.009116913197806522
2020-09-28,5.01868674022255,0.39240463526119296,-0.7787227671628848,-0.09081382183501391,-0.3724216233460628,-0.1787147738137436,-0.37190037189372344,-0.7405339162623938,-0.4669057602467245,0.7254278522033617
2020-09-29,-3.4270436956672063,3.010939292245359,-1.6732170612158825,0.24626596994180894,-1.2587214709162329,-1.239794759895227,4.184523532359212,1.9074696087952003,0.7605705544107187,0.7983799372129758
2020-09-30,1.1868720695838328,-0.550588095287981,0.8334989709465601,4.2641579615519865,0.688227808225369,0.05529461949146764,-0.5598273703136124,0.2094642889836959,0.6240639780360209,-0.8874045771381646
2020-10-01,-1.2695705120181109,1.1692180975911883,-2.9722816566833408,0.4836965035754729,-2.3549566517848834,0.439745912498486,-0.2731742299618699,0.3218085391633863,0.6009133396086996,0.5058010997253934
2020-10-02,0.2569392602812527,-0.8989190294394231,-0.0781425081218712,-0.1308363911177491,2.9549131282365906,-2.1047412324467865,-0.21788734722667089,-2.8821956703852165,0.5879454973459854,0.21508877867094028
2020-10-05,5.70267596415991,-0.4276574560026465,1.1222970125336724,-0.14295752205315132,-1.1418771792816753,-0.2533292192385055,0.6580806791000289,0.8961356604017969,1.5163830686476147,1.4864932718554564
2020-10-06,-4.048220684773685,-2.0073742117952778,1.5457308499137876,2.1304456507779066,-0.07268745240301545,0.2463978758686714,-1.0322447879555487,0.8831393617112725,-1.5421244035330746,0.5701130179732411
2020-10-07,5.080046802597017,-0.5104262073510248,-1.6246769466142856,1.8226966551784147,1.3243050935088223,1.269587084042448,1.4685928758274447,-0.7452804920565433,0.96168037369451,-0.03848376873046152
2020-10-08,4.834213085627255,-1.065336885529878,2.6081910270258466,-2.1812088286680567,-1.2069220729384342,-0.014137109509213106,0.1458882247820185,-0.8143352294825549,-0.9591974576490195,-0.3494378279491334
2020-10-09,1.1279183541927411,4.205148609594136,-2.155698137302402,1.715345996719803,-0.28837315772509436,-2.0285212145416396,0.12443600552957149,1.2324180146674386,0.7131409463221738,1.1188285063049548
2020-10-12,0.4456371699949956,-0.4559510432254093,-2.7432960410630485,-1.3977130771013637,-1.5907396321074339,-0.22451013102019937,0.860584879452784,0.7417697745199816,0.509299504659888,0.601983225280045
2020-10-13,-2.963783630173102,-1.1548704655225657,0.2972738916966252,0.7631044205208978,-0.2079920916438166,-1.9900133482670415,-1.1536743867591681,1.655773590818816,-1.3264591201150064,-2.6725756531146616
2020-10-14,0.30749531909880023,1.6432336325257941,1.3132824431566286,0.8238446342131199,0.4463259764100028,2.863468419592585,-1.0110790570500714,-0.7620489891115547,-0.4090782749197932,-0.10829904452120469
2020-10-15,0.6729312404567442,-1.2238163436693212,1.0398583991797097,1.7912928615738992,0.14245880969890692,-0.6347919199557286,0.9545081603206982,-0.3987314891612747,0.9944704353733329,0.2845276766680555
2020-10-16,-1.5830550450504748,0.16349507525722454,-1.2973951313316923,0.14609288811768126,0.46066221592418655,-2.384934758358109,-0.7226245886989745,0.5368773154731965,0.16407554748091452,0.05373815997641081
2020-10-19,-3.3742556290132852,0.5653852870709922,0.4868653514838868,1.005868031290253,1.6098763918990784,-0.21337922813695223,0.476788173538979,-0.11811247096724693,0.07086377667687928,1.0064354263618467
2020-10-20,2.6730257771163357,0.2271927345304284,1.3335774347111096,0.7951450166926034,1.202526228744683,1.9404840377536783,1.712850411357888,-0.33087133640747274,0.3764353741459061,1.0807836365741885
2020-10-21,-1.823165358285812,2.4059013748301097,-1.1156387641361865,1.3547829867154417,1.1860760721029715,1.2674628935017918,1.6287081418766935,0.30608764351306245,0.5351520802923388,0.7186092079963294
2020-10-22,3.646307574861272,-3.7648025521595776,1.5205427087840202,-0.8432737789647131,-0.3023061585078996,-1.6881948262910624,-0.43402880562471763,-1.738671813180166,0.3831201416892861,-0.4338959298783755
2020-10-23,-0.045651826171472426,0.013020892445719925,-1.457421706204567,1.5428913887114752,-0.1855339280859629,0.06632935654316209,-0.038468301866243726,-0.4438421678419279,-0.37897098170465654,-0.19164994280863323
2020-10-26,-7.483591954028659,1.0353677257758866,-0.1711083107568787,-0.09781387595734635,0.14037962874602322,-0.13129003611048298,0.6681712472388548,0.6085633128016322,-0.12922729224231738,-0.414230630434495
2020-10-27,-2.7388519563558873,1.4746811094776047,0.6123758236918914,-0.7326855948847096,-1.624624627711839,0.4207588557645559,-0.6616304517916167,1.7814751003393656,-0.4686040170912088,0.08815864774531457
2020-10-28,-11.43010795979862,-2.9944089672524727,-0.24160838029014395,-1.5480397494966243,1.756117751134372,0.09360110402095467,0.7563115736561461,-0.8485444036651502,0.3988702279961185,-0.3311973892675263
2020-10-29,4.8860990396026605,-1.2796057175953723,-0.8492267850471193,-1.0054150354221765,0.4494060706109613,-0.7043083915619017,2.243104458924296,-1.2458107664545552,3.121516949598561,-0.8447761256563858
2020-10-30,-0.6069762317662024,1.3054634509703438,1.8452847338607952,-0.7242446614257584,0.3632978378989304,-0.05811755044657946,0.5063612862312188,-1.2253139261427446,1.6336440763019102,-0.43055513985127664
2020-11-02,5.95724128238445,0.3371326173493953,2.032965024135835,-1.2570959216275326,-1.1796049606450718,0.08143214006019125,-0.9455352058103521,-1.2017044314812613,-0.15996565129047757,-0.4625043991969705
2020-11-03,4.199747704682448,1.0842142371538719,-2.1196397600501515,0.9816916702080494,-0.31212981934246364,0.5976520759815233,-1.627406909084544,0.25790110180041165,-0.04519253201780144,0.8064731984556267
2020-11-04,0.5070974215019647,-1.4179774216753267,-0.479653716687797,1.302447578828873,-2.651001692049971,0.3897386174222901,-0.766678075433514,3.6747325294203748,-4.694008273498215,-0.22335009069817532
2020-11-05,7.086195267888896,4.839500745640284,-2.1560765178954786,1.0671993660441528,-0.8984475358082179,1.7475143820123642,-0.16805967872099506,-1.5266564569072592,0.23255487350137957,0.8183666410733619
2020-11-06,-0.719877060364496,1.9515503850343272,-2.2124803000191604,0.15024877097962788,2.8467115504776435,-1.6593771152463876,-0.5401909184607543,0.529352627324891,1.31674430520261,-0.1359538445740758
2020-11-09,11.240714646228566,-12.018589658341943,6.45959086742882,-2.0431260447856956,1.606206679492785,-0.18381711896996777,0.7493929457886904,-6.094595176478132,0.3936325789504201,-0.3857043642263328
2020-11-10,2.5799408972934215,-1.244746776390832,2.5108773729833587,2.5161147396341317,-0.8430228155630051,-0.6463344852901192,0.6021887503566117,-0.8924950329755889,-0.10141379277115868,2.305692604314749
2020-11-11,-1.1469315603145542,-0.7388569665212756,-0.9039246938332297,-0.48335773144518346,-0.8571055454760997,0.3306463946729704,0.05647459384125835,2.402276140754279,-0.028529248982766396,-0.5119759880628791
2020-11-12,-5.375192588630609,1.525186825310777,-0.8985121961572625,-1.160227990002444,-1.5894384853384467,0.3341746870917669,-0.3911863477591349,0.9123078794241988,-1.6418444814760362,0.431969696349201
2020-11-13,5.655701499707993,-0.11116104476920374,-0.5994353684881775,0.15905276707610114,-0.3519691709954343,-0.44384632441606253,0.586551012471783,-2.2883437987263187,0.09013081683347131,0.6046062678703761
2020-11-16,7.2863873204146925,-2.2297134722350993,2.350572460175373,-0.10538758610545837,0.14659165821709683,0.1518840266235799,-1.732060863296814,-3.1770431137980952,-1.3398332658888163,0.5393615873554661
2020-11-17,0.31869934935901234,-1.452349313094684,1.7389456217557044,0.266834271283353,-0.575160980604964,-0.08850376038149046,0.36751451785864087,-0.9847804928266468,-1.5241390889981565,0.07843182975703586
2020-11-18,-3.5894067219908026,-1.134703297374666,0.15518615482492729,1.6435817003435038,1.4271631414029966,0.07864328420863677,0.22450279564978243,1.0136919876996944,-0.5954264559367345,0.6478716293409662
2020-11-19,1.4973808950795842,-1.3983847908940301,0.2720193292141536,-0.8606803463019395,-0.37726725310323167,0.2969723099732351,-0.6454344048078805,-0.8634620847212766,-1.333889543499877,-0.5924592683687118
2020-11-20,-0.2219783150941963,1.4947888887304221,1.6536067934511218,-0.006551776479384384,1.2274937615949513,-0.3357471572101597,0.3833945027876432,0.866385895401187,-0.3884429773414461,-0.0272410167625096
2020-11-23,5.957053887316838,-6.335050969543997,3.903182267740554,-0.47412491643285126,-0.2980328618634815,-0.39944284316232886,1.096800756207304,-3.041364426993685,-0.6458753956639538,0.04979832645313329
2020-11-24,7.190537819812805,-4.126539369095888,2.0672218507009417,-0.2291593781110989,0.7653538406077531,-0.4728174707431679,0.871704732696059,-1.229876416343563,-1.403407809632175,0.015561238823765021
2020-11-25,-1.1103115479075596,1.4391143823340387,-0.5358544613853534,-1.5099624866955965,0.7630829567350258,0.17552492492799635,0.6391101830585882,2.1410878389967856,-0.1412473159613117,-0.2480496376503186
2020-11-27,-0.08572119665492495,0.613847710199921,-0.9261864562809267,1.689808863928837,1.3837989759923817,0.0510924036724488,-0.16769630827357013,0.720630098882664,-1.5213014124065491,-2.0552464355435847
2020-11-30,-4.585256364799602,1.7947571039009766,-2.607348672223482,-0.8224958817481924,1.4220887627385221,0.40878255790636275,-0.12741709960544328,2.9804904621527957,0.6770371557854211,-0.4848498985065608
2020-12-01,2.543778261276572,3.560889950444129,-1.6829574210479965,-1.266002805766778,1.1109492081938708,-0.15472861169308516,-0.07630964163508065,-0.006282648199409785,2.224560246799949,2.585859871612966
2020-12-02,2.5480606776229835,-0.29613728705354986,2.5404846074902414,-0.2925550389205412,0.5797854493953373,-0.15068667998817223,-0.5985599515025177,-1.4120004183827852,-0.33300463460418284,-0.057210160495162865
2020-12-03,1.2699438221634567,-0.31312857444261577,0.6750691444810996,0.20383398399107985,0.14602950619282948,0.4924086060969517,-1.6639502612182593,-1.832453628392712,-2.121804885158213,0.5322600459401391
2020-12-04,6.077802868211555,-2.1914869299878417,2.554053392209186,-2.0947868652885204,1.029063961348779,-0.36578340746247295,0.9136534040017317,-1.6287553714408205,0.8655459027167552,0.20209753028344568
2020-12-07,-1.649883403584605,3.2062598741090347,-1.2577815748352452,0.3159540832446779,-1.1920739360075858,0.49116869559385296,-1.8899031325929254,0.17948394283256838,0.006861749034608029,-0.09588971284781377
2020-12-08,1.793093350812689,-1.1002173572524352,0.6132018376533528,-1.6707074834340176,-0.957214002009923,-0.024993235931841138,-0.005010667264210379,-0.9022278186222813,-0.1697022715440343,0.10235589855916773
2020-12-09,-1.266611348186166,-2.711465623838402,1.9386144394797062,1.5385837657127963,1.368490316572665,-0.24110694286016754,0.7698148088715724,-1.0234400729936775,0.2631987491378449,-0.6891852667826012
2020-12-10,3.2437821258739565,-0.5789252557893991,4.024959262611342,-1.1019649837609926,0.22775348627817374,-0.6313584609077638,1.1694203300469712,-0.6602653583736959,-1.567958965073554,-0.3605381925079198
2020-12-11,-1.5757943091817181,-0.06531892422786718,0.21588281530237433,1.4675499176101479,-1.24460140989573,-0.057282694113764875,0.05468090116352578,0.262546027035979,0.20634749338224573,-0.13238884303773307
2020-12-14,-4.240302069156538,0.3058974356672008,-1.826612656479929,0.44767128091085695,1.2153052422475976,0.0031892809943006926,0.6634611009314524,2.842211470854036,-0.92907162507891,0.7289745466068126
2020-12-15,4.982419997489296,1.7789877768057794,-0.17989002737537824,0.876620214174005,-0.2642332812810063,-0.07280973322415837,-0.2905554058324817,-0.3600300190291515,0.9132333807367787,0.29556567620524304
2020-12-16,0.0495426222534496,1.728551135536794,0.24997292013148703,-0.07185299311317103,-0.2735033809872325,0.0558542885076311,-0.39148118771379303,0.7391969094780032,0.379133038644051,-0.16870427110246466
2020-12-17,2.6669784875847107,3.676639322087992,-0.16277897227121058,1.376649963237699,0.4537427188731193,-0.14651656388407577,-0.4979170392165299,0.3102100270964483,-0.10472878455488305,0.8836673582425727
2020-12-18,-1.9949797581104636,-0.9544923220441247,-0.04171527232266974,1.6452584980292964,0.06672702689192715,0.03728573414812242,0.15120202581938455,1.4603131757934613,0.23213643941378528,1.084491953842407
2020-12-21,-2.516537500724417,1.414305398267645,-0.8974211131185729,1.4864436192885195,0.2032988859985694,-0.08478996795924981,0.2901414300505439,-0.19712591525270692,0.5554828147906216,-0.499921692201967
2020-12-22,-2.8059418008972425,-2.1850081653662494,-1.769362000963385,1.5300740062706597,-0.9080846978216615,0.05213975605799596,0.3118758870365397,1.118786245031688,0.04737225985231911,-0.6148287714631793
2020-12-23,3.48998610595991,0.3318999302834762,2.3268806126693824,0.4028911559322679,0.9303709739130687,0.23070323442525548,-1.351570942289841,-1.4468017559121047,0.1407974498702522,0.25597647235383175
2020-12-24,-0.06793080951851077,0.6383531210300148,-0.7506170435403876,0.4667233858236151,-0.8045249917166389,0.3391039080360108,-0.9119986049708657,0.45245263345686276,-0.808051446719284,-0.11700403501757314
2020-12-28,-0.16344233562539234,0.1774672743277698,-1.340655843438059,-0.018163925949985567,0.6588275284013078,0.46929735431814923,-1.835897197271384,-0.20886115553250723,-0.2350399393255626,1.020246694840259
2020-12-29,-1.2053687447084287,0.5677759979850318,1.2771886014183171,2.2457234388409657,-0.14485116958411642,-0.37129617267815224,1.5799674481644352,0.5552626987601689,-0.2341397172523439,-0.237685923089187
2020-12-30,3.201270971810925,1.685617804529115,1.3195875452605008,1.2482266891639968,0.23953058629064988,-0.12643552382973994,-0.21053145957238412,-1.2156550609066228,-0.2573186788326198,-1.2125337578013233
2020-12-31,-0.9643408806124202,-1.0467049677849878,-0.7023997653768667,1.3788660957548773,-1.308254950132285,-2.4716329885487114,-0.103591502223612,1.2660958307595205,0.19671588167626916,0.148910388408719
2021-01-04,-0.9201641548842022,5.694628711188556,3.3222552453506937,-1.2532689290459287,0.4236069371894091,1.9723792575039603,1.1670115147118736,-1.3150521080373367,2.061284089834206,-0.564110896939337
2021-01-05,6.771293064635502,-0.959133173727495,4.281663618430779,0.7973190392180282,0.37177527607689165,-0.5126514244961664,0.9342503608674466,-0.6760305372097833,-0.31128319013432526,0.8192196300788687
2021-01-06,5.554846318533228,-2.7727544046781842,0.19284040145186063,0.14154977110069036,1.0737843998222532,0.012416539214766563,0.39880169331450666,-2.042221311899447,1.6485451955515833,-1.0297007093677604
2021-01-07,3.4852198700003902,-0.9392370685784142,-0.7364325708965963,-0.35051864273471695,0.5108436678789784,0.0661255608555872,-0.28974559128477995,1.0387445811190423,0.7649837670725017,0.5218164332052491
2021-01-08,-1.0565684155790658,-6.27005383850147,-0.21299827522929285,1.3415061841429314,0.9720968735362502,0.628743506109936,-0.2503214753905344,1.6194416333543489,-1.2936364875874282,-2.209559078820653
2021-01-11,-1.0299235487723846,-1.7225848694948507,1.693234465685918,-1.2906769036856465,-1.844805060260583,-0.16809869844290198,0.35547458091076134,-1.5624026894057206,1.3894684253136138,1.6723637726000944
2021-01-12,5.13132313911269,-0.5094780584533283,3.858547872348594,3.2928928547068668,-0.09147442188651332,-0.405778427179566,0.3397682874279028,-2.4522053776646584,-0.6931969270186321,-0.3267982733010511
2021-01-13,-1.9160868413810896,-0.045779213108426156,-0.9625131868624753,0.36688054290049377,-0.8285049845373388,-0.05027538116608288,-0.4010975814337968,0.7174867904867308,-0.7404785451009571,0.7137702504379301
2021-01-14,3.1599083168357067,-0.40021453826885856,2.065221019550592,1.092844749498076,1.0044002542985841,-0.27882169384340844,-0.13417874292312953,-2.5056670907718943,0.49987246987064304,0.30567660340456243
2021-01-15,-6.395024169394577,-1.548524944084156,-2.0797676992474634,0.728877234392412,0.05881280684914279,0.19352558652214394,0.40928056991553025,1.8943741994442203,0.0831535026776888,-1.2859106890925884
2021-01-19,3.341437841286572,0.4698325225219985,0.4052187588268622,-1.8982585437721289,1.1679521869436098,0.2449917622445875,-1.381048632254962,-0.347010356490034,-0.9468912486372434,-0.1737987542134342
2021-01-20,2.3773978141317738,1.644905860331716,-1.6331147956926497,-1.1479377501022008,-1.9969393108488507,0.17336572594225214,-0.6162202213602924,0.552893113519902,0.3546284480997949,0.6869847202757435
2021-01-21,-3.427164519669357,0.5903901525783348,-1.6041815460649114,0.9233901238837997,0.7880903987377273,0.35505262548537253,-0.6205695024635578,2.129442185852633,-0.49363773554010903,0.9494908354442939
2021-01-22,-1.3579289467121771,-1.2405735242829572,-1.5516133098267177,-4.422865804870074,0.6942885423477558,0.30026509864334805,-0.0049004553632303206,-0.032102901515530274,-0.4332808321916178,-0.528984226151564
2021-01-25,-1.5762589372433569,-0.0013058632689487027,0.5438789899764466,2.454109377903499,-1.8905845558986984,-0.3049908099793592,0.8574351287896109,1.4541948818741306,-0.7431031254574757,0.1852925555778752
2021-01-26,-3.0518333302951213,0.6391801926764646,-0.13448735164356224,3.4686755551250705,-1.306857671514366,-0.017602580810268907,0.07762763133729741,0.9160411374594065,-0.26965063972803555,0.5857986090750147
2021-01-27,-7.525846133352491,-1.6941282790107104,3.171666941992443,-0.38083337803119344,0.02319256329929123,-0.5460836201966998,1.3581641274693177,-1.3933299136241821,-0.06530901154126866,1.1551867373549647
2021-01-28,4.37643102617005,1.5884085918466702,-1.1958527497551241,-1.1685611127376632,1.5572954307700946,0.27678088321745903,-0.7109674020831421,-0.4033261135971135,1.144412643145328,-1.028528434745538
2021-01-29,-5.6631031760121155,2.092198830603492,1.7061308778797974,2.0898700392768492,-0.053900829636352864,0.31751376558491845,-1.392094274922109,0.43527327973142255,1.51920014304625,1.4564288865644353
2021-02-01,5.601287643943432,3.279966137591815,-0.46381482891986625,-1.0412428252536339,-0.6834083523922115,-0.6255969049418275,1.31137552870666,2.1409090965820083,1.857483955597465,0.46102619098591546
2021-02-02,2.1961294534003044,-6.4208290950238,-1.5467888837115347,-0.37798954369673676,-0.5284635469620407,0.6245896093585878,-0.08858123381044773,0.7549132766125456,-1.1834145689264872,-1.5941755963533841
2021-02-03,3.288780027224782,-1.251634994159314,2.9358415121898664,0.3040131249990905,0.16197054467860478,-0.1488701055671788,-0.32763773327195317,-1.405940851806166,-0.21726777117943735,1.1407237485544897
2021-02-04,2.047635136195876,-3.4670085345484334,-1.089112234989853,-0.1554281111726685,0.15985171214474792,-0.07433184948389943,1.0172246275190424,0.7336616878386247,-0.10865909949679847,-0.7855166919546499
2021-02-05,3.5170572030327154,2.0738271761561253,0.45055281962478855,-0.535824778414308,1.001997710959021,-0.1323680500920144,-0.4732138984804385,-0.5288550479651066,0.16265197705408757,0.6051581581749003
2021-02-08,5.876483000097652,0.5288377715892076,3.142771386538196,0.7988368689863361,-0.4276331947523838,-0.48785369899512915,0.1967427529242204,-2.0185058914520706,-0.12388086576447058,0.08192293938987327
2021-02-09,-0.7721292872722623,0.6675972017537212,-0.8414334660797101,0.12292177299864795,0.9362693747350131,0.04775926226370972,-0.12963724431933238,0.7152335214479986,-1.3529937248294654,0.6854809252810982
2021-02-10,0.5481464092052629,-0.5658874869968589,0.6638113335987301,-3.9361167070595835,0.8697597747231748,-0.28499596282072487,0.9411621765478252,-0.058148223118341266,-0.8404506870122328,-0.3122306901345649
2021-02-11,-1.059958927663902,-0.8290587614054101,-1.2590783789361972,1.5485550651125186,0.8171128584602488,0.2176681485171011,-0.3591644839333489,0.8477520637127998,0.08541768814839763,0.31311338819968404
2021-02-12,2.7686948506527584,-0.4178186697621131,0.8548511724769385,-0.1907366236415504,0.4960346301579418,-0.02802969647269869,0.008938133760043042,0.4316270280120228,0.7295912064653988,0.19202657234038256
2021-02-16,2.548783660533322,-2.048351589679949,3.439971145018145,1.62062975192353,2.0429031210102035,-0.7485376392177845,1.7470936829836485,-0.940358349710737,1.5113886405279335,-0.09581086346214077
2021-02-17,0.26491630899061347,-2.2179856978201498,1.3006070027142478,-0.7640083137346734,0.46165587021613985,-0.13427451763433695,0.6505686416284029,0.1255796149793948,0.11334516684331468,-0.2104438515745989
2021-02-18,-3.2155777740403932,1.668086517242708,-1.6533058280708899,1.3696493608619298,2.029973526288617,-0.03132226009197112,-0.662608246084239,0.6544000611584028,-0.9454974792210562,-0.24567349187152773
2021-02-19,3.6816047458089463,0.46197996245581613,-0.833420692861549,-0.4327475413463286,4.220238749721211,1.1608500692644148,1.3813538909150807,-1.431319829878995,0.29419427962040956,0.5195949157957291
2021-02-22,3.6763454526697563,2.6050357964602933,4.835550276542451,-0.4979420360144402,0.9543766812441603,-0.30363572377126874,-0.6372964586195378,-2.397745309780075,0.08060668899052022,0.19923936807859746
2021-02-23,0.18421950021785305,-1.3766613483712904,0.1450949614154051,0.8822701019091688,-0.12204134265467001,-1.7121334819664062,-0.838523426827844,-0.79162724840808,-0.6336431464641208,0.42639436928439384
2021-02-24,5.9380827426261416,-1.1502638376717935,2.1120705797743717,0.5463084089916658,-0.028248171069408568,-0.127876305763987,-0.3401702328833145,-0.9736305676529742,-0.203127100116139,0.2539522270379406
2021-02-25,-7.9534686663351595,-1.9991303559435154,2.2515126253802507,-0.9416290971801806,1.1088635730059837,1.895627693813545,0.2716623494472617,-1.174648365718211,1.347992190366831,2.132686588325885
2021-02-26,-4.290271183004203,-4.420528707376412,-2.0270434110780453,0.011231912521312887,-1.9166913113636777,-1.021668517398518,-0.6615528901434113,0.44237384183089024,-0.3091716022976375,-1.4353605372353895
2021-03-01,5.493423850125942,-1.583881654466177,-3.2115873409368345,-1.0663309837478163,-0.31516194972069145,-0.15583534185908507,0.2028921432021149,-0.12663513143658944,-0.27095247854409243,0.2182836415902907
2021-03-02,-0.7398672953868762,3.0918174123268503,1.3902129708817936,2.0102081169502966,0.42352346559503795,-0.5018113706312527,0.7349651347354933,-1.0276787071149684,0.20177863571624927,-0.7295043726683176
2021-03-03,-1.1483716127358838,-2.858410409626432,3.0003149709789567,-2.0173244602721727,0.6199631685570008,0.21860239274490695,0.21681086206201236,-1.6071889193050708,0.3271043412719365,-0.2367421335704221
2021-03-04,-2.7129294903961,-3.3809060399268467,5.212450799620215,-1.8609566538355673,-2.180925389301123,0.7426664966155195,-1.201365029785278,-0.6293016692453367,1.6317577027861572,-0.5659746601766557
2021-03-05,7.4553899414043645,-0.8738913053594839,1.4951975159832496,1.1264544736839055,0.31122011675204064,1.7173766452913533,-0.3155524352746113,0.19206766500827632,0.06111599523941051,-0.7850615249631103
2021-03-08,-0.7981093537980164,-1.2754597297062897,-1.2011077882906158,0.5178322091438382,1.1432771901656877,-0.16485018536207158,0.200446093132726,-1.721079914865453,0.7241048410421331,0.35576981935040497
2021-03-09,0.9472026861323384,3.1735173174520903,-3.235819874169391,0.6884866926788518,-2.4518739043366358,0.121357360857584,-0.5540958025814904,1.4871934910397075,-0.3674023448366656,0.687547726173512
2021-03-10,3.0427474040404427,-0.4097273028430916,-0.17676680928599242,-2.5998855067966886,-0.29358265959484825,-1.8560270906914302,-0.04877233776252299,-0.47224373602635245,-0.6494902970461766,-0.6211852682396157
2021-03-11,4.139118419559911,1.164192859784263,-0.03503445242124978,0.04471010534521853,2.3047864813445176,0.09818272030914812,-0.18785999179031002,1.181284663442029,-0.7347829081498639,-0.743630591326226
2021-03-12,1.134260120024767,-1.1257021249727561,-0.8154768992907088,-0.43125069849386644,0.6062385759121284,0.2842688645054053,-0.5736907945238259,-0.8966503505272692,1.5724985543696204,0.2889015630532899
2021-03-15,0.7525446448510565,1.5540610545686195,-1.754070703651789,0.8845411798391958,-1.1452509252107763,0.4426381584943808,-1.3981975888244507,-0.05459259270420989,0.2155072111356291,-0.2070375186009969
2021-03-16,-3.699145200815083,0.30063220422039594,-0.7802075664170377,1.0302335958491475,-0.9574253543369514,0.18476919975587752,0.22096115519139856,1.6959991462725161,0.6354267326218507,-0.13619824621164517
2021-03-17,2.2467443750296843,0.844597201466727,-0.47694931259260537,-0.3259840887578106,0.45542979401061023,0.009093985430671116,0.03899431878833769,-1.0274631937373002,-0.23586391600226225,-0.208797996153365
2021-03-18,-7.0163454874401205,0.9393839042258454,-3.594654442750959,-0.3770140245079821,2.317331701193274,-0.028442663390753183,0.18485300102444074,-0.908288740596279,2.7459632210918006,0.9758969202882007
2021-03-19,0.5260425082660768,-0.5393488486487477,1.9141554085791275,0.7555711815681385,-1.2483684286922656,0.07899868277098043,0.01877228941376744,0.40952064056311427,-0.06691222838416278,0.8596681005855843
2021-03-22,-1.0873255639423092,-0.371582784114806,-1.6223820793209527,0.21498051140179852,0.01411120068328804,0.09661360891274418,0.17727142228321055,2.5067119805004263,-1.210272722286879,-0.3139161592151903
2021-03-23,-6.804396962011713,-1.4099177169742105,-0.7643781760261518,1.0844900588639843,-1.3698471842342015,0.11028583048768455,-0.3385682615578772,-0.9325622420280938,0.40085288702138056,0.12857279830837837
2021-03-24,0.5867378750357441,-0.834678144192169,3.5938513545928408,-0.9529312709225946,-0.49576611452039465,1.7103488314119875,0.32771319965807577,0.20948361708227822,-0.6605626968532499,0.5271832060724425
2021-03-25,0.9854039947591493,-1.5304142905026552,-3.46416106274995,-1.0994994611420477,-0.9654418734777342,-1.7854371109967984,0.2662113602490962,-1.2130043153257704,0.7818449295013782,-0.43173378127155193
2021-03-26,6.31650641601923,-0.057236583238951054,0.8619196791173716,-0.4950439429018142,0.7632734388613914,0.025014562243170287,-0.4467884289679006,0.3934194585563313,0.10173153398646698,-0.3788077963238023
2021-03-29,-2.6064781658277116,-0.45408897592544134,-0.03511641532121608,-0.17287187555075978,0.2586992067399994,0.22060969052410437,-0.014822309454371775,0.8422139845744795,1.0720766180519075,-0.6540107169539209
2021-03-30,-0.594592939828232,-3.114364040054436,-2.283229981362323,-1.1445814035529138,0.9686097557919023,0.08628453882795871,0.665224381356089,-0.23153911096166563,-0.05732340697114227,-0.6971155298991719
2021-03-31,0.6027334063500491,2.4778247409789005,0.15200232995513294,4.6181136052635985,-0.5902526476465524,1.5865523273114037,0.1020726356718354,0.08278497438850385,0.6962477411447959,0.9530105466053373
2021-04-01,4.444821220432772,1.0914238061804218,0.8396848090342385,-2.677557995686924,-1.1798598941363734,-1.6440281145814755,-0.5965186780200162,0.7901538731249441,-1.012440742226414,-1.0267987638365978
2021-04-05,0.6169794161032299,1.7388347186830142,-4.560040314197044,1.7895346808773183,3.010481677762433,-0.05255347209986828,-0.47617961435466605,0.1747106783207755,-0.10136381258064427,-0.019601972580925064
2021-04-06,0.035414917238045726,1.523479889595641,0.45567434493863596,-0.26204274107927034,-1.0198690441836429,0.15463307138944546,-0.49945487438142255,-0.19146760523399386,-0.982337725250367,0.19034127029752965
2021-04-07,-1.2043793476832518,-1.132600453718352,0.8428642732523912,-0.01474942046988094,-1.2027646150665625,0.027384306609827668,0.2382228810872954,0.701626046791059,0.028829627469761178,0.22138713592290726
2021-04-08,0.30284421521345173,2.2258248925700936,-0.8645552505265489,2.2851165872864607,-0.5877775623003634,-0.13313838243646606,-0.21612820168905117,0.6367287277263479,-0.47434106623990957,0.3811833306330906
2021-04-09,0.33730503222070635,-1.0342697462863997,-1.105520175462594,0.27670382534358284,-0.443002238253278,1.8766158992990916,0.3576541590872546,0.20528052170256092,0.5705583511964782,-0.4317471697054743
2021-04-12,-1.7079960896090731,-1.8091131896423396,-1.1890844222393027,-1.181742955160398,-0.26783055542596396,-1.5417834213261987,-0.22885088430686812,0.8612279559443198,-0.324000231983213,0.16554888834284628
2021-04-13,0.815850993693453,2.1502950969976125,0.8401317743540412,0.667011696409419,-0.8602969674113208,1.5165116792154905,0.811482072327231,0.4322978776981962,-0.5308416983979432,0.032079672384411756
2021-04-14,3.535979158924351,-0.7260834534372178,4.249338864215927,1.3292303788770783,2.267917374296993,-2.0252241996799754,-0.3644899471833285,-0.3359178538876325,-0.7276201918454185,-1.0367739222366417
2021-04-15,1.9347861433488387,4.109497870744408,-1.1296801549713917,0.31863551969729004,-0.1023481774424792,1.5112081933230803,0.4601463700552672,1.6078946791810067,-0.5847594999819228,-0.8753265123912479
2021-04-16,0.02399454762195513,0.8035435598451771,-1.1881812580300202,0.36541132630736584,-0.2691985637282177,0.06499348554554919,0.08127428298507237,0.2916173742624073,0.8075799457786091,0.3456153660236409
2021-04-19,-0.9701252898622307,-0.3296128131616136,1.8112066232159034,0.6541045483681646,1.0970848062376237,-1.9882195939754088,0.45884497673290625,-0.13049966777379668,-0.6500033053756314,0.11991343844000588
2021-04-20,-4.364545172886899,1.5098366917171708,-0.15130140051496296,2.091270957824589,-1.4878473510827512,0.18180410521638615,-0.5124416520710273,0.5549992873561859,0.32775242750244904,0.034189742169103206
2021-04-21,3.895674066442334,1.3430511690119595,-0.5066591646180572,2.168226729682459,-0.39519020402772753,-0.314709542985952,-0.20500245030438297,-1.5301945397872638,0.40473736386391346,0.6209759136995409
2021-04-22,-2.759952353588881,-0.9423262228249201,1.699142430163901,3.9817783783209677,-0.7369065456250729,-0.21841833243660827,0.24554802462394895,-0.21481695499178452,0.0014524192632285654,-0.1336984362141563
2021-04-23,3.7350988471332203,-0.4347462523174233,-0.7199898309766474,0.6332030477723752,0.7571270223510458,-0.026325313660692247,0.06246121575047744,-0.09139624277197997,-1.0194258587030194,0.04169085450873584
2021-04-26,2.255041260964766,0.7125907147946994,1.2431047965001354,3.320540463152755,2.237752889411633,-0.65122604794239,0.6880622566303247,-0.1865100020668665,-0.013179338601487322,-0.5796040148658688
2021-04-27,1.1383870478904652,-1.0691684642706256,1.1565664441364012,0.2752981620278802,1.902238460641417,-0.6026197252878671,0.5738825621709333,0.4610521320029648,0.043545807983826255,2.2594858629984422
2021-04-28,1.732757576250985,-1.2235251170927834,2.1569402327100136,-1.7799206805884678,-1.430319080247263,0.05308650447287473,0.7043462124327997,-1.2591923550860027,-0.3971621241645653,-1.2354457589381376
2021-04-29,0.42779704021208015,-1.9451399383524528,0.5533514127150787,0.8429287145153815,-0.9532160578063147,-0.04148596422672073,-0.29871711861333905,-0.040498493691518186,-0.37950439340202896,0.8008361106441885
2021-04-30,-4.04703076851154,0.15457053850148023,-0.7439046228080275,3.649080591054213,-0.364861759797896,0.040930128629866884,-0.20539921425594002,0.24948755758903401,1.354410951849363,0.059289743574744175
2021-05-03,3.4968675127337603,2.532879765471744,1.0272484986400936,-2.277740387140395,-0.16946102462502272,-0.3562305619026602,0.4479131160625232,-0.9621412061630575,-0.07316285183561033,0.5232581576744796
2021-05-04,-0.8157731428995488,-0.7543008718996724,1.8425723315687093,1.3565234932057046,0.9095677486245898,-0.06312868099291295,0.015557763583756158,0.10354759448788482,0.06630231667390593,-1.3775467518533049
2021-05-05,2.9598700540818275,0.3011034804669456,2.25512942809681,0.3776070775671352,0.9085566871655446,-0.28354495188764817,0.15020941949769448,-1.5223459999976694,0.18476482261098467,-1.5202279351047003
2021-05-06,2.075138771878505,3.4742219156001837,-0.3170511420206575,1.0226921394128394,-0.49346598397362296,1.4387685060743751,0.42672998722705835,-0.3717178718303868,0.08227394534068407,0.7599929663527348
2021-05-07,4.190053812692048,1.275465948921945,0.14691050746722042,1.2530927031112733,1.690145458148267,-2.1489464289455755,0.12508906271960227,-0.2802415822618582,-1.0153527687765305,-0.15610143471487797
2021-05-10,-2.6973591930078356,0.5776490670023968,0.7855832212735975,-2.6056529914867346,1.1498552349256335,-0.0016583417777269744,0.3156815486195823,-0.8654263091013592,0.4652329174517641,0.4258612564917852
2021-05-11,-2.202168144714193,2.2995278728945787,0.3713411923772469,2.21473473443863,1.928761418794926,1.6300179859146466,0.5275494034627983,1.3586977202525075,0.5772223461998746,-0.7330332266386974
2021-05-12,-5.405943644377672,-1.8274700581773007,4.17993960981676,-0.5139067344129018,0.3686507700371039,-1.684326224594139,-0.37229239416366056,-0.8413419027354534,1.5048309583464132,0.4581240258185019
2021-05-13,0.48142460477640325,-0.8291209331367062,-5.626116311815919,-3.113529544356953,-1.129422604548128,0.32252363646611504,0.18066431214025583,0.386648937212285,-0.2729763683855353,0.1862374543353256
2021-05-14,5.89337394371447,0.27376626200980364,-0.42686165301646145,-2.8115868540318023,-1.5978295589785534,0.25134190414194935,-0.25325572091314796,-0.044323196172843075,-1.22914774743692,-0.39046890984554844
2021-05-17,2.5974411229607197,3.191822246314893,1.5520934347957789,-4.454718432185365,0.7931094127577819,-0.39712206582031395,1.1896200250604605,-0.41348410293408366,1.039770219904058,-0.13668313564705722
2021-05-18,-3.134316337357566,1.3403464155297882,-0.22086542054626487,0.24113076228470137,0.8282334094652226,0.2193242981790473,-0.39093491758077226,-0.21239660452595985,-0.47001224463634567,0.018100425896068046
2021-05-19,-4.8252108980078985,-1.0574326818489257,-2.5636299089923544,-1.0438852601838224,-1.9228076575729318,0.46677010279521386,-0.6766522897769701,0.08326961963756262,1.5150614048156061,1.3361950439107806
2021-05-20,0.5797916209508236,0.6295146845575267,-1.6499307468089452,0.23132127391426185,-1.2260111664213498,0.11847777702803947,-0.1677587053053932,0.14286575797531526,-0.9981380176558898,-0.1283241101680462
2021-05-21,0.021542501999267424,-1.335995163422996,0.5304213261829894,-0.7224936226371612,-0.5873061913150522,0.3220849401086532,-0.370351496183353,0.32259485206407257,-0.07315283433200742,-0.8819940979937957
2021-05-24,2.8978209318197363,0.24785731143104678,0.06475984114740135,-0.9198803183101559,-0.2453504296548825,0.147445129996078,-0.47352115533122313,1.2100181257934413,-1.1127503662998641,0.585163644429513
2021-05-25,-2.829676002711996,0.9267284096586327,-1.5505180909666398,-2.262727918929688,-0.3210118071536601,0.12344958634603624,0.18131500888800464,1.3633890179828583,-0.9816481276747299,0.7646322895474019
2021-05-26,2.401623133589977,-1.0051780212424903,0.15605235841799908,-0.44891413160214455,0.6732115165168105,-0.11590751962997807,0.4392951518476592,-0.008043135665676713,0.6112896887414384,-0.6342310876602435
2021-05-27,2.4907804109605034,0.3777982715501973,1.4251486248332819,4.472238737312477,1.7387410262825242,-0.23284337547523312,-0.2731947080465386,-0.3426388489604429,0.28010954938725996,-0.3550816690830186
2021-05-28,-0.0010299197151216468,0.4099794437889187,-0.37298375709823767,-1.1780399990885093,-0.05283697206664667,-0.033131317280352124,0.24869091467985077,0.35515293561982897,-0.20223171948437232,-0.010419513584315303
2021-06-01,4.049475383757864,-0.9285086098261445,4.355855097130343,1.9671415544409223,-0.8350407791370328,-0.5984881189431557,1.0204257266851458,-2.5695406735287256,0.5234286097674574,-0.5446465599069743
2021-06-02,0.324169762429796,-0.804944678342151,1.3946879478026621,-1.31400265353457,-1.3483516150229682,0.22043708051708755,-0.32641570792864094,-0.08641416945030364,-0.6144362950884564,0.4370918994907828
2021-06-03,-2.8643276079866697,-3.6324724575984457,0.04165079944192769,-1.3885839335176164,-0.497050933889405,0.4328990976378383,-0.3401277819862721,0.10142798850458269,0.767358669890883,-0.3406675487472333
2021-06-04,2.1421067751124907,1.8892645839581423,0.4550983894725624,2.47809412966526,-0.5006024569971563,1.3912004716489257,0.721410480167999,0.9728556351260728,-1.3527953432486193,0.20856310375232742
2021-06-07,-1.007865512098936,0.029925828333984703,-0.7928281720440319,-1.0801577179555295,-0.4210783733261356,-1.5900730694523149,-0.7153575056881881,0.06822034725356856,-0.16471567533451853,0.6490076153475647
2021-06-08,0.5225422176299221,-1.1390754079561762,0.3585452036365859,0.7788761655791988,0.04572106707468279,-0.3608869806982291,0.5460263861375261,-0.06005699337383882,-1.0547955677587373,0.19184119052443707
2021-06-09,-1.790433931818789,0.4682113763608083,0.29595805419125687,-0.06281151483423807,-0.6380167082121055,-0.038772319230359654,-0.0999760162421714,0.30345003744949606,-0.31682317369238766,-0.009641411339561335
2021-06-10,-0.1364755016269214,1.033634775945611,-0.3154126742183345,-0.16886978663323995,-1.6229552445072475,0.22758279733054457,-0.34505691592234267,0.9877475746505469,-0.020043227338259136,-0.9194697198032122
2021-06-11,0.4546775134106754,-1.3156668405947407,-1.0496826620450501,-1.3940908930448366,1.0431621965591475,-0.2033460878605779,0.7239393598695458,1.2720740227055771,0.5601169717831855,-0.10229309901494481
2021-06-14,-1.5937924948524413,-0.9666026055689064,-0.5299725090870359,-2.5419221439428785,-0.1314770890689218,0.12176992671628539,0.20396277632030596,0.8948022234068066,0.3090116091239528,0.4911709728904673
2021-06-15,-0.3150067313853043,-2.9157273616684725,1.7257883591310903,-1.234391237290328,-3.1374209624551233,0.45396017328765104,-0.7030844231701685,-1.8342841139354273,-0.4945662792550099,0.32903939829207884
2021-06-16,-1.542538166981937,-1.0827557266237096,1.1611609121375572,-0.16854803125610723,0.7704696253687434,-0.03250596006880515,-0.30616144264913503,0.0718769575590156,1.7710985743258685,1.1776736062119382
2021-06-17,-7.267235960208984,-5.969810739504508,-4.63487808631032,-5.157259860787141,-0.6338850221233058,0.9573883773692522,-0.1665372560437791,2.8715600317001257,-1.0147041722488326,-2.770783644706063
2021-06-18,-4.3077548546631546,0.36819834433797305,1.9809291444174477,4.491624211777365,0.16037136180958392,0.02662270276010138,-0.4063911052191065,0.3503182733303974,-0.4801971201909136,-0.04139691077109923
2021-06-21,6.361491326532766,-0.49739439611429476,1.1546255515996424,-0.02970613039551085,-0.5065880052286232,1.6583394338125506,0.40103569935700967,-1.0494112618266636,-0.4165949670870952,0.40918547496798713
2021-06-22,1.3000232422034743,-0.4450770345863266,-0.46020591361983987,-0.9598620608212687,0.9882200062601416,-1.9091921170005446,0.11660893071456216,0.7071397120880829,-0.5238890271718668,-0.6098146456369905
2021-06-23,0.8598380263551504,0.15216526332833982,1.071231434799266,0.2979229942108106,1.293430598004946,-0.3581808553420338,0.4189476909834071,0.29824628372636336,0.3205695748856142,0.26134955975335294
2021-06-24,1.7793056903453999,-0.9707701911851465,-0.1937328501358575,-1.6588511851966457,-0.2228207309038206,-0.013338209163710823,0.5614799006932958,0.17986064357269313,-0.07663317145413462,-0.31039229513336875
2021-06-25,0.557978399339661,-0.7968531967655262,-0.15810824589002917,-2.9833736001241027,0.21669593442027563,0.08969251446333837,0.34297469382583384,0.5013739497863041,0.7476457414172596,0.2163522136629683
2021-06-28,-3.1419155078037186,1.190016102618076,-1.382162032011875,4.332268094449973,-1.1800398378972368,-0.13085391547193861,0.33815357508921345,1.6862273292163605,-0.10556573125045687,-0.014076042980250428
2021-06-29,-0.6831948778495153,-0.9918635569535446,0.13035542294397548,1.0568801556684764,0.16187232831212284,0.11408043213301268,0.017555775921455557,0.3500776983698807,0.1464517530142821,-0.578831767379825
2021-06-30,1.6942275127536748,1.0878166601596637,2.1153100483663376,4.8139673946199295,-0.5950691019364008,-0.30606652689089064,-0.1466760502749025,-0.44470648146448627,0.21072395099670282,-0.3717902554460997
2021-07-01,1.8744702859101359,-1.609536919291966,0.3271710158916313,-1.0142228260772568,-0.9522190807698369,0.1831953789438648,-0.06985681469874358,-0.5670788015566945,0.45176021925151355,0.6315348167229236
2021-07-02,0.22276824217514107,1.5435179640175998,-0.9290676351304707,-1.3845765888791728,0.0021814425623095544,1.6860815823407658,0.8457849793536438,1.0458080727591914,-1.2084734171492895,0.45242006298611814
2021-07-06,-4.875164358679589,0.6229250889201774,-3.3058632157419705,-5.28240765757076,-0.32693818917188533,0.42179928628036956,-0.4326749695842026,1.4014206454812332,-0.15932582415725938,-0.2924377723326063
2021-07-07,-0.6645108505812811,1.0465866077114694,-1.6268111201134525,0.909544824338836,0.8756101737849137,-0.027384068030051372,-0.054051386185984686,0.81357496630339,-0.6623868431846986,-0.0636649370880396
2021-07-08,-3.584619316587894,-0.7807991253970181,1.5755444428108887,-1.1186218209951033,-0.6574638867781265,-0.14188863983733419,0.8414896684402705,0.015092391048480553,-1.276552958287901,0.569542547851273
2021-07-09,5.540439100811554,0.41875251766536215,-0.32415898445863617,-0.3837924623122002,1.3366071295396649,0.03613274469733865,-0.16824432653245533,0.13860332071285755,0.5147310266826307,0.20555392276299103
2021-07-12,0.0676229913367467,-0.566670555116456,0.5514392270693405,4.476569109353757,-0.5156541756976852,-0.31618950906311527,0.24807833660121514,-0.09351379165592363,0.34209853447026123,-0.16209277376125217
2021-07-13,-2.206581559071027,-0.08552494045095033,1.489734007561751,0.026650747288665403,-0.605383442049459,0.42746309647290404,-0.9937312369047225,0.8790232233806211,1.651590457496032,0.4431909710980372
2021-07-14,-2.6921802092370464,2.1877584459935777,-2.2610617372241912,2.6300339883205943,-1.2334855223235999,0.040299501036525555,-0.1685581530186996,0.5067761605387554,-0.9767772468165875,0.002223383490486325
2021-07-15,-2.104039830551197,0.8156644592885782,-2.6801826864286635,-6.226700729328502,1.1495672061957287,0.01643291709106176,0.07992135904369793,0.5779139921290958,-0.8214418951695324,-0.07205073445617717
2021-07-16,-4.970021849820118,-1.3330613915648377,-0.20492957291615743,1.271148843825947,0.20982089223708036,0.022668610397958915,0.1931219667457542,1.3801960304600585,-0.4021955954553527,0.42328844560123585
2021-07-19,-7.834063335904663,-0.10031773272675398,-2.0186625840232324,0.0016996895472150319,-1.650484395061372,-2.0105309423954023,0.8411725441763024,-1.0132788786951115,-0.7877213859631625,-1.4074888856772663
2021-07-20,4.862594866460085,-1.2857551897799824,-1.1710950566055256,1.9315065822380246,-0.3103785364423098,1.5038260832430406,0.8023623178815323,-0.14825168029507566,0.05332114015752378,0.8290381633176219
2021-07-21,5.696895267474723,-0.9017766336945795,2.044246894277973,-0.5373279383032978,0.7402969478270419,-0.12795985903507803,0.2375015979096708,-0.2390399838138163,0.5233214521850005,-0.2845896556551317
2021-07-22,-1.0225482299367838,0.22677230906373683,-0.27570006279461734,-1.5628145524852721,0.5990220489891201,0.1498784267487184,-0.10359736158592077,2.0112393604804217,-0.39817319435572857,0.5165749870507704
2021-07-23,0.8379535486596096,-0.6013628632024854,-1.5792394272433115,-1.4606883283264627,0.7378571204534198,0.02972338745744793,0.15122588678415283,1.3315723546869338,0.13376981282120673,0.3607589448562277
2021-07-26,2.8833940715781106,0.7198930970233667,1.2992333811181334,-0.11637668961708851,2.2126900820591753,-0.5735363748313775,0.8413370466887705,-0.8344025888992057,-0.8761367533952478,-0.07983201709990585
2021-07-27,-2.9175252182302276,0.6812787357531576,0.18554377305706224,-0.06179873773844936,-0.6498992003625462,0.2913855940255524,-0.40302143034573934,-0.38448280815640884,-0.9820630342564914,-1.0867182346810582
2021-07-28,1.8943740676027323,0.44190755322905056,0.8451033529972165,0.5450336478413745,-0.34436943964548083,-0.035658073742498096,0.24821517369305438,-0.32755576329443425,0.6665669518592602,-0.759548196038451
2021-07-29,2.6869316876995772,2.4684771466025155,0.7370553750987163,0.9081770649447224,-0.10254885654060764,-0.30197616965354473,-0.08715043494094278,0.012863816953799486,-0.03150288086477962,0.6496785784462459
2021-07-30,-2.2505978361608405,-0.3198220636682716,-0.42821410297718865,-1.0350437588126904,0.23469127904696727,2.856725799272009,-0.21422433748117511,0.6791340189909306,-0.19388106582946954,-0.9106290664807292
2021-08-02,-2.4279608875753733,0.3465451086798464,-0.49184387594406975,1.8855802504875716,-1.657390853810068,-1.46789311122597,0.189515390263911,-1.3143713626423723,-0.8664837767583783,-0.22222733014030485
2021-08-03,2.056929855932007,-0.6302351392110065,-0.882584601759033,-1.7128972575548727,-0.6569912523480156,-0.030904060409929292,0.5010108956574538,-0.2708663639330678,0.42261489325394314,-0.6825687445155642
2021-08-04,-4.405370829338889,0.004185947820634894,-1.6964426601089686,0.42581412858267986,-0.5713787823924319,-1.2721599441127807,0.2318734461023336,0.9773256888492874,0.8451954225562004,0.35281687975986165
2021-08-05,2.3710691503104817,-1.4791385387551916,-0.015167199599022525,0.5326599920153591,0.6644517963373362,-0.023811342266913546,-0.08795700714742917,-0.25360316988259995,-0.17718084028819214,0.44587596983212024
2021-08-06,0.9356121170980605,-3.810007184042172,-0.048118727520851945,1.2103550246895136,1.3741294782235198,1.4578443914999555,0.559902242430246,-0.5981106071948414,1.241061923322224,-0.9585361671371379
2021-08-09,-2.926432475442462,-2.5919562389589506,-1.6589476167429456,0.49969720862862127,0.6628970839561827,-0.9190864110939321,-0.45617278396963334,0.12138851483959405,0.08931057425106005,-1.1530495569808943
2021-08-10,3.190426939662084,-0.795566876971441,1.9771495952552436,0.508639725441469,1.6128667653647826,-0.3364509184382138,0.27090942005437185,-0.5078398697630213,0.0651394284896219,0.1293987222442048
2021-08-11,2.1861544293596027,1.1806938267913447,-0.16362242794888573,-1.1111940521527683,-0.6201342140558082,0.011307544983043974,-0.30128852648712345,-0.5152166860938185,0.023229540594743723,-0.3625238273349541
2021-08-12,-0.615782221860065,-1.280232553454416,0.11537397547800488,1.8011202008417537,-0.1801471673173042,0.22552125435084522,-0.9658295937968686,0.1654237844500097,0.43703159319793183,0.037663931503500704
2021-08-13,-1.0498347952756912,3.3365224489921297,-1.0453857395840251,1.299660538022593,-0.52118223541294,-0.12327744241654609,-0.2817734196489231,0.5149796730034935,-1.419760317254987,0.549727443600954
2021-08-16,-2.628999502534198,0.2492507151867496,-2.1626330613188074,-1.2331949622213223,-1.4254016887014316,-0.040720643726675484,0.333869539824127,0.5251191143083614,-0.02273312847080361,0.07707440315154718
2021-08-17,-4.030539472572273,-1.0803853958186034,-0.01052735122089633,-1.7084144388046634,-1.3092923319272165,0.4826029067562207,-0.6869624154966114,-0.2513522811096399,0.7604216573503532,0.3436650602874371
2021-08-18,-4.171767889156996,-0.7581862315907056,-0.19080718088456589,0.48745262474072965,0.6685808449247762,-0.06737185037390944,0.433385916897409,-0.4567809413661547,0.26233826658102943,0.08391189364330652
2021-08-19,-4.644503479884529,-0.8054405435622723,-2.7863886417239234,-1.4500720396661637,-1.7047325576685541,0.4051313752553481,-0.45416593602029826,1.1713671734087534,0.2704506273233871,0.43173109139473087
2021-08-20,1.4379806647316558,-0.4676886641413161,-2.437843978792026,-1.6598545341720152,1.0369885996533872,-1.7586794155224483,-0.2848608314407144,0.7489412449247156,-0.020240456690305067,0.2945499301694211
2021-08-23,6.616380236228365,1.9331102860831524,2.824242215955446,-1.0525506081174507,0.36498691813030776,1.352917515789139,0.7813250398108317,0.1457734442482504,-0.924749350342083,-0.0074686264723115865
2021-08-24,2.908861160723497,-0.3845263862612378,1.8093684467541162,1.2619270815919654,0.6535253482729083,0.022643607869156795,-0.29790477649579633,-0.43905438094609556,-0.11060243362593367,0.7461572564595684
2021-08-25,1.2305727657063508,-1.564716152072847,0.49655687812071025,0.5432303205069979,0.7210652402973173,0.10957677016871482,0.027728711048710164,0.013853803723907149,0.17715294921695957,0.21437211762846334
2021-08-26,-2.7339515777265215,0.12752133272490568,0.25846941561237485,1.5271842532916724,-0.2319467705272359,-0.48050173466196905,1.560596230975884,0.21272410139051984,0.8147323397278176,-0.12221008394573044
2021-08-27,5.702713063611983,1.8583730424611418,1.0279553074411676,-1.0163622579473393,-0.19639596089553044,-0.3644115308863692,0.8133771226961423,0.11141513041177577,-0.47934606871552443,-0.46325460964063236
2021-08-30,-1.1232792451593698,-0.5875720723648395,-1.2591155524536566,-2.936828209672944,0.5741904558832693,-1.433599301457082,-1.0027397106212397,1.8777274667170067,-0.9236837732158181,-0.2087976261244654
2021-08-31,-0.3089061835941642,0.6270273875626805,0.034432758320652436,-0.7327352041631976,0.1672638041562026,1.6854413569408242,0.8668678588918798,-0.29855649216598484,0.7173076589602627,0.1034285152705413
2021-09-01,-1.1300941637044732,-0.05895253855405646,-1.8615692264331316,-1.7841421518280836,-0.3757792735657705,-0.10394650069767863,1.1917668203496168,0.8264420821323901,0.0554324917678602,-0.1352902002692755
2021-09-02,3.15535662189334,-0.5450505062575414,1.9596679703200066,-0.5550991587306674,0.57332749239873,-0.18143675000879342,0.3915874174855423,-0.877200729442913,-0.7125005782874263,-1.0115659021132932
2021-09-03,-0.3538270085761817,2.7254121353943175,0.057869838943014076,-0.17227100803901155,0.3632852916260175,-0.19725030587960518,0.13769925784345652,0.5737635317152947,0.9765319923791843,0.6973202231691156
2021-09-07,-2.4140387553807825,-2.521585903140234,-0.38754812502779123,-1.1916397183475627,1.5368702446708264,0.3492702551352311,-0.43137160092225674,-0.24734527539467485,0.86978469167287,-0.614190136751483
2021-09-08,-2.310467874359485,-0.5824990574938673,0.000491702987337998,-0.027413661981511538,-1.6998768022317188,-0.1357814341636421,1.1689923078088997,1.6088335478170468,-0.37282031771437796,0.04200636989415608
2021-09-09,-0.5404693407429274,0.5035492779937986,-0.20523133183560766,-1.1401675424669375,1.1468185813491374,-0.42285275617953527,1.1399748614693719,-0.613671444856416,-0.7249889343198641,0.12093500543236474
2021-09-10,-0.9519051037210424,-0.09235494034166804,2.2031794278303027,0.8323277953705871,2.9102414976043978,-0.048426492199239085,-0.31996834114222567,0.7553435836301129,0.1750195355776488,0.21640990151490241
2021-09-13,2.295243658386264,-1.0371718889932129,1.4699797882479324,-1.601091696998695,-2.2942156729796657,-0.23614367241886977,1.1546806927780928,-0.9723796245784777,0.052756604841373254,-0.32085651720586283
2021-09-14,-2.4233132117999423,1.4638282631546617,0.43548676317050344,1.0841102535379679,-0.23725063579412597,0.039689142829922475,-0.055434713328851484,0.8621423996537748,-0.30322541697725275,-0.8972743472778199
2021-09-15,5.252316047820447,-0.9586814202399807,3.31408411675043,3.025554382766604,0.6203962812541376,-0.49806228574984485,0.6435856397800511,-0.3546294087878131,0.009972708106101623,-0.9097047642642403
2021-09-16,-2.93332981448063,-4.456874774614042,-0.9680962591428812,0.32746959596502834,-0.7769017633600348,-1.1559923905500573,-1.0556346730265551,0.11389473641968602,-0.31396284350796966,-0.2631965363803244
2021-09-17,-3.3209159644531665,-1.1272301382425371,0.25563863616938753,-0.6783420058295523,-0.016608968093501972,0.38536613188376106,-0.957498061597891,-0.8085843044685481,0.7810917166016281,0.2603991703258534
2021-09-20,-6.520650174270663,0.4001132894191213,-0.7883227717661899,-1.138013058199467,-1.1911635988683342,0.14795874229530454,-0.035868498250235546,-1.2027717040928743,-0.6985669723621618,0.18825245173990354
2021-09-21,-0.20434783935081385,0.5791898394079829,-0.05252274481742276,-0.4730000837975612,-0.2781811220201279,0.28788422867101343,-0.9803951793567218,0.23208661093399988,0.046097956335450406,1.338271071204869
2021-09-22,5.094844120458467,-0.7218764984581041,1.8088870480625485,0.9263941076848885,0.7873061482696075,-0.2306498754313718,-0.30603688070273005,0.03663860706670361,0.047995275294966444,0.06610944140559774
2021-09-23,4.521275117111406,-3.271018934198576,0.6556462777455218,0.5031594584957303,-0.18540006407008466,-0.22481938376123756,0.8913824170942727,-0.8696694009886169,-0.10512708106062058,0.1352167482022579
2021-09-24,0.968358593566357,-0.992297448408951,0.5355181916243733,0.10753446093057784,0.7657006899381491,-0.2080330346392567,0.5067684070631644,0.42018619300725357,0.742870527730012,0.3309748758754303
2021-09-27,3.2006447537144855,-0.9669735215656365,3.268424558866539,-0.16995862197666137,-0.13990360171327118,-0.8836362223708935,2.3700770565037335,-1.0684653203350316,0.8105923945072053,0.02928207406283613
2021-09-28,-4.25106497705919,-0.5104318721890739,1.8557899970077765,-1.6894797863140942,0.9118144729420885,1.5091018652268184,1.3824135793576136,-1.31193439291837,1.5820082207499635,-0.2741242906091228
2021-09-29,-1.1588222444461953,-2.6387088338103295,-0.06735216305243441,0.9796214978889962,-0.30772786147240466,0.6317525695975023,-1.458036232995993,-0.38975222837724915,0.10211260049706246,-1.0442605042624378
2021-09-30,-2.608158064103374,2.703148324303905,1.0645807377274152,-0.943346926821876,-0.5642433228657945,-2.070670988066168,0.5524326558181819,1.1500697267317384,1.097038709028235,-0.5753903555117643
2021-10-01,4.852660317480799,-0.7797231096844427,0.2446961897249126,0.7447485773848592,-0.126734152674506,-0.3264309131433153,-0.7090355598604553,-1.6078177372072902,-1.8475706610303588,0.8468886299959683
2021-10-04,-0.531155628355084,0.8292869859625795,2.9986493526999394,-1.2170322671729887,0.3513036631663394,-0.31138075543375926,0.6963127715731897,-0.7293137674829423,-0.06713293101016882,-0.06808067822164443
2021-10-05,1.9787642966460837,-1.3787469300866784,-0.11422393140212689,-0.13152343347389767,-0.5757245984733858,-0.22335556762006384,1.5136391224358066,1.604883609259802,0.86168789871017,0.3514177375064292
2021-10-06,-1.2674594733352904,0.5111287696482995,-1.9030618227802378,-0.2948762843134382,-0.959511452997182,2.592336555423754,-2.033880813723224,-0.44237421417681483,0.4510334758579874,-0.10595707511205155
2021-10-07,3.536108378249414,0.11373078400776308,0.2728834642688998,0.07411574899591154,2.143894394559362,-1.716701240639596,-0.5309991969602581,0.9443445640123569,0.41491385143845605,-0.5977529049400335
2021-10-08,1.3008041383895632,-0.6124729038212265,1.9419914030360819,-1.4082534867354672,0.23147123483615137,0.022180348588394353,-0.21176738629997133,-1.0728001043251794,-0.05964888994023108,0.33748561790558257
2021-10-11,-0.9428295255978483,0.3929979502514126,1.151700344329451,-0.37508529190961215,2.1551464946395096,0.17338911651472888,-0.9078950030059486,0.45287524466771384,0.19734405090294627,-0.4573044205843311
2021-10-12,-0.11145173889270146,0.7195794092455041,-0.7145890352202297,-1.768994396914212,-0.2087431851928537,-0.13276258290472676,0.5303658123236105,0.2543021567549459,0.30528765765788923,-1.3521195063846798
2021-10-13,1.4755853631185398,3.719922173718735,-0.6794506325687992,-1.4089540130688625,1.0516105414967192,-0.3415992855299996,0.34573585510526383,1.2895708482210206,-0.48173914297057485,0.9659384893753085
2021-10-14,4.699003478644679,0.9936463502411709,-0.8413351128024689,0.8742450967519694,-0.3524166088070129,-0.20462283614901106,0.11145976437243833,0.6439462404904818,-0.45077228156029175,-0.11262764081274648
2021-10-15,1.7358051063738562,-1.1645758915771351,0.10119667477114104,1.7707446191629397,2.0601484044884275,0.22698606200610505,-1.0557613572866251,0.30474335790096685,-0.11569337765099076,-0.2449033889430134
2021-10-18,0.6210786503038029,-0.7107567628024671,0.404232429136536,0.5990300298390279,0.6444372083982303,0.4752023569317294,-1.6526410408723953,-0.5527220183572695,-0.34610674370205674,-0.09675696284961813
2021-10-19,1.493873342001495,0.3855145930339495,0.26324918055556484,-0.29815430234893087,-1.0399730536012177,-0.06271133062349837,0.12344272363996107,0.2837581729034373,0.7135466889173795,1.0824404198019593
2021-10-20,1.7631683121587711,0.9184208342053883,1.0129811147265155,1.2872389806412623,-0.8067128504619482,-0.2949102460581054,0.2018494445202583,-0.27601834521499635,-0.10289112915929817,0.9942630807767814
2021-10-21,-1.3637201851291783,-1.0245362115523433,-2.395314521314231,-0.948950512917552,-1.2831645242500451,2.232994069729534,0.04067811268830866,0.0682706606891925,1.0852490937855708,-0.1753044470932773
2021-10-22,0.6469553261508441,0.49893037475134466,1.7562646034828777,-0.007638073920705459,-1.1892499170699764,-1.9720039301383412,0.04841634552631166,-0.41692907043606725,0.007289265533601847,-0.26800653518041345
2021-10-25,2.7693443254835937,0.4269063297172071,1.0024448616999793,0.20206357056828272,-0.44170916807034716,-0.7625142661092688,2.247511031837785,0.5192051425628496,0.6740347348410461,-0.45524694450090053
2021-10-26,-0.2599162887213353,-1.4798745160134434,0.6791085338324175,-0.14691677694970487,-0.8870933745335511,0.13815916174361084,-0.02321599149737137,-0.3926440549107395,-0.32890709456029754,-0.6554693267517683
2021-10-27,-4.627876869328073,1.1219633235674045,-0.847351528497812,1.7488569254227013,-2.139456259298403,1.4819503366893585,1.5812313087364949,0.7284819319723582,-0.5988112508539927,-0.13664296294029554
2021-10-28,2.5147377301630853,-1.216499816379375,-1.0894359818563748,0.9992850509320856,1.3387243413971832,-1.5775713019764708,-1.5904263620738792,-0.6649566607256843,-1.2364843232087872,0.777746590372881
2021-10-29,-0.8827933479898732,-2.410495973041441,-0.004471990666117054,0.515990503267473,-0.6115433123543423,0.5854797976507097,-1.7524433404490212,0.250998029734202,0.15545569668831624,-0.1315354155446802
2021-11-01,3.080980775886789,0.18700111187977136,0.9107968513414639,1.1030744061480753,0.3819174487340346,-0.052104697922164406,-0.8207890638363138,-1.6415252723701934,-0.28145569862889225,-0.04429571831072928
2021-11-02,-0.270912015755926,-1.0323863746174364,-1.0993243651092406,0.031994267693359314,-0.6821196892178207,-0.1464591324074109,1.3018696762567044,1.0687374820633095,0.011129281667430305,-0.6268814796519379
2021-11-03,0.5782913524118349,-0.4056100117897715,-3.2151271786001314,-0.72482636731127,-0.09370382379134479,0.04603563271951883,0.8265443874178001,-0.4659524684638841,0.41449449905293007,-0.8519261221613424
2021-11-04,-0.059882674789196295,0.2471089124764394,-0.5982223023208251,-1.5234088897013287,-1.0629396853569244,-0.2558386869375221,0.05128471090568954,-0.11168741498911769,0.38448495298744023,1.248907701468135
2021-11-05,2.3616955908534467,1.3057417553358728,-0.01990551963864311,-1.9066140125370405,-1.2982823060984185,0.12757896268776447,-0.8354972038506128,-0.9927758336502317,-1.2272844037515662,0.15044609767485603
2021-11-08,1.9766620892072715,0.6983854071029961,0.7799925179908721,-0.7932630667778888,1.6681080110641815,-0.15023794949994537,-0.10424529576451626,-0.6548928748294834,0.3270375135210262,0.3501961410347101
2021-11-09,-0.5108175191556349,0.6978421808618723,1.0400094428368927,0.8820441046285593,-1.0490392604556806,0.510435391888382,-1.8664301204064864,-0.6451529400155712,-1.5291487493776803,-0.6600233539828696
2021-11-10,-3.8069255786299605,1.367539277353942,-0.458121649721976,2.261293183277965,-0.4952641597826076,0.2611069283348506,-1.2176638316631996,-0.2643768523573772,4.382467918246912,0.6150469778808051
2021-11-11,2.2638305770896756,1.8451405057557329,0.7785885466133543,0.44153956416928375,1.375914202790291,-0.4504668757382518,0.9036892517156866,0.9437192096022445,1.2344803150548225,-0.8058474259352353
2021-11-12,0.8359243079274696,0.24908736262784997,-0.793004240485726,1.6718541436284995,0.2460319850490939,0.4596061800002515,-1.6424526322809263,0.10835999430238782,-0.05069175565308972,0.5065790781097775
2021-11-15,-0.03076775580081183,-1.044963091072178,0.8146032948915121,0.7139035141978105,-1.2503982059067744,-0.21833884887164268,0.8311259584593765,-0.38486403603865554,0.9920803629614565,0.2302874401355673
2021-11-16,-0.6596854266685079,-1.9550971190252282,-0.3224206807440467,-1.020952205186721,-0.8473273369498514,0.05394877801079781,0.34589082873171506,0.9819934302303867,0.6284492292457432,0.2544207019862337
2021-11-17,-2.8046525964647895,1.4933902355928832,-0.9855315213048215,1.723703069938349,-0.9843503634817589,0.3812646900694015,-1.343133698855518,-0.9392508244047338,-0.23358406634243795,0.1424004634997736
2021-11-18,-0.899995268141898,-0.6337304977221616,-0.1997970493463239,-0.2959669435699337,0.21737101420683555,-0.029442925866948737,0.33410716076930874,1.2763976591775557,-1.0497653567231053,0.2745214765929914
2021-11-19,-3.589375643931763,0.5306438216870517,-2.8837834111840843,1.3006623664265287,1.3495113014645699,-0.23114595815430747,0.6398894465073796,1.8435826879781196,0.22032083761149046,-0.19358007843587385
2021-11-22,0.6396108984193648,-2.884357383759065,1.8688072556054178,1.2866158478671197,1.9451338132657414,0.23275263720804157,-1.0278694200331333,-1.4331588204359416,0.9189925383887165,-1.090084753042457
2021-11-23,1.965101975439947,-2.7034118842734087,3.0006977652495905,-0.23257696694139818,0.23096700684576674,-0.18330451368796682,0.8426159060530344,-0.5176305678650586,-0.08055614700747647,-0.9037888396125995
2021-11-24,0.3042737847049044,-0.3355987204690413,0.19549319760594636,-1.006769036836558,0.1598718327803459,-0.12291016533135773,0.32902909208613684,0.5679665641602909,0.10952230785530691,0.10681584479519653
2021-11-26,-10.938564168186868,2.92876943221899,-2.378976006809023,0.26094985537245413,-1.2735791623877504,-1.0245235639170052,3.6042249949662253,-3.1532871638927644,-0.7608322719063872,-1.7697117346433717
2021-11-29,2.4193863954019283,-1.0990879515287255,-0.6636027822280328,-1.1394807288868058,1.6272395556991315,1.0358506334481052,-2.906458388436735,1.4251061707067203,-0.1359753570961813,-0.20178228501649423
2021-11-30,-6.485262333050167,1.2282694838960793,-0.7649442815183916,-2.660202964299947,1.0345503975502282,0.2636439972175873,-0.17024001849596407,-1.4981457064131063,-1.414767818303858,-0.6773197303850934
2021-12-01,-5.034627867434443,-0.7788075825093468,1.1921023934125439,0.9405199610783596,0.30843938126877113,0.2319200932830988,-1.06263631503703,-0.9720628745057793,-0.4331116084902671,0.43228886393325466
2021-12-02,5.852500440890599,-2.291015844274997,-0.8228671018082473,1.884543079147863,0.34489995735380613,0.007992194076050145,-0.9157162405845768,-1.535113494650469,-0.8321507867765009,0.04407601809385959
2021-12-03,-2.6447236536322056,2.0364534470745213,1.237406882961232,0.5111018716302043,-1.1126305437734052,-0.21765258908589594,0.5785069297300692,-0.22121002552117097,-0.932943144785771,-0.2905861774304696
2021-12-06,4.934470803891653,-1.2520392830984122,-0.31831670155035624,-0.38448423061388676,0.8539177204594337,1.0381798997539502,-3.1762960858198106,-0.2754278668238037,0.3625786340006857,0.10593787001441396
2021-12-07,5.689019826811904,-0.5404678588248842,-0.05365402934468744,-0.3898078552593709,-0.2401807737598138,0.26053392196999475,-0.5626971011693283,2.008347027010712,0.605149670296639,-0.3051336016689612
2021-12-08,1.1736929862052576,0.21022254716552805,-0.5269070295535192,0.18475836944892607,0.27168231852967684,-0.124542067967807,0.72738374800082,0.41039165905815733,-0.4955483095580529,0.4070232414238301
2021-12-09,-3.093290322163665,-1.1273913909961282,0.22564825784481035,-0.15632965975383475,0.1947869877225159,0.020149671181963917,0.39385389995865094,-0.708291385855051,0.2589155066279427,-0.5881777429140018
2021-12-10,1.301929854500111,-0.617691518638552,0.15704055843018178,0.223678961441758,-1.692996146336187,0.05154245860059985,0.23243846113817324,0.873312412667952,-0.24763502955678013,0.6086645356265242
2021-12-13,-4.475793904621867,1.859235459363479,-0.6400829513015358,-0.5710829308102987,0.3403977153166351,0.21724588860811883,-0.8929481362579208,0.8933036634191137,-0.03199177200947041,-0.8426574604137984
2021-12-14,-2.2433044370494883,-1.360624435701158,0.5017107078753463,0.954906762594286,0.3875780088305998,0.05613544963109502,0.01646018533910999,-0.6636822659632517,0.22096653605362357,-0.32805239046247464
2021-12-15,1.2987400529165414,-2.3232464066736758,-2.3407735912757874,-0.49713660158431644,-0.6997793446513445,0.359903428892632,0.15008221826231494,1.5199339719089793,-0.5133869041423997,0.5475294320466246
2021-12-16,-0.17266538344523372,5.521635879618995,2.532514018502503,0.3799422205423787,-0.07057792234172647,-0.25448634413093746,-0.3083810608782984,-0.5958781422457323,0.24367122785970916,-0.15518463275821437
2021-12-17,-2.633165180605119,0.7512410636067611,-0.7132019890213163,0.8380007737106244,0.10907118529222805,0.12992087580530445,-0.5224373766540978,-0.4063756945701748,0.7902925258762716,-0.1522494920977069
2021-12-20,-3.490654675142458,0.11948744946954243,0.14507172558919737,0.4264548216852448,0.6939819519419593,-0.3442046802010765,1.2708806379086848,-0.49510724403027645,0.5155454091453212,-0.2729921381385694
2021-12-21,6.774199158952939,-1.3894450599717891,0.5224183783067229,1.3768051419822898,0.22815825424386846,-0.0844131717503654,-0.21448542504847481,-0.045612272726081454,0.18572513273960123,0.5017888936155838
2021-12-22,2.980397733627996,1.133876600075618,0.22858771194199926,1.3113630745520366,-0.22657544912119162,-0.24222630921120422,0.3597457107401723,1.082650651025229,-1.082583866761185,0.11394052026281938
2021-12-23,2.1045316443798896,0.28255847456352867,-0.5470004358351357,0.32630431440645974,0.056414640449580444,0.5208943996476503,-1.6173761742470976,-0.15446499864823415,0.19532079760575285,0.2544361485075338
2021-12-27,4.164579855618118,-0.6147262995208478,1.3263113961365531,0.6679969020618874,-0.16925721996420404,-0.5315949169683408,1.6226660562730195,1.022707307513754,-0.19036001275814174,0.06667059589586562
2021-12-28,-0.4522414944248323,-0.46549341259531984,-0.5949073641836091,-1.4306684272780372,0.03913051873257339,-2.2345395688628362,-0.6904097455381457,0.2307099164159319,0.09252044440955237,0.09494695244583727
2021-12-29,-0.10542073180550608,-0.5145481951413085,-0.19792972886215857,0.2647727161813685,-0.05357724158849656,0.2880828736245249,-0.29514316507112637,0.30565272601430876,0.4105041760519056,-0.06373603246416348
2021-12-30,-1.244431235090078,1.3787084877539315,-0.722199758705245,-1.7313020199541107,0.14085122966039212,3.2038277214974045,-1.9633011424918674,-0.5960467538528404,-0.46907444866970166,-0.10484837802695758
2021-12-31,0.20143307290277548,1.270547108988141,-0.31102774658543886,-0.4125886487668559,0.7435234157244343,-0.5902687682006394,1.472552236093971,-0.5491411127798228,0.06401761190380967,0.5687012051019064
2022-01-03,2.359100895149139,-4.020418867405894,1.7399652599000783,-0.7541851205438087,0.5045434365333495,0.08111554517629933,0.34112967381178466,-0.4661348574441029,1.410484430591714,0.11800004382425922
2022-01-04,3.4243264304345247,-0.7257138959768976,3.0453156987565126,1.760877213615605,0.21412781330212244,-0.2963921973135884,-0.3068121016125878,-2.4562555092355733,0.3174736509772518,1.0516515244062936
2022-01-05,-3.8891653264499317,0.32101523574109364,2.4284687218718646,-0.9358066271500005,0.9517254576376051,-0.4456620368069154,1.3759467833518126,-0.46973459830882314,0.5352825152771845,0.4330175756382893
2022-01-06,-0.016499512965995257,-4.410183727581453,1.2593705278070368,-0.9228138831357429,-0.4359062838553286,0.3420484409098044,-0.19119203317802216,-0.6583396861164641,-0.9287691237179261,-0.3065413752394927
2022-01-07,0.8630267658943184,1.326327678512604,1.0947387859677131,1.2777858146935932,1.2236260238917913,1.2123860379142568,1.5741344819180763,-1.0960802099272067,0.016289757401222335,0.2417413361329917
2022-01-10,-1.644893884980937,0.7320191509820613,-0.20098216846893147,-1.3011032689994178,-0.6635620906348999,-1.7603360071141154,0.09484465949811094,0.681238761677811,1.2746902338443424,-1.1531689421164983
2022-01-11,5.173242397537432,0.7422510649492366,2.655329473583432,-0.751539719399285,-0.43792731208319724,-0.4871312357056075,0.7378423184264172,0.024181955497403585,-0.9623412994048317,0.14486623903990767
2022-01-12,1.8160282955964326,2.281658896887917,0.8098649100135742,-0.1165648197971844,1.4910534023613535,-0.9283793295472823,3.0235969765130375,1.9524216085615136,-0.5187025131666742,-0.03908355334279113
2022-01-13,-2.8384977727006184,-0.5003912674054606,-0.10275845477156584,-1.9473700658534538,0.7248051056381729,0.6476439601000686,-2.0168947584260346,-2.614677918244198,-1.1279133190316286,0.37025713618082445
2022-01-14,0.628129291578121,-2.1905638161254304,2.1236680268119805,-0.6650858755984489,-1.193465494699203,0.37076358518469993,-0.514314848844482,0.10397425733485532,1.0880063231768597,-0.44265827960028453
2022-01-18,-3.1352317527565283,0.05206038556042484,3.9490517826649523,0.6102745580176515,0.9429974230779955,-0.2250622439541666,-0.1984889157834217,-0.6706781447935946,2.3164113394935897,0.3305170568750403
2022-01-19,-0.551982797174216,5.742582519013033,2.4627102230943447,1.664911828358423,-0.16337747735939384,1.8729982987488636,-1.2048382895675342,-0.46043792963895946,0.4783525278668417,-0.6335712812588813
2022-01-20,-3.1043750713373197,0.2622284862232314,1.2174282243766459,0.9353840189048859,1.2079449372432685,0.08723879827584642,-1.1193175869544258,-0.33890728073251475,-0.25506265327270505,1.9242778048397469
2022-01-21,-5.973103071205999,-0.4443363796113776,0.7110904168527772,-0.27658451062912376,-0.4724592982358205,-2.045959130300899,1.0486422458238518,-0.19335464549274264,-0.971113582337454,-0.5690809991873401
2022-01-24,0.4871724432809366,-1.7237978690502112,-0.7302974651553035,0.518535259945469,-1.9397558346540715,-0.08081841254427037,0.14727569491775447,-1.2461761312436983,0.3860014312279943,-0.4570945799522715
2022-01-25,0.7785051557704303,-0.21996011679197755,5.274778131833191,-0.9835248859527916,0.3082237962963145,-0.3749034531387204,0.28012937357346135,-1.939476428146947,0.5917772261377413,0.26836985408625585
2022-01-26,-1.6634596279348166,-2.3716381800835675,1.6046535292725275,0.9618657089983464,1.332375740193352,1.5379886634020983,1.4186382764491756,1.540385776807956,0.6554945758887859,1.3331846772919531
2022-01-27,-2.383635855877657,-3.672216868636935,1.2920697677284714,-0.41265475648858324,-1.9601131886734846,-2.0316765299210777,8.095196068438463,2.6016222235502746,1.5323383040424081,-1.6427307807243317
2022-01-28,1.5898728999993892,-2.0022000719470494,-2.851760467478384,1.9140007221692097,-1.5750593697257262,0.5855394749385845,-7.396517670937093,-0.6764482514175141,-2.050028733764129,0.051821342874109874
2022-01-31,4.650599052109298,1.200809490537269,-2.5036288054937965,-0.6665623652735321,-0.6884752366986282,-0.0979063246988768,1.039719410438402,1.1049482404398439,-1.0612752501657832,0.3018501343573176
2022-02-01,5.5966481468180085,-0.19822214741981356,0.8705570197162473,1.2631298307915513,0.9799024495268622,-0.3995110699869915,-0.0027808520600791694,-2.1179872591233515,-0.2976659291294253,0.19468579545777598
2022-02-02,0.8347605386506962,0.5578552612199318,-0.18356038326198726,-0.7173500656253419,-0.5477987473776685,-0.8766110310711689,3.2997438805051824,1.3965122943253,-0.571401156473268,0.695855018033182
2022-02-03,-4.543752774670033,-0.2275797941633143,3.010140633931443,-0.929489327800443,1.693679770643649,0.7558866560847222,-1.985925475205509,-1.6305144194605794,-0.8201068026866597,0.0940090011046013
2022-02-04,1.265989669509264,-0.6881880729868202,1.6811835483457098,0.4516427511191083,0.418814087852343,0.4779815405712804,-1.9201508184241405,0.38777825222205337,0.5496107864940035,0.6704758670970927
2022-02-07,1.0671911083243777,2.3910388041235535,0.5829914572883051,1.2009660328812006,-0.489685358576022,0.25643446435279393,-1.491525734857901,-2.18110540759528,0.28147773117693925,-0.3452584366563027
2022-02-08,1.4349453427939631,0.9040347055108241,-3.84557524005195,0.9137447644046426,0.8364362927807149,0.03194430528842549,-0.05741293122234831,0.45231893118950783,1.1516179034326774,-0.48783646079939175
2022-02-09,4.541204606532361,0.23649932597291098,-0.977313274894738,2.070485212342389,1.4854800461992994,0.07683153644230566,-1.0972488418997384,-0.05346304835465524,-1.2008075073333049,0.33447904859477334
2022-02-10,-3.41351853091246,-0.895668322144376,1.914306819439479,-1.2523881671075743,2.714077557305335,-0.19544130282851654,0.25540513563789635,-0.900609583062042,0.7519888987349969,1.552008359298817
2022-02-11,-1.5691421820368825,1.8952487008615109,6.006120264846983,-0.6872514764287733,-2.7419687493814244,0.19298695817458972,-0.6604471475684927,-1.5335228290325174,1.217789843778576,-3.05697701683221
2022-02-14,-1.5739714092031665,1.7560065723109524,-0.3222233715592516,0.24593928844092747,-0.6460091389760195,-0.1729499221217597,0.4707786820285431,2.04021380732826,1.4371492032736324,0.9384837124611628
2022-02-15,2.5921418774900773,-1.6022489646782256,-5.274797308226254,-0.7594696518889593,1.1333217017853063,-0.11953902525689356,1.1984630259264897,-0.023672366301465023,-0.5572500519725301,0.24815490498480677
2022-02-16,1.5927388174936408,1.6707707886045209,0.8895684827074768,1.177275105190569,-0.91801923592501,-0.5002828233405466,1.7085803952751104,0.8284773081797766,0.25976828105401395,0.027875720030408023
2022-02-17,-4.029860187645824,3.2799188896544926,2.9194543386361334,-0.23765629016619208,-0.7782129165539998,0.05837339855445637,-0.8533947670007566,-2.274647496909701,0.684231852058728,-0.8994154656638569
2022-02-18,-1.9072878183608426,-0.008187758613600936,0.49775929994366913,0.5123988613860818,0.1486995557072003,0.062417017592180185,-0.2869764334765781,0.12898957320877794,-0.1267258187004208,-0.021515313919684358
2022-02-22,-2.886439789047507,0.5878278527471956,2.4586086422221802,3.540461435911126,-0.28814380198750533,-0.1417692404265429,-0.2219442470500729,1.0089111922717828,0.14574031789978975,0.4707723201796314
2022-02-23,-2.3663452515543177,1.5250739658003343,3.9463178904513696,1.4413104409142348,-0.4253956839205733,-0.33912972417729925,0.5536523035328103,-1.1156746890338167,1.4393031784463797,-0.7219370261117529
2022-02-24,2.0377752318482725,-2.1839627197063307,-1.031759621210494,2.196448152369816,-1.1631841816781183,0.16861160771952766,-1.3691089820785045,1.5549462706492547,0.743701343954193,0.6765419310780837
2022-02-25,5.288515173953507,-1.4825808908732423,-4.1855599371206536,-5.938987051680912,1.670062993430789,0.3094747838879669,0.5402749489260326,-0.5629990840418562,-1.0874527086645998,-1.7364373329546918
2022-02-28,1.6331240876937811,-0.8571024611046316,5.230834669315549,4.629007632871413,-2.6132147492457483,-0.34633766963762,-0.7555800717644887,-1.2130985857592884,-1.8255127142238745,0.13531596338594007
2022-03-01,0.11715510265250068,4.344850317298711,7.96252896352688,3.58617001336945,-1.3408346843882848,-0.6778752970708397,-0.37570837572683147,0.7657203157123575,0.5711610882766581,-0.575757725324715
2022-03-02,6.022908173893124,-2.3882739378471705,0.9004166991521291,0.6170781631316585,0.10863850148866865,0.03709285887936104,-0.1934206881453915,1.6813274134655358,0.9615242850948446,-0.2690737752776845
2022-03-03,-0.2583062237111519,1.6779990599835575,2.4526193824964424,5.7556145131801255,0.35746743674962855,-0.8156338974163961,-0.6190816482818042,-1.0928228803931104,1.2497018101584896,-1.9990780264777968
2022-03-04,2.030487690356112,2.1956681813811874,6.88610102643674,-0.8650426515175323,-1.0944114019898652,-0.49090249151516363,0.0865886783938326,0.9825634043676309,0.7421614023293154,-1.1100697351047881
2022-03-07,-6.174257132826221,1.6134055613293807,6.905965871517612,-1.1366128194710228,-3.1949764766158895,0.501169823443301,-1.9359092581947388,-0.10242934327854586,2.324153978836887,-1.265858379075381
2022-03-08,1.4284990699041549,0.655886018604802,1.181903653654094,-2.6924221376402238,0.7774020099617863,0.44196302840399687,-1.1957133837422018,-0.7667976786124223,0.21940148640115692,3.693800212348758
2022-03-09,1.9016352580630274,-2.193125827083931,-9.399143374524973,-0.8269565445523004,1.5687719183518127,0.22240115402739527,2.0670374761482275,-2.875561264316415,-0.11004240250464886,-1.5214653194821708
2022-03-10,1.746434563386952,0.47320400454604405,0.9450296591943883,-2.2885655714388715,1.2612857555162102,-2.5912540097052763,0.20806363610431367,-0.9452912870053073,1.9655304399877715,0.3571076058874444
2022-03-11,-2.8705770688563605,-0.8844059764854569,2.047700127234113,0.49379544298989175,-0.0382416338287392,2.4165761753013797,0.6101374624451965,0.8608799721574496,0.5852618841559522,-0.24192077853760421
2022-03-14,-5.621130651932117,-3.1349199357662663,-3.139847540182887,-0.6895026465029997,0.4792140810650982,-2.1132097996839163,-0.26889612260640183,-1.206750998150523,0.8852546087610578,0.9787808806719831
2022-03-15,0.8388285831172904,-0.36015062580013923,-6.119240246497202,4.162932538406469,-0.5790537007234473,0.2612012418088765,-0.5234318029480851,-0.4678230803913249,0.8269102471590166,-0.92533736704745
2022-03-16,4.22081295660787,-0.9215361966204431,-5.524659388301586,-2.238332308975359,1.68805709988428,2.3134455346267244,2.235362801931689,1.0039261498901955,-1.5342334010174283,0.6973062242637289
2022-03-17,6.305609159164129,1.1089064604028753,4.162885388512122,1.1217654658244982,-0.7522908093274737,-0.3839668598280601,0.16054556274334278,1.423403540951847,-0.5792514167831676,1.1155999212421408
2022-03-18,1.1616560888672458,-1.0630437245385636,-1.7732446220477402,-1.0335073934474759,0.3797738822960692,0.42957426919799463,-0.7429080870879669,1.6339500816307155,-1.0782841678463242,-0.454201488498102
2022-03-21,3.4281547057865804,-0.10941662919820502,5.439831811302702,1.0455000617232775,-0.5309700982145225,0.16417126266149085,-0.9433276649571498,0.37832690337777386,2.2127819713518613,-0.7611093533536047
2022-03-22,0.8518403547014091,-1.356720888630486,-2.033451744287052,0.6159017494675585,-0.5138820648049465,-0.1519111894443272,1.037723632488926,1.011596404046327,0.2522479767864866,0.4149997433704441
2022-03-23,-0.446399522569191,2.064000697905207,3.8365225317731917,-0.603694204091097,0.36318524025815013,-0.0656043103986757,-0.11155358633818127,0.5688645059191242,-0.05426556716848699,-0.5243484588096288
2022-03-24,2.471647156328496,0.3854281255603498,-2.9890411573591305,-0.8570926762535347,-0.029087033120100973,-0.26156744600175963,0.6535102872195455,0.6334842292036973,0.7832118324112229,0.9801260678827285
2022-03-25,2.183798395838573,-1.5865437135749458,1.3267304710841812,0.42588856721543356,-0.7852738831090005,-0.03400065807672224,0.44775118990099044,-0.5686657333693771,1.3058594588482362,-0.09911203593631468
2022-03-28,-2.2183623018228733,-1.391370859800516,-5.091415732625547,-1.0223292189499338,0.8794363210669811,0.11838734931378644,0.313553776145765,-0.049678161488940865,0.2262733964596884,0.21135880547319683
2022-03-29,1.9102331708174158,-0.4734053174858049,-3.641415047488682,-2.2608282605581245,-0.23200576726486388,0.3707922207854491,-0.032803349459310134,-0.6287899993557067,-2.057315608946169,-0.653392773442122
2022-03-30,0.09246302906794154,1.799787807820021,2.96741718987604,0.6214173403114527,-0.09964336992286557,-2.863903985547557,0.3964277100045085,0.2685206846077345,-0.8477739424216533,-0.20171163993113783
2022-03-31,-4.0841595560342006,0.6768299012031873,-0.9322913731517964,-0.8566997163523091,1.0064082499957983,-0.3752430984701073,0.6911192611548826,-1.478025267956582,1.3415886029496724,-0.048386576215598866
2022-04-01,0.8954901016051252,0.2542831255526482,-0.06263381111873749,-2.5519492561523136,0.5121537887695734,2.617632265642591,1.105964698174711,-0.481149018555083,1.775959890637388,-2.831884087619838
2022-04-04,1.0799561700066664,-0.6450666733162953,0.8477847318476995,2.1042691743216544,-0.22324848466831446,0.07206734948814275,-0.9225369212869271,2.0536776121560356,0.031520319065578006,1.1015560422947774
2022-04-05,-4.705390722528034,-0.8991257343070878,1.7765662243646563,2.31553450759723,0.25729281750505617,-0.48902335058725266,1.005773243088495,-0.15149778682001208,2.043243847356123,1.2621529514958214
2022-04-06,-3.426130754417549,-0.148166154656249,0.5735005373155421,-0.9300559399163265,-0.02812518159045277,-0.21122173581801776,0.6655988995890506,-2.134042253191915,1.421319319484683,-0.2549273775672634
2022-04-07,1.4944798032592308,0.5709646821203056,0.9935301853518349,-0.3405815365080919,-0.6289885775118128,-0.24257990278393732,1.0581874665468292,0.01865946226396024,1.2473373233405807,-0.028204922033727355
2022-04-08,1.7087188601007437,0.7236929798452386,3.807264083737222,1.249775429393984,-0.11590167574456653,-0.020249977872463028,-0.4730693417141721,-0.950153801990404,0.8198056306777087,-0.5266405297252937
2022-04-11,-4.692052107422423,0.4867489776314565,-1.713110903903756,0.4287591508039209,-0.162881495138258,-0.4815279434668886,1.5262128071775534,-1.2725653811608473,1.7398489472378258,0.19758368780281318
2022-04-12,2.048209885309682,0.9213309411833522,3.5987449419797826,0.30580764156306844,-0.7423066310356718,-2.5153077693066574,-1.437471196890682,0.9483251978667232,-0.17667289646180906,0.5635033912761892
2022-04-13,5.292187323076009,1.0206413978586923,-0.0593044219729906,0.4190821833481526,-0.4269096666501687,-0.21365379500897883,0.7233568439283953,0.7432772053908128,-0.8629117120412461,-0.8611267398387994
2022-04-14,-0.9639934076244931,-0.8002595559985988,2.074615821613264,-0.2521143156687548,0.831963973313245,-0.12460449978685331,0.6785362828756516,0.03595220543851782,1.6256410087623265,-0.15400143112796694
2022-04-18,1.2031967342972627,0.6803732969235619,2.3667482823668915,2.1777229185543474,0.6031093207713477,1.7599246276115301,1.773843223755468,0.7245018074377252,1.305294700970756,0.36541905397756536
2022-04-19,0.8943082673439365,-3.3999097846925355,-5.079473829582108,0.20222240112522075,-0.10011927713710786,-1.7393937343242607,-1.9562369305971203,-1.4526876613128337,-0.24059182279772845,0.01942443299835414
2022-04-20,0.5324399710459626,0.4481751675149302,0.277280640492656,0.845644567695047,-0.4785470006477122,2.546011857544491,0.5035943374654726,-1.413691061840515,-1.434947732227977,-0.3280473178377181
2022-04-21,-6.178305277408883,-3.134165872859685,-0.37599930297432266,-0.1846606891119974,0.85866174092039,0.009977927959909904,0.19575225215142902,0.5078850841817412,-0.8388536691651156,3.0341257794282757
2022-04-22,-8.670716772192256,-1.4595849497614473,1.0175705971245637,-0.9796920272818149,-0.0966450461825118,0.4257233927404437,-1.200213083704488,-1.0039501160349487,0.4620183430672641,0.36632985979440685
2022-04-25,-2.5126270102529893,-2.7458195096662794,-3.8005442392825612,1.1484574513151302,-0.8065327042534922,-2.143889481665103,-0.29461113765823793,0.9773737798100138,0.001018720907569079,-1.3434690639386972
2022-04-26,-6.077381476883437,-0.287710788078392,4.827971579638206,-0.09071861379562532,-0.06871365205266822,-0.31722009709922583,0.431875553778809,-0.16376420276591672,0.3798681249354855,0.1770883848022009
2022-04-27,2.512619160987926,-0.9571318121972268,1.0616644668339015,1.0121973568177813,1.6719348129239828,1.9872873991800344,1.9943801308854523,0.15422125294037606,1.344422788009771,-1.2831002689125677
2022-04-28,5.360678558993486,-1.5622042902801936,-0.8078651653317849,-1.147328614780743,-1.73344461758812,0.6154108688908685,-1.932679862803098,0.31168825289175006,0.637544433416863,-0.5122569865611847
2022-04-29,-6.878380909776424,1.6843760235556948,3.1222449250864934,-0.8282492305595296,1.5766617455917178,-0.34945424372449246,1.7247692374998407,-0.27791241188294696,-0.21217051744337165,0.39078162400401856
2022-05-02,0.48580928016633784,-3.7573456028971775,-0.5402329658263644,-1.1791127246141275,-1.4151203413498303,0.26125584017481257,0.26803880243276634,0.03009559712794875,1.7334318021968094,-1.3507371195867088
2022-05-03,2.6574665332497256,0.13782777308884817,-0.20809775428489885,-1.6470978841963855,-0.49409641320182185,-0.5859696469009574,1.8364547489569394,-1.0294092586349382,-0.11329867949684572,-0.3272084879055297
2022-05-04,8.179277899273158,-0.5053543023182572,0.30869116294947685,0.41688184983151394,-1.4941461801467193,-0.2911366243207009,0.8777553514937325,1.2292746766100018,-2.0313288949997,-0.7834276370730276
2022-05-05,-8.35870875861826,-1.0179871360701975,4.304123147671758,0.7456110635000804,0.6497744293379115,-2.7281785100091738,-0.1304622512918069,-0.42870648689049096,2.9962781721671674,0.7838106575371819
2022-05-06,-0.9250120864276932,-1.285911387444466,2.8829887866244617,-2.1600918131770137,-0.7900344658844792,0.5875618194511957,-1.8946864619485846,-1.315592267473567,-0.24877863094274894,0.7217510908262582
2022-05-09,-14.199663308203496,-0.609303726742381,-3.2109514996631994,0.6192211048078493,1.997541127766682,0.9845870980279783,-2.182322853362832,0.19749920026286974,-0.806226749940055,0.6362015695705902
2022-05-10,-0.31704885013510375,-1.8258057270011685,-0.6458271961692689,0.42449651005002104,-0.9647973391470036,-0.2986905720363845,1.4007381537065924,-0.5919631519980035,-0.18991058782622477,-0.7482045671107352
2022-05-11,-1.1906185128512625,0.7619402561838684,4.909109648642783,0.8890041063326702,0.0318255738245531,-0.4021487511836241,0.44605558138759677,0.5567128071426163,-0.7544840750817501,0.04596468562141779
2022-05-12,-1.8416263393431564,-4.377717614372216,0.08519112404725121,2.587546858295916,-2.4231911083508466,-0.011307480384134443,-0.1794691895633243,0.16638381092812296,-0.3835807165812214,-0.7593416026097839
2022-05-13,7.719437344556928,-0.8358903073896767,0.45817971583286105,-0.05868263071558839,0.5504565777805808,0.1915333558957374,-0.4763673768250876,0.5134203495814247,-0.49637397257925114,0.5474208331296844
2022-05-16,1.5838578268501216,0.734733995862651,3.323976996479175,-0.2165119179025452,-0.7257044173982823,-0.6165458922559329,0.5176168177141645,-0.4672752843505191,-0.43812381010103185,-0.6260486487200818
2022-05-17,6.314882020585673,0.4114891674295397,-2.6766580072957016,1.4136520430461061,1.2576885502332829,1.7641114513527583,2.267603112670814,-0.9893401393124703,-0.4149507793078304,0.3554802161971956
2022-05-18,-10.40029473157503,0.29690796752819054,2.3098509263555527,-2.328005081439563,1.4238695861179393,-0.15804109966541327,0.8502585510670008,-0.5142835060735672,0.2124805275788409,-0.10533176169330657
2022-05-19,1.2544243219393958,4.457045922094395,1.6155848225741325,-0.5277049944196806,0.9805657432059628,0.0044551250532397085,0.014633118785665528,0.5058327650728928,-1.1511022568090872,-0.2878537050855879
2022-05-20,-0.5753909953403898,-0.22448040632193303,0.5967234519360008,-0.9043538716826874,-0.3105070610306792,0.31871706489958834,-0.680476751488931,0.21059299669962717,-0.15553889441919355,-0.48515418588628245
2022-05-23,5.1605322183186,-0.1069799019229712,-0.1141451807217569,0.19555744478423367,0.2844892845470968,-0.8097741794173001,2.2426218990199924,-0.7861668960349575,-0.5966124977312888,0.17225321882339806
2022-05-24,-2.2842020639527165,1.9388230579285386,1.458181289844487,-2.043609559423975,-0.6507620367701867,-0.04800259780012975,0.33458225682457227,-0.07914890935947988,-0.37123396785086565,0.09883170870914935
2022-05-25,2.916350071716558,-2.094496651313563,-0.27525565591685824,-0.8732528447651542,-1.1185275566747126,-2.3785416723100394,-0.3588564232909869,-0.3628239866160063,-0.0799814803725859,-0.9094317786418137
2022-05-26,5.200663666546296,-1.2197769858546494,-1.190391546217959,0.724306968334319,-0.4597305732835286,0.21371038392614372,-0.2480474716843873,0.3199939504986217,-1.2085781721752888,0.648158960018596
2022-05-27,5.707796931394356,-0.7020535944047547,-1.2224263459146782,1.0888125291846837,-0.5432930747167813,0.09677701638433697,-0.6600021212374976,0.1936808007990089,-0.8162453614359613,0.25948241420322676
2022-05-31,-3.3430913230881383,-1.7269222636653019,-0.9684702567213942,-3.5252137150229403,1.1920867881114168,0.9029315804077462,-1.509297498665673,0.9496650035852358,-0.08624497329636859,0.9710561450631443
2022-06-01,-0.6440270377543114,-0.07916568078072325,0.941367324933343,-2.486248131229852,1.4509656757661027,-0.47799831667284265,1.5596838373397173,0.16118481916517402,2.3050605654456424,0.0934824826223419
2022-06-02,5.379487348916223,3.60345433118803,-1.8939854080816962,1.7081668934751222,1.3451724484373981,-0.12717763179682395,-0.5647461184174416,0.9713194988952168,-1.1818506639696675,0.35514567676960357
2022-06-03,-2.288200482087945,-2.485513889003937,2.5327877204202136,-1.9798575047337186,-0.0006516203221364914,0.15336285661061755,0.12823536889583642,-0.4986610784725668,0.449024379366731,-0.5255943478554131
2022-06-06,1.0646556306138828,-0.8254042270237936,0.189522024310558,2.365207424723085,-0.23173210694684915,-0.6098718121426351,1.5999186894725428,0.2869662129948263,1.5226933217276626,-0.41354407515496117
2022-06-07,3.677390708919387,-0.41447256584424913,0.8488466667760578,0.1800355794690983,-1.1450344438662787,-0.1289641316248721,0.1167252960870461,-0.9959198403435877,-0.8610507943418337,0.12624790771622088
2022-06-08,-2.9739965146341034,-0.20842536865152597,2.632905824986812,0.3551368034037152,0.4929845536123598,0.4144427779442347,-1.7825017845377276,0.7078136338261051,-0.051206988404328545,0.6561815655226739
2022-06-09,-6.589882202901017,-1.440308777137877,1.7834130552445973,1.306140622698502,0.42326043993378365,-0.11349902850696718,0.611036908924941,0.5876196778695845,0.7561475342325291,0.5027064212519158
2022-06-10,-6.007268605144008,2.779109469724976,2.7683003703393068,-1.421017361059893,-0.44642198178869275,0.3915395632106613,-0.9170345595085305,-0.33449028166782485,3.60888434688631,-1.1379937234221846
2022-06-13,-12.32306219507387,-3.0537113360188752,2.296970482223174,-0.36228978705221604,1.7369289543095863,0.6574800385673358,-0.9131647602054318,1.0859575096978311,2.1059778928131565,0.1619716950508878
2022-06-14,-0.8574501105854178,-2.586335861488243,-0.26586193436768824,-0.7236245882745035,1.24428011023747,1.2591894433883752,-3.634437107901339,-1.6146701500692864,0.1584923726437872,0.03650915648021385
2022-06-15,1.2656846618603885,1.3250393398071956,-3.4296248161592247,0.9831748337063427,-0.6623173411237308,-0.16040568638240363,0.6136065825221673,1.0349287991076117,-0.5441105244430268,0.31229735319575147
2022-06-16,-9.889540902274192,5.17668385165463,2.8041235301352003,1.6664128858707605,-1.0514262382651425,0.10332485871699307,0.053855880304941185,0.9510466327170779,-1.2750391785917068,0.6666521872816664
2022-06-17,-3.6776209007731797,-0.8712911952886847,-6.153964688025521,0.25430461557892825,-0.13604123455552408,0.9134994037882486,-1.5589996519762532,0.04012707337612152,1.0880427216517707,-0.2767067364161034
2022-06-21,5.7485940024825,-1.069609865112241,-0.5676191986207277,-3.944252162187335,-0.13116981644247577,0.10473607048212326,-0.17279665317330595,-0.43306913379435175,-0.43891103680014343,0.6284849646103221
2022-06-22,-5.357389483149078,-0.23057851372335053,-3.784566293054571,0.8551903652586478,-2.7984853319312664,0.27172522808513966,0.04323311116242934,0.45277896395466594,-1.0503335000917533,0.6112747134447494
2022-06-23,-3.67630215585875,-3.0625034137589457,-4.249679785069101,-2.7977245452561315,-2.6378424700249994,1.3013119059937626,-2.282986625718741,0.4730559010248265,-1.009748755163946,0.8465157614223106
2022-06-24,7.652578155177046,-0.04271995287471563,-2.58921710714336,0.381827022733129,-0.5523975923076171,0.19682856335815438,-0.391014143328641,0.5461919078653223,-0.24716033440906485,-0.125016937406227
2022-06-27,1.13114501272442,-0.6223557603901532,2.4774047313719683,-1.0715748549224686,0.7616342102123981,-0.3440622963634274,1.1834489376707873,0.05298548509166991,-0.13884623781534902,0.21545636653806596
2022-06-28,-1.5496526085497935,-1.8044657879814319,5.0776134217127575,1.0271720219009353,0.536480928948572,-0.29825940656031913,0.30159927241783996,-1.4577837434535341,0.35074471496050397,-0.33742082419325237
2022-06-29,-3.968731574936967,-0.08997582145751347,-2.093364067156024,1.6387116262534727,-0.36751208512910627,0.24044182987174978,-0.49606702157797017,1.5266083188515238,-0.06914318373541481,0.18187524358631948
2022-06-30,-4.444731880321806,-1.5842839222166847,-2.214319657029763,-2.0163869777152237,0.7423047772370157,1.23872677666843,-2.8608617182913503,-1.5474240718530745,-2.781899923815227,0.8411790041658909
2022-07-01,1.8753642147476455,-1.1292131315537794,-1.3733481156797858,-2.324239950009607,-2.9467098865591415,0.08637157975979878,0.933307719816886,-0.32263934315585974,0.5302452324956616,-1.8450533795593702
2022-07-05,-5.89359795325992,-3.786605982105958,-5.999098864359265,-1.9761840662222336,-1.3881696377294626,0.7293149342627565,-0.5772915208446349,-0.3727638917635055,1.181489476022862,-0.9018893669129858
2022-07-06,-1.2551200570500318,-1.2153125217391927,-1.2498956229245655,1.1586700126603209,0.3935728205825877,0.287437520822643,-0.41136801533725603,0.7894104327777814,1.6514096956800326,-0.028348364293285654
2022-07-07,6.691948165638306,-0.08910953630292681,2.2186167728344364,0.9703739630692146,1.3594739346292053,-1.1263626405505422,2.3564346263162803,1.621452455610072,0.6099391806139512,-0.09170917193372378
2022-07-08,-0.6103762393608444,-0.48379812363636365,1.693638320496949,4.068892699146236,-1.6291508844098919,0.31460152173971223,-1.6001178908467015,0.01370262523703718,0.1066798995375219,0.6901705906585773
2022-07-11,-3.941809270414486,-1.194438291481254,0.8352200632216561,-0.8401671598873588,-1.103350430672561,-0.12770276889489807,1.2017865096800808,0.5513252818175923,0.849940692123216,-0.41147182548099426
2022-07-12,-4.062479122098973,-0.9695681514268675,-4.724932160254562,-4.165051207597843,0.041387228729087615,0.3331400822826541,0.3720833653260009,-2.653362557876082,0.1869551408714466,-0.31897815432778276
2022-07-13,-0.537747372176143,1.3322136456476186,1.0638729961694942,-0.4346596860033532,-0.8357910459038324,-4.570166354391075,0.3490931261847707,0.8213956210736203,0.24942329808426317,-0.39287014842857537
2022-07-14,-3.9546685221809312,-4.022453898889009,-1.3939010233310536,-0.9305980593152382,-0.04346881558514303,4.742878680197553,0.9471493754128766,0.9207503798075306,-0.23396428953591247,0.052419539093654974
2022-07-15,3.825129182321824,-1.101268953498352,-3.574639024396582,-9.45744479593658,0.714751725651805,-0.19165401942365706,1.3673916058616002,1.8507498228549892,-1.1340211695102256,0.3092444320918521
2022-07-18,2.1945573114296746,1.3128621945943502,4.099617105340244,1.8646568121185267,1.5444068506300614,-0.8455170050868902,1.3767531533783246,0.32117120457371284,-0.8973420152154453,0.36060343996045086
2022-07-19,7.141874036945869,-1.8127656134216348,-2.1881442270361995,-1.808220548954039,-1.478700321294939,0.25189088461260006,-0.35487182397904204,-1.3984729698654221,-1.0769105092970082,0.10673519631642629
2022-07-20,1.3228707024447486,-2.927555169256024,-0.9120273163374629,-0.6421168226940605,0.06615501387776139,-4.885949734264796,0.8395121903161499,0.8621514498977594,0.2172506106266203,0.586305349531589
2022-07-21,-0.6036183609483505,1.5413107384256313,-3.671519541754791,-1.5459297593732346,-0.6386554278705546,4.167886346670681,1.2941057157606963,0.28646542767225397,-0.4517679868599618,-0.028995901651597773
2022-07-22,-2.770140947804045,0.8206783222298766,-0.186103638479402,-1.6771743016991225,1.1377868198536212,-0.42733926184722665,1.6034696409170515,0.6023259801690574,-1.3148092846903616,0.867434532354658
2022-07-25,2.2099951780101827,-4.18543066705378,3.077885020966756,2.18845360510885,0.9289429193427727,-0.8906411758352821,1.8102022003085574,-0.9530258867637618,-1.8624337296006426,1.602666469829402
2022-07-26,-2.4789784048116346,1.6196869003736993,1.7432147424450792,3.386696620491065,-0.9424608397657912,-4.376472742225811,-0.9948464539690848,-0.16514658691733136,1.6409391993921911,-1.000531948857229
2022-07-27,6.112274890590246,0.29230527078245977,-0.9302542853109074,0.871869912998818,0.012942406786837847,0.179334850725906,-0.6164189847713193,0.6141770375746943,-2.3120790509407616,0.31692308974152056
2022-07-28,3.748223023819905,2.7299556272327563,-0.3809640246801714,2.5644048756582145,-0.5881949960792994,3.999100020796482,-0.43103378752279636,-0.9453398143980881,-0.1702356656372254,2.149886824840159
2022-07-29,6.7502719684396,-0.09348448069555586,1.7778039358723436,-0.6230979713946002,0.9085396311196551,-4.707513206671615,-0.49422555503703003,-0.40313036314006484,-1.6518816257680489,0.22965612323096724
2022-08-01,-3.069314011943762,0.6626625113178533,-3.613308024442577,-1.168140363924954,-0.6261253306446317,-0.2840202914311589,1.009400845292424,-1.9752805320558242,-0.02373076405976229,0.8157286646263245
2022-08-02,-2.2468814100313894,-1.385801286833001,0.21641912650100778,-2.3359338425254403,0.7957120753983752,4.844659131041037,-0.6142756293023248,-0.08862581650208803,1.5620350001128906,0.9492440414637149
2022-08-03,-0.6033299518150465,-1.3395390538785168,-5.44300835958386,0.9749645154249418,-0.9547891753063544,-0.04390030593579526,1.3468824879248162,1.5636356942166316,0.552621439960431,-0.029956067536619665
2022-08-04,-1.3827787000721676,4.495057380013667,-2.4043351114728866,3.6725450030899016,0.2046406681526692,0.04612969393414276,-0.17203168400963165,0.4765110420024441,-0.8007020897483237,-0.3370763530499736
2022-08-05,1.951803704123943,-1.7886840936660113,1.5530698391434008,0.05218303688574245,2.432563506025931,-0.02780135746088189,-0.25574860939056293,-0.29822108393238245,2.0499740701066713,-0.6411393768490551
2022-08-08,1.5020527726525061,2.05746469881742,0.5770026614092452,-0.44195471710037565,0.6432655763393684,-3.9634215648683995,-2.5728541930224567,-0.1414308685048773,-0.7847989308001532,-0.00976500973121636
2022-08-09,-0.6525924092164951,-0.3943128976275151,2.6389738676688874,1.5810891114396464,-1.2932338886880157,-0.22645967560075006,0.8865220906836241,-1.2293841403463943,0.313278833219024,0.6910679554411716
2022-08-10,6.147837092211868,1.0770091767373813,-1.9331165974779851,1.3074564299135614,0.9877503473191279,-0.541490309439359,1.1683502843279523,0.8898186522160663,-1.6659977929749095,-0.2396008857983495
2022-08-11,2.3840984825215448,-2.476717376930258,3.0334589839557116,0.7350100496127313,0.4720607041053057,-0.6969358039894442,1.8792113890412048,-0.5289115386189717,0.006744631587346403,0.3920194350352065
2022-08-12,2.773498022707428,0.42759917187964686,-2.3561002769164787,-0.5575709929155725,-1.89849714572718,0.20513334890761,-0.660971320070375,-0.3830375104233071,1.1953289415497457,-0.5646812775743071
2022-08-15,-2.246041837248216,-1.7567251658789922,-4.088865262196219,-4.555874683645071,0.5998302572337388,0.15319157206349673,-0.36526031845954454,0.8743241482291095,1.0186630502902416,-1.7501896146233307
2022-08-16,-0.12268707695264132,-0.3181507893555419,-2.196811103340697,-2.0430299059419252,0.7301845874950272,-0.37414219720722,1.8880852162732906,-0.17443610737700038,0.7265049641288236,-0.6918130215389336
2022-08-17,-2.728922372461512,-2.8563454972912092,2.1581380076231693,-0.16881936897021374,-0.19367154483926738,0.2684496708809117,-0.0870399647731274,0.1578368013370987,-0.40730264869530347,0.9734628222673952
2022-08-18,2.7977134082207398,-1.5033309140141247,2.101094707002142,-0.9941064748922396,0.9774630474207985,0.09411109730376926,-0.3545370631921274,0.4159005989982667,0.3659122940860557,-0.4477884107088715
2022-08-19,-3.2548754935406197,-1.9607923352649061,3.0408564047580278,0.6737979031722444,0.7911363022283527,-0.1325336627127887,0.08147000460445943,-0.2398369646695892,1.5413111451526105,0.26244069308512213
2022-08-22,-4.095596067217524,-0.240187463331562,3.346691409431172,1.5759949554275758,0.2704747548810624,-0.250074764306414,0.6633268252297706,-0.5750800897480453,1.9024234900192092,-0.9217343900239854
2022-08-23,4.122355609468389,1.0601533450577942,4.263861549853495,1.6544087044559803,0.8569751974562333,-0.0457492876541572,-0.9289664973926138,-1.5687073586615567,-0.63002364491814,-0.6613187945588387
2022-08-24,1.4302227270426995,-0.5075888692238174,0.5861939732626038,0.186479900272126,-1.1648362604207956,0.04414206958216467,-0.0181205344923019,-0.17923410030286455,0.5421606555557856,-0.3471703306507716
2022-08-25,3.4208560315359646,0.8029219817930165,-2.7320631049688955,-1.152903119895551,0.8822928778905734,-0.23292260094529374,0.6257291371459102,-0.19471795467524,-0.6881877996983399,-0.03512173235754089
2022-08-26,-7.337482989799603,-1.4799675311641165,4.9934698531951645,2.450366208724302,1.7033889879809185,3.9276807249712307,1.4405447224087062,-0.7827971634674757,-0.34129892588326244,0.5421390218695834
2022-08-29,-0.6543117438670389,-1.6623341267400407,2.9087367445645023,-0.8710625969183651,-1.361080019330958,-4.034006386780225,-1.7354987890573654,0.13612702924060932,0.5094485593011902,-0.9081919797588112
2022-08-30,-6.205470551666806,-0.9371280858278389,-2.78760511362581,-0.5615102116314207,-0.4586566583745811,0.44598041059944826,-0.1578719231466964,-0.8804441551117383,0.04418448362154204,0.1070468303643903
2022-08-31,-2.5345874555706005,-0.6372082698981006,-0.29618992415540896,0.207237328304484,0.5875545749103072,-0.045782506697192124,0.5292093593796772,-0.23428036705813868,0.13476287764495268,-0.8115710628755581
2022-09-01,-3.6914918148447837,-2.7793143514978587,-3.247463101524187,-2.0035714145615096,-0.38915951156740164,0.3806921467281933,0.13789499961197207,0.5862008403178205,2.1724063582260698,0.5476019822979497
2022-09-02,0.2291102342079494,2.166148454352758,2.819711026632775,1.2325859807150066,-0.24149247834944274,0.04029299272194821,-0.9605096652949546,-1.5872161863161,-0.3407646824253274,-0.6832502300274892
2022-09-06,-1.313064897628757,-0.5761403266032812,-0.05986624886309975,0.7127872824225453,1.8463629296078368,0.3950693897921986,-1.843440720241548,-0.2597046617913299,1.4366553762699208,0.1253062272361095
2022-09-07,2.4940520257555274,2.3049826756644887,-4.803750609256942,0.591486622352566,-1.7045625902673989,0.11460057340092249,-0.6443651857648054,-1.410568595613234,0.21105427621586131,-0.5911537960281409
2022-09-08,2.3633396355350094,0.49813126463579854,-0.011401368289803065,-0.34859838415687905,2.2454710418280306,-0.17503019081313048,0.23792938908709318,1.284238716360528,-0.3334826524608249,-0.0010309846561282416
2022-09-09,5.858412338118668,1.4096410992334778,1.339934254974932,2.641471120843435,-0.48308804338021377,-0.2547353520820547,-0.1878601433484223,0.3021251641940962,-0.7074291824121958,-0.3758847827738495
2022-09-12,3.79116166820099,2.098183954267017,1.0211722029108712,1.4492206954873177,-0.035253513828010764,-0.49658221495339216,0.7813536534523984,-0.3446543560829545,-0.22293156989788085,1.9452701823959122
2022-09-13,-9.862253511455474,-1.7687993600634144,3.82750586816226,-0.6989561507284677,1.6060908434543046,0.07985734666174792,0.01803972489377317,-0.3926646338663893,2.35110611831256,-0.7482570662111675
2022-09-14,1.5924663182240977,-1.2735374574399618,1.5873227420499827,-1.2324796095631168,-1.6532529329791388,-0.5984081820699234,1.8841634625736958,0.014124145061552547,-0.12442683939192364,-0.11814604145688852
2022-09-15,-4.46145887359108,-1.4249540395835936,-2.2923478633014334,-2.5695867025652723,1.9507761831396075,0.6431436857395172,-1.360062931626265,-0.8831877197539849,-0.04829779078943564,-0.49763964890934376
2022-09-16,-3.666046432300308,2.3781376162827184,1.2182312460146738,0.2804738702296805,0.7323533269803708,0.5703456474801212,-1.9682635965365087,1.221519104342117,0.35708579596193757,-0.5509721630140835
2022-09-19,2.868654622943475,0.5217411082815535,-1.2818308504828675,-0.31839306425935976,1.2947711375931907,0.12070083548878306,0.11703431935342208,0.1958256738109537,0.23598699645957066,-0.8611591283516605
2022-09-20,-3.6517634669827577,-1.4054656745413108,1.6557990549622978,3.381066918065944,-0.11808269135179697,-0.2093132023584192,-0.2887706262075207,-0.5314195181970764,0.8668724708931039,0.37119420560503336
2022-09-21,-4.841158699415832,0.8792969810184714,0.8051166442735198,-0.6622309124187502,-0.7126589983094995,-0.06258815579799976,-0.08931680697546127,0.31840673938178354,0.7271545668659442,0.33530742891561865
2022-09-22,-2.913511579758878,0.18211965758859477,1.6786764252687647,0.11463032153187341,1.3750530002822245,0.7367289157212792,-2.4864882813773637,0.46754978839288797,1.9403092534352782,0.0011582288088696957
2022-09-23,-10.4501635294255,-2.7654146781631854,-3.5810784040204373,-0.5127834415478926,0.0918411218340939,4.974946433691238,0.1212261161807285,0.98440416878064,2.208010709197955,-0.10318209963243435
2022-09-26,-5.023431280380506,-2.2870660822313598,-1.0145846132760985,-1.0145075024336527,0.47989105820155753,0.3898193817731242,0.11399607389910227,0.5283862790953816,2.1792252083538,-0.1346997081413172
2022-09-27,1.1793538209446683,-0.5259828324632625,1.341727533617441,0.011364594724296483,0.3417820515526637,0.19300860238333062,-0.9240411106228117,-0.48701828871278163,-0.035907246332861895,-0.08784752321454206
2022-09-28,8.468694794282165,4.026315927246472,1.1886660487995435,-0.22080271072995,-1.7542600811466507,-0.6059584213963126,0.6893382661974712,-0.43552654597046364,-2.6281725422914137,-0.8599773939726694
2022-09-29,-3.5319326119293297,0.7079523572425291,2.6292603912274153,-0.7684949147719556,1.512855117994026,-3.1850996679926045,-0.309770872111099,-0.814897992465722,0.05412794667112949,-0.4605074324394948
2022-09-30,-2.6572375432025406,1.8006909623739211,0.6996499681188463,-0.392033527523314,0.20052940138767297,-1.1025988475234347,-0.7742891705760442,-0.5138199766116208,1.0329287707775798,-0.4679857406682032
2022-10-03,9.373547347479029,2.721284522388706,1.0731077619262825,-1.2652688962218797,-1.174633198251652,1.7958770431493376,-0.459131341876609,-1.1798321907218976,-0.8812014396037302,0.991909926669787
2022-10-04,9.422916496080347,0.9428158781941536,-1.2772116551103496,-0.3468574412952901,-1.6360597115116482,-0.6549435084181353,1.6299134300899285,-0.963634480058263,-2.5790642923593405,1.6467142623715476
2022-10-05,0.09896107768029183,-2.5714528017254246,2.2234554758835765,-0.9042208286332141,0.42925585049927795,-0.006474526780754138,-0.1677650783784872,0.3677659348574504,1.5024536852566426,-0.3358536768770091
2022-10-06,-0.7563352621412198,-0.8686282479655025,2.524672825412051,-2.7396311630314054,-1.3213865718968143,0.18061243811900293,-0.33784644064362357,-0.8840021479075886,2.2887556698702096,-0.18859749279551113
2022-10-07,-5.949987092505664,-2.7879538412141387,4.273763303517721,0.46280921195807184,0.8970854140331026,0.388060506723324,-0.8783523826023094,0.5106791910783617,-0.22893260849070401,0.3721797186547189
2022-10-10,-2.4487261490170664,-0.7534336319751495,-0.673582334077016,3.615333649216463,1.40079574475876,0.17222684047418768,-0.9531811177001445,-0.26083385301957424,0.11694307065125228,-1.900588095824074
2022-10-11,-1.9670615039927821,-0.1375350726635286,-0.5305441983834582,-1.018344351884123,0.8654588451807027,-0.24529631889742373,0.9770650179981966,-0.27404826044175595,0.3549050509866365,0.9308800707459152
2022-10-12,-0.39415608037978517,-0.34748753050884057,-0.13982597473015085,-0.15629512915427157,0.07837867626104762,0.21586983418606162,-0.04683027527500786,-1.3002467150823862,-0.13754538310229003,-1.2632944941591444
2022-10-13,6.543813723538122,-1.5082101967492278,-0.13185722696555333,0.2526072864530779,-0.5518786737457486,-0.5484529083954511,1.296447450522047,-0.29886221531731677,-1.5710440461215818,0.5547342722720399
2022-10-14,-7.5882060543393175,-2.7332296383565664,-0.7089154912063753,-0.9137120265457082,1.6165957988552349,0.5639011489144488,-0.5909604712904253,-0.4300544701821999,0.806445598054352,-0.33583082061102076
2022-10-17,5.2817998804960276,1.7014489504159251,-3.0635006177986503,-0.2205468769000704,-0.7791954795594401,-2.302169502285289,-2.0900359487609244,-0.6263336928610934,-1.519674371773105,0.8547963702240761
2022-10-18,2.1046598966709698,-0.9599986706717918,-2.569829140140258,-0.7242169430709234,-1.0580334462500498,0.34392655051975285,-0.646347246722458,-1.5416708844299398,0.04187256454467925,-0.42394436330824165
2022-10-19,-0.5480037768367129,-3.4628564664272967,3.110751673073725,-1.0849730909848603,0.73592905913123,0.3830237321491487,-1.2243616019137245,-0.2959796941929587,0.42620186224016954,-0.02261512189753554
2022-10-20,-1.1782088775966602,1.808792836006841,2.1308722420672654,0.8035140675535133,1.2684497062750568,-0.019568230495345784,-0.4980222381800982,0.16910699693203396,0.6196484867675212,0.3325403404487209
2022-10-21,7.220679021013476,2.627741736846085,-1.0028131334152415,-0.2785841774506038,0.9256109893375786,0.15466800525202085,-1.2383241855661977,-1.262141870656387,-0.8540287010166963,-0.5757375239967619
2022-10-24,0.5150377068286146,-1.7360046763239951,-1.6481967330320129,-1.0936020107897015,-1.8865224674894148,-1.6113805296275676,0.43377760323955283,0.16069620260313477,0.03209280901866185,1.1051589553743897
2022-10-25,4.086867272605556,1.166393066724442,-1.8020783747338545,0.5326016577968951,-1.165265915470181,-0.46990869495494764,1.8575889582343463,0.4590935580148728,-1.5071937193587026,-0.38370917295594503
2022-10-26,2.220257740920469,2.9318592304541062,2.3313848160917203,-0.3025402323089662,2.1774606789656725,2.692368237930445,1.5266764400171116,-0.660546353661212,-2.1048575413333066,0.05320829280922657
2022-10-27,-1.1003223065683478,-1.2793925573713882,0.3878630833866838,-0.3238176532204397,-0.07026623469364285,-0.10135826167835477,-2.0373174604414794,-0.5896967116544862,-0.10339347400150205,0.4288454336840786
2022-10-28,2.526862466250744,-3.038879412443661,-2.822269207696045,0.02428456861971896,-3.5169579180584836,-0.13534570574306518,1.6482205338317975,0.44097480988631566,0.5680382730711304,0.013697376194007698
2022-10-31,-1.063308837374225,-1.4564505904975662,1.3952998947676285,2.6673992782802483,-1.3206822357373018,-0.8262125050755545,2.0120570653441967,-0.4167533104065984,2.0137941279542053,-0.146014504834706
2022-11-01,1.4637633544099307,1.5749632207774742,1.5521927141528022,1.3341760845240473,1.9378276404291923,-1.7216426120064647,-2.6327099481845404,-1.0790190930134902,-0.6648987077471872,0.33408817360621434
2022-11-02,-7.39158211978134,-1.8948109527067898,1.7874364034781696,-1.7078737599253009,0.7421349987251284,-0.3423824375230688,2.269724486732941,1.82597502979361,-0.8832724386484738,2.453657609486667
2022-11-03,-0.37328483692882986,-3.278767942012619,0.8083548646411828,-1.2319374222103272,1.1804150986461226,0.17798527976352624,-0.8456044105412419,-1.706575375324765,1.8103519282863887,-0.6144786663047833
2022-11-04,8.285061079337277,7.9598670692069335,1.2132495607188234,0.3413771698866846,2.626442734911009,-0.9667853334630656,1.5721750034793585,1.1575120156411247,-0.9899858850141977,0.4096665308040616
2022-11-07,2.0396716976812166,-0.5479091671566906,-0.49592712462538613,-1.0757321668167705,-2.2851303622704875,-0.3850394534436158,1.963391498886551,-0.7858310593452897,-0.07121802491109258,0.4235826617397952
2022-11-08,1.6509021997662672,4.401917428730327,-1.5713259784604634,-1.1683076393810303,0.8490879830726016,0.4516543396268303,-2.132511691153721,-1.664501933548719,-0.24920187556644685,-0.031756485811599434
2022-11-09,-7.544073796604064,0.619965485336114,-1.866004494199707,0.886765816514809,1.727163580163072,0.41743491908072683,-1.0175351825178522,0.8848906019674504,1.22568515901529,0.6346267511612768
2022-11-10,12.224213080594685,4.07671553632798,-5.649243261888317,-1.531704762952597,-2.674838947394439,-0.4605397216777476,1.6146535179430392,0.7076088551358811,-3.7855292272268963,-0.7123863410477901
2022-11-11,4.736346785104554,1.020534065413728,1.6048809035615672,0.7780513422525513,1.043123519456388,-0.13461195692814723,-0.48237108491518144,-1.0776464361286973,-3.6158391906878267,1.1843615344771992
2022-11-14,-2.1479720799964945,0.469895839678022,-0.2036209926568138,-0.32484355356236544,0.0012481715207253326,-0.25195453537622414,0.3701340586600946,-1.0069969990733834,1.6051881461418063,0.0843725765995519
2022-11-15,1.8908685438286443,-1.5341430695389888,0.2729332246899269,1.2241687556354748,-0.7218983225086321,0.5465452544679154,0.7395533694900484,-0.260788283728042,-1.323676366038364,-0.29120571032274983
2022-11-16,-4.15639242653021,0.33906285829467536,-0.47380508463016746,-0.9600612303049914,-0.785494539802069,-0.018515070098528985,0.6208355022989424,0.6933099298921732,-0.3206050333413792,-0.09928471947371025
2022-11-17,-2.2417470235223766,-1.960038197440691,-0.8981468098557943,-0.39030283540156974,-0.41377684511261625,-0.7618585433205771,0.6881084235397584,-0.8388094127296278,1.2217753258515227,-0.7021504413570567
2022-11-18,0.04544701358319923,-0.23411973084516588,-1.7063036221458183,0.4801481553113661,-0.8975472442531742,0.28230569264435695,-0.24511101371365737,-0.6161375333347807,0.9614089453016444,-0.39598807444364825
2022-11-21,-1.6751839727673714,-0.9639477513125246,-0.7475894659659937,0.017714959664998465,-0.37467642900527953,-0.1418776468009693,1.1503748680149646,1.1408390849546792,1.5666673903319055,-0.7336262820090854
2022-11-22,5.07349297507,1.4090073257228408,0.6691151550677025,-1.4326907360962704,0.14927634360575062,-0.15113989755895474,0.2360312276523987,-0.36587665321142593,-0.8989617532055842,-1.078080207246308
2022-11-23,0.619796992414685,2.1014267012847085,-2.1379261031858756,1.1486354028090973,-0.0844882812557765,-0.6899279246842275,2.265715500886274,-0.21882332648543631,-0.908771331074438,0.04207098856875572
2022-11-25,-0.7517875853124836,-0.23334799023717662,-1.100303365255487,-0.07534928690885925,0.23131838870331314,0.06978436724609796,-0.376707580107752,-1.1666701044722405,-0.48778614763645584,0.9895321362009628
2022-11-28,-6.136286249568655,-1.8777612472799916,0.7474324040938883,0.6831334767610356,0.9958433818335857,2.96012449118277,-0.35639482895468994,0.9084685006895332,0.08244173226937132,0.7383092481244589
2022-11-29,2.5604586548481483,1.4347844412638968,0.9081964551471775,-0.5339537515699981,0.9327657021827471,-0.5785597595520476,1.660152576723659,-0.29717197907613413,1.2874530077900421,-1.0659050871616527
2022-11-30,6.594180703869346,1.8505357190452214,-2.0314654826254817,0.7111903710387321,0.16491780150482854,-0.18238483915768788,-1.4055949479598073,1.484303763937233,-1.7110905354963672,-0.511268849077059
2022-12-01,0.4656137645288291,4.653868598898582,-0.3628065744609618,-2.546962308177722,0.13041534439280503,-0.13395848640225236,-0.43316647744555287,0.5288903537551763,-2.0254612511257504,1.5611727735138117
2022-12-02,-0.062062247223177984,0.5515116826064415,-1.3671800251624415,-1.0701968374584665,1.3750480222404773,0.3653423371176585,-1.039023368982905,-0.57771272077781,-0.6072332553930907,0.5360060428557513
2022-12-05,-6.904305054187759,-2.392538962967658,-0.7519164343514437,-0.47997744834694495,1.4564723358602474,0.9923304912610724,-2.0966874238811917,-1.219580991393411,0.7698583685149925,-0.24328940111759328
2022-12-06,-4.396669772367276,1.1154397945146917,-0.7947805687516827,0.4710267721217732,1.3824578380905017,-0.013739598926581133,0.15848327633128587,-0.7495313395289297,0.18392585893779972,-0.3185979652982517
2022-12-07,-1.0056824173862406,2.5478070286273287,0.14707150491324242,1.1477729179718492,-1.0707851123538588,-2.498919666223944,0.619085437515515,-0.40991124164953724,-0.11828052234181337,0.2646056365395857
2022-12-08,1.554211106486686,0.5326409818543002,-1.0841840087605776,0.8917144264365986,0.7874114538458759,-1.1842129113312094,0.8103532379738025,0.4411282408298184,0.32573328351810804,0.46018233220735555
2022-12-09,-2.9043947247037365,0.14608003816433576,-0.16656028409736864,0.10586150154615843,0.1082699927097961,0.5838167347958145,1.0875188490498773,0.6664195595403969,0.7395504949813126,1.742445582346735
2022-12-12,3.2831426625802838,-2.519039964804282,0.46491520002522657,0.01828909081073789,-1.9377906876595898,-0.17883945458631575,0.7254261090507631,-0.42428305345025913,0.5416075384357321,-0.7665555881119925
2022-12-13,3.171449580030972,2.542184687896374,1.4182210226418557,-0.19703515368743577,-0.9497644218244119,-1.2052399465601824,0.8045715092037407,1.3750682603737947,-1.8767679457781743,0.6024575831731204
2022-12-14,-0.9308532640454759,0.1596438320509211,0.47520068581600927,-0.0632039370305417,1.2531269487951975,0.5485386071475997,-1.7142562197712632,0.5679895837833348,-1.0315465740566365,0.23080957120378645
2022-12-15,-6.388002605745934,-2.7288018880300626,2.875708274283028,1.530421704291672,-0.24679066566087393,-0.5219247019106072,1.8409736563265817,-0.4736661102728748,0.9049035089748744,-1.7437680310312402
2022-12-16,-2.1221012553614864,1.7230082257403303,-0.27494061009848214,0.15577246322044988,1.0836982849659316,1.0433266623505593,-0.7116577232870677,-0.84262632960914,0.8914928492002042,-0.3583015482083231
2022-12-19,-2.3484649009647574,-1.2132259663945555,1.2860024977995037,-1.2183568275463854,0.9312922948262228,0.7436869169922636,-2.5259674345567866,-0.6669041937109267,-0.37367768463391277,0.9257711893577721
2022-12-20,2.7886635578845227,4.131109131453832,1.015010819682911,0.17285745941027197,1.7505506659878103,0.20670063117569998,-1.8676814876591812,-0.8421969731199355,0.1510580340099102,0.10317947414194353
2022-12-21,4.150891372442507,-1.126110037388131,0.32285868030811876,0.952800925277198,-1.0973982724562246,0.0904746355219434,-0.4928591079755941,0.36943345141308326,-0.16992750708944537,-0.2393819675965008
2022-12-22,-4.7024725175053055,-0.4346261290366042,-0.09765585766019903,-0.37717752022440637,0.8296437284885527,0.5712882618673433,-1.1326796271128323,-0.6238132693491506,0.20759574048845517,-1.523167942015711
2022-12-23,3.58604892890951,-0.281546286168205,2.322222149071703,0.27079223514203377,-0.20933315654160523,-1.048584165336001,-0.14709364945625167,-0.16957187581176947,0.046407248890922306,0.580208320034102
2022-12-27,0.6798985223099716,1.6076178373995293,1.7568298698845297,-0.09478450991514957,0.360855541262294,-0.4149660003387161,0.9113742907954716,-0.6007541212211306,1.2054216271527973,0.016631102362163103
2022-12-28,-5.069837684254192,-0.9427114101842577,0.18866315090810526,2.046479861735229,0.5579613361960031,0.721053826308032,-2.425430630047187,-0.2896127409647433,-0.3486493730565074,0.6254742374879185
2022-12-29,3.6092899843251143,0.20094663390407005,-2.183320661004516,-0.36934868867511034,-0.3749067183827179,0.042509196654130166,-0.33804297774104025,-0.5567096948556151,-1.4099857028612666,0.8911427228993655
2022-12-30,-0.16520523210612728,-0.7560456388822681,2.0054849895648923,0.4613751261954274,-0.49438706134384536,0.9854775306866184,-0.3630561992988401,0.091341042758789,-0.8274919473682613,0.33559353522658225
2023-01-03,-3.329199025313039,2.7409632017196315,-3.4547858932607367,-1.3483545052562527,-0.02793595904507741,0.9177092912856909,-2.7383788946088212,-0.6449125150774673,2.032119053191345,-1.0275126697647317
2023-01-04,1.680115436899874,2.082525844473284,-4.267793797189443,-1.843629007006937,-0.41714105543646635,-0.32805533095409434,1.7346350290366566,-1.6057963857838722,0.37933523271471137,-1.1475151186099135
2023-01-05,-1.000824151597469,-1.2011733254464394,2.200928864754721,-0.7368368229485742,2.4052212808412765,0.49879192570992903,-2.2987776265704136,-1.1380488085695093,0.04332528636372129,-1.2007680198935065
2023-01-06,6.6944119538020725,2.7953502258928746,-1.996246274861376,0.9512126463495539,0.3023027624014375,-0.3682391693275006,0.47702832871660006,-0.3582042289849978,-2.1593231470680334,0.3437636883084902
2023-01-09,0.636103714029054,0.6473409989669658,0.08422393672260697,0.21664321725220234,1.3111197436813398,-0.5271045222707389,1.5756288197978032,0.6181199910496794,-1.8392154063307604,0.6990249829951009
2023-01-10,2.6155366609409847,0.10960417578167889,-0.6900052282692989,-0.08433118032531658,0.9806411698509914,0.5064803686350526,-1.6719317274521266,-0.29488162131503365,0.539903955116386,-0.4296141770632471
2023-01-11,2.715974453091796,-0.5066428573593631,-0.08142030951252278,0.7295057412496506,0.5258909682011548,0.5484776290857327,0.1565930265901558,1.318769154927439,-1.2406112068544273,0.22273041284467954
2023-01-12,3.425538613443801,1.383953142250844,0.5404849172322493,0.8203836372729599,-1.1384591121538545,-0.2557137623566102,0.383135348457545,-1.0199588076045691,-1.8970653754022242,0.6842013461735568
2023-01-13,1.1392806480292141,1.2153937948413163,0.14047530553082066,0.22783571441710795,0.06209069962124471,-0.9615120602775797,-2.4602921826244537,0.23567128684455257,0.14849529250220592,0.4886226824214501
2023-01-17,-1.306877540641265,-2.2128996420635705,0.8587002676693208,1.0209228650248237,-0.37464288060678685,-0.3858969713020738,1.0027350696691137,0.25623937231319177,-0.27083365051894753,0.8420799980693882
2023-01-18,-4.0931004627179846,0.30556206949187736,0.29864289324556287,-0.7553860535344022,1.3974580533559036,0.42661253723648596,-1.220539696486016,-0.3764915711036732,-1.4636823023874532,-0.793529777969071
2023-01-19,-0.4642669919164412,1.5923281043767803,2.1556648896051054,-1.6163817083114411,0.10361969885672498,0.06253636915188159,-0.1658471347413442,-0.48619625891343765,0.09782431747624477,-0.16053331974091176
2023-01-20,4.215909917788303,-0.08429302094282172,-1.2674720366533356,-0.015891306562903912,-0.22150148119102891,0.26372045180122033,-1.0370027101864518,0.32307766379716407,0.26824286402492475,0.011780554591107072
2023-01-23,1.5430474487699932,-1.0493921005442783,-1.6142580795673014,-1.456510087848514,-0.6373835921369265,0.603291201207609,1.7346814389783922,1.531782814309671,0.401501419514656,0.18023326489247882
2023-01-24,-0.7734414166699274,1.0771548645674482,-0.6969746274637115,1.25415631423546,-0.27397383755846527,0.7853525169468191,-0.7700116007253817,-0.9773972899329161,-0.5019081077466792,-0.060079187273349426
2023-01-25,0.1776000816620609,1.6140444532888079,-0.008356964617845387,0.31974135037907697,0.006775503878748347,0.3937588205855124,-1.2707584467069486,-0.6574207326535397,-0.14733756478649035,-0.31919794193765433
2023-01-26,2.9529769145387843,-2.1747591025644963,1.5267276886638548,0.8006764948114353,-0.6210837861931942,0.011880000256040756,-0.966125543621377,-0.6535716056450686,-0.5537933308172088,0.8002112858776645
2023-01-27,-1.2464207638061957,-1.0405974979942727,-1.9556311374868487,0.30328034054746733,-0.2282795848678095,-0.7458917005430264,0.7722290632227884,1.2103222001307776,0.4654683796933128,-0.0829447527886368
2023-01-30,-4.40681470405173,0.32708476286544635,-0.11010981392717516,1.2455174981886064,1.6068646650862006,0.8486320624085729,-2.9370966954672304,-1.1549541989695604,0.2885121277526337,0.19496580824750126
2023-01-31,4.027998464282562,-0.31823568805030134,-1.5162494595379101,0.28729674373032665,-0.3231649502142697,-0.12913014981709825,0.10107717814194335,-0.21327970694455578,-0.551870595363326,0.04337193187312224
2023-02-01,1.2345856107341457,1.398566838183548,-3.756026213577651,0.1111243505724286,-1.0160747318738765,2.0403840374649778,-1.032380122813266,-0.7499033301596727,-1.7083973367417564,-1.5615333493878951
2023-02-02,0.06905000080616983,-2.5652384312802408,-3.6373502300036917,1.2581934155393852,-1.3231000773093233,0.33057131526350997,-0.5052572527436608,0.9529888558427433,-0.17359796327140825,1.6768224034820263
2023-02-03,-3.15143122344657,-4.462029558707875,0.0753459272082576,0.5044137855616257,2.1284197966099,0.15393474426457535,-0.10413533334949443,-0.5287601326820449,1.4018042617983715,-1.4396633920951503
2023-02-06,-2.207986055991425,-1.6203091993396177,1.1790753301383665,-0.4800248664735516,0.07307246041270467,-0.026535024450978596,0.10575701275670853,0.450306921056261,1.1581851723778096,0.8653435915765768
2023-02-07,4.28881326815151,-0.3251505269467729,1.5430041029081563,-1.2504683511347108,-0.44500771899043245,-0.842562412965477,0.5327631927082616,1.0021297295290315,-0.16107991387022108,-0.31591630532663856
2023-02-08,-2.829925144913613,0.4571746067160305,1.1060762462591471,0.8160921311389088,0.0841097988924039,-0.2223566572191964,-1.9645568397112592,-0.3329186484225937,-0.40186908015482964,0.3037788123181982
2023-02-09,-3.0932491734956633,-0.4804673521242393,0.7708054753323692,-0.4584115133426293,1.4234652319149836,-0.19343006723048253,0.6630888731730684,0.3827392005877904,-0.42836892282071287,0.36692221222208454
2023-02-10,1.9043774887932015,-1.6534097948825537,3.3544277589672515,0.9753822322125735,-1.899154753938358,-0.23386300152330178,0.268936906795242,-0.6708825415681999,1.0102862114897457,-0.36674679484247374
2023-02-13,1.3554962104209276,-0.18381015250220836,-1.6137122341169643,1.0025915224358257,0.3498473829803598,0.9658760371996221,-0.741556780757927,0.3610246436903007,-1.1439925418591217,-0.10133291527798646
2023-02-14,0.578418010593567,-0.39375684753918966,-0.6191772172243669,-0.22931978053271224,0.44368872294261774,-0.4251886792643094,1.6233889304459024,0.21540769537866733,0.1706527645177389,0.36897486809623936
2023-02-15,-0.9974938572828247,-2.194756708604412,-2.411303125459169,-0.40555113631502476,0.2331246488331107,0.5403450669432822,-1.067835438651481,0.8933515333967827,0.47654244708368165,-0.13427768435986967
2023-02-16,-2.4443828711771,1.346418047949719,1.2326107373568702,-0.07644760081176835,2.6613636961549885,-0.816860685160955,-0.5551910968723294,-0.21216085629925777,0.013829560119458257,0.29129786298781085
2023-02-17,-2.7746080795010104,0.540943881206252,-2.4019585373794046,1.005867519531485,0.3119056172633032,0.44555047217301635,-0.9339076764446642,-0.024867416941541976,0.05754401714793034,-0.12674018632628248
2023-02-21,-4.4626910548906125,0.6984487220190996,2.94766280869921,0.039996932431401254,2.938771678221531,1.6563881523916049,-1.3167496950653415,-0.6814412221339784,0.7223437401168212,0.9792951083689552
2023-02-22,-1.4328899707706628,-1.015621563360394,-1.7606736817031579,-0.5299260787538643,0.2388055488484268,-0.32761082193595975,1.2474815652939544,0.3195206452483658,0.4480446570421629,0.1198213362755675
2023-02-23,0.897685104904225,-2.2732085184911717,-0.13494006103845216,-1.2344965420542167,-2.701703994823178,-1.2887853266848517,0.6372833197420905,0.40798163595109543,-0.4370789262126066,-0.5091038821211181
2023-02-24,-2.201668965071448,-2.211210045290952,0.8936110963268069,-2.0611761867489,-0.50511582627427,0.015633108010797068,1.1692374928622165,0.344042833043676,1.0507300806503705,-0.2939995035303185
2023-02-27,1.459591878700987,0.5096879290502204,-1.1768179500054137,-0.9132081407867295,0.5154906811009453,-1.5466280977725915,2.486278354104723,0.6477027583956162,-0.5407992633521971,-0.08081928555107314
2023-02-28,-0.19519207107081188,1.4460451408942891,-0.19834594851216064,-1.4519756300970459,1.4982205624893445,1.4160551252892877,0.2582441972530698,1.2692628537671722,0.2539870445603856,0.40327140657111554
2023-03-01,2.3198789071762547,1.3079387598335523,1.7245343226362913,0.7101994786193815,1.5735301322924544,-1.8942458475386075,0.37708575375826575,-0.6500687456977596,0.25519255591068113,-0.875292880281673
2023-03-02,1.4239988585105274,-1.6107324175111888,-0.4681055558165617,0.34125376816670133,-1.2086115687163101,0.4040513734883169,-0.737164761008211,-0.09245051921978878,0.9432285117221043,-0.27389244494188814
2023-03-03,3.7564575176409094,0.9815835736081165,-0.2022351395791963,0.17226507523859397,-1.656029535793954,-0.4678539375755053,1.6472552751009883,0.9100870501076269,-0.802441340250344,0.07057691400829719
2023-03-06,-1.6975442233689548,-0.8738864669690758,0.4231614664527567,-0.32941830781025305,0.41747771341599976,0.9645227016923532,-3.188212352625172,-0.7534518476177198,-1.3985511860618647,1.295831696238116
2023-03-07,-5.589142840829713,-4.0855203220472776,-0.7734316029490497,0.15224308128500746,-0.6882216770484868,-0.038939380512879714,0.9830620008740165,-0.45329076950160346,1.2846049393166539,-0.8272583826578019
2023-03-08,-0.2173417494073271,-0.06667257720940385,-1.3643026308606778,-0.3615909059899565,0.9767664799993248,0.3547235961341306,-0.9531926300075243,-0.09506552547227769,-0.2620783927491957,0.36450524941487755
2023-03-09,-5.662580474668455,1.18684881498173,1.1217107572328797,-2.132140246977765,0.36421405331329865,-0.08081276039657864,0.465126251563054,-0.3670476946448252,-0.5670263025962837,1.1771787203492354
2023-03-10,-4.128960447048756,3.2408937958804094,2.4311963544163664,0.03379242939653438,-0.9547498460187963,0.10385788022499051,-0.9195631997191811,-0.15614178624127237,-1.828568843597158,0.25670297055907054
2023-03-13,-1.5734628281870935,6.860303088332009,0.08316580720295721,-0.7432131057259593,-1.9690327437860526,-0.610980527052603,1.352805092505075,0.5358201751503578,0.23327952660376206,0.4985545029119975
2023-03-14,2.8275771770173805,-0.4872593851831175,-2.367212679478924,1.024111804298683,-0.4589910345479159,0.03857082736187929,-0.1763001256886589,-0.7610725266105345,1.2100816051919328,-0.4435280698559351
2023-03-15,-8.015301951104142,1.4128894458708758,-2.847640255843059,1.0479511129560162,-2.7641631219023997,0.7893164918521534,-1.9228766751858817,0.8366427143369114,1.7303239015227192,-0.5874422128584107
2023-03-16,3.726800158075294,-1.6146586540388668,-1.1223027799661411,0.5570995272203773,-0.16702349711489686,-0.8334264679549541,0.12879510075797776,1.0971244663327422,-0.24079486745547135,0.24448896862692127
2023-03-17,-3.0569006303469632,5.872650920964176,0.5766964128376713,-0.4157986382865198,-0.140967818067637,0.09347119516067867,-1.2824274163957528,-1.0770901660516996,-0.5611206315381808,-0.28412298822140947
2023-03-20,3.693612103406066,0.3946979178638306,0.4387133703843766,-0.45708317135225274,0.9420560559190838,1.8238134835870095,-0.3318308382217683,-0.6015307047042662,-0.510054211707093,0.6753047787980753
2023-03-21,4.313294035800151,-4.224493384044567,0.04983701934714171,-1.381627661176587,0.5759371584841737,-0.3429881793405019,1.2751187829472717,0.39453145924486765,-0.5686043321567469,0.6621876724567857
2023-03-22,-4.381871064262163,2.820700733053855,1.4176436702749535,-1.3166236373552356,0.9668985034529992,-1.1514521237212825,-1.9963019441349474,0.7296689791010932,-1.9255065356571437,0.26163907940244335
2023-03-23,-0.4386704808162447,2.9708212610070954,-0.8810586232291209,-0.9379811682203253,-0.05571088058548928,0.8412104695785305,-0.22035720247477136,0.7568617748511259,0.5114733389360537,0.5278498591254212
2023-03-24,1.1394052706377502,-0.39789843653372525,-0.09876479037932534,1.870380833443315,-1.4485258960112588,0.6497693957985691,0.41221890345535067,-0.1714622469728079,1.1784793258544612,-0.9893219606330196
2023-03-27,2.6220081336695866,-1.8966667560305919,1.8518253756948857,0.5685890950355474,0.2971863250909492,-0.2886361926868071,-1.7039222437719364,-0.45610789622937725,-0.5672939847839525,-0.15637666167387204
2023-03-28,1.6720479877979302,1.3604282154863983,1.1939756763800693,0.10966832615090166,-0.018003356410420217,0.012244171504684157,-0.37562657709170943,-1.2683266790407715,-0.19233527867067748,0.39829082684997597
2023-03-29,3.0116960121336014,-0.9758773968872062,-1.3483662084641626,0.96664957736198,0.1104466844819377,1.4858326729979467,0.028779432011322766,-0.22267358717235353,-0.1343553019919741,0.13724813794574045
2023-03-30,1.573636100168722,1.3030482625853452,-0.03934142782993486,-0.8562552936617099,-0.6734143903311438,-0.26948003848305535,1.159100927227439,0.6156069968465944,-0.35112748351474776,0.3706773075116348
2023-03-31,3.166729027646019,-0.7836978938681731,-0.8931068553741982,1.6656404691425295,-0.4872038026035981,-0.9810278264633097,0.5999298272253905,0.8839851542027697,0.015879035120412142,-0.14008931666829308
2023-04-03,4.551487499624955,0.213954548375183,4.861281643085771,-1.4782895780299765,0.36218418629880544,0.3062664144006245,-1.0569096480941973,-0.5121698968151027,-1.641605639134492,-1.9609057007868747
2023-04-04,-2.53670567498507,3.6742049487858135,0.7043982095673381,-1.0175056196324226,-1.6427966143698625,-0.7060417897032004,-0.3705556362285954,0.30572717528560306,-0.04201795023627244,0.46431269086199894
2023-04-05,-1.0971121563264772,-0.01532163485284625,1.1082197243691616,-1.0069437138332085,-0.3718998396785781,-0.17031476952858224,0.4720506718647426,0.038085505029384494,0.22294712546187237,-0.24165736061800838
2023-04-06,-0.19897155105995454,0.2607567166749484,-1.489980106557615,-0.803217140833634,1.2499616007061283,0.5950527034035257,-1.5252898928844136,0.6865525936269183,-0.4456246704967277,-0.3540653478209339
2023-04-10,0.532118515357019,-2.5681106938239613,-0.3191095619183593,0.7145985579598861,-0.6998203547840589,-0.39404231857509436,1.43965502891124,-0.46021391046622157,2.0023775047659864,0.12834165061138497
2023-04-11,1.8150733482145918,0.6372128356363274,0.601876736826074,-0.269648875865113,0.7720404912582157,-0.26006956642508855,0.36661103873489265,-0.24190343255916,-0.7161581361101697,0.7897076913449955
2023-04-12,-0.5064513258482206,1.3063357843801169,1.6596281712126426,0.3851949977890048,0.4287762701056042,0.14441715011096729,-0.860882235540337,0.17728898188923276,-1.246117741161152,0.5419666834987932
2023-04-13,3.2401008451262685,2.190715988214585,-1.22537646532328,-0.9335191071292446,0.6395621342832248,0.17054676907069252,-0.6982233097370246,-0.13829520483994934,-0.07570197301388783,0.10105676443577753
2023-04-14,-0.7757268654672784,-2.5877287461651473,0.8470810073859305,1.7299145306810144,0.542555410414978,0.5525625722272528,1.1182227383201608,0.7198266734216613,0.7677434883914983,-0.828926731148102
2023-04-17,-0.22307821521994342,-1.6631934802521766,-1.637669206744405,2.40392517351187,0.17685146959831455,-0.42284259812699515,1.53718924318853,0.3698268699129953,1.1929247984761513,-0.48921192350209947
2023-04-18,0.7687035283102314,0.9669391941919663,0.2113311067328105,0.07260356469788906,0.22987233469919935,-0.4618690336907574,1.022420589632806,-0.09111467081125692,-0.28702855193300164,0.2519719662919717
2023-04-19,-0.8913047031623933,-1.3223632100647593,-1.6978129072236054,-0.8971544214223977,0.3637308127552906,-0.3945237450148196,-1.297431659242121,-0.909749059331843,-0.026951097823908757,0.6101984916705929
2023-04-20,-2.26837023334632,0.3856061395184379,-0.9051878567720943,-1.1579714955619296,-0.4771392031738205,-0.11150152687514696,0.6622391411997446,-0.5683798198984858,-0.10705896807997427,0.33581214988928076
2023-04-21,-1.3219580452117063,-1.6303108057329612,-0.37073322237857914,-0.4859231137357046,-0.651529589044132,0.317333628691049,-0.3061284965423327,0.43636498648409877,-0.3432189182043257,-0.14448636520873237
2023-04-24,0.9703662960951851,0.17828662545590543,0.6965176676199669,-2.5215733013899504,-0.5147578858997987,-0.139818936745276,0.6608668160456497,-0.2996321241699222,-0.9331978270017829,0.3677124988187762
2023-04-25,-6.3885414645747955,0.3556879460560828,0.5915519097742414,-1.2560388074740398,-1.4032691378809692,-0.8220488873045279,0.024058814904254374,-0.10300656104355525,0.6820399082041481,-1.0025462008772072
2023-04-26,-2.915036401856802,0.3257189508843904,-1.2754861631434378,-0.4513997710827421,1.9578335925717913,0.42192687274339746,-1.16972109512368,-0.4567760446754919,-0.5979178767830368,0.052059841730078354
2023-04-27,3.900389121523637,-0.23373523465808138,-1.927964084434765,-1.4771748005705636,-0.7936850027807116,-0.31949428610477,1.7889997403468287,1.900237761462838,1.0323068188266833,0.20085209068411103
2023-04-28,2.9101336762605827,-1.3940623170393638,0.3301813564826647,1.0790059332470616,-0.6367690231886919,-1.2524402283807214,0.01895280959787579,0.275589914348159,-0.8083081665065227,0.05821107244310482
2023-05-01,-0.68798166169918,-0.7828013953563044,-1.1027063726920208,0.362205893696654,1.2980155377275453,0.3583708117723486,-0.8878735088588778,0.05572332039588075,1.0027515116051933,0.9331529742065021
2023-05-02,-5.03756554405754,3.8913353759405105,-2.4605573598020345,-0.42664425506963344,-0.7536859223889174,1.4109239218279037,-0.33573607496437197,-1.1211305468962502,0.49837127659991515,-0.20797678583714718
2023-05-03,-2.1620846213820366,1.2110647141337865,-1.118605533398228,2.403283999002539,-0.30027994504238104,-1.301121115810153,-0.2115788029204455,-1.6639662187177977,-0.5517163429335203,0.12881444550703292
2023-05-04,-2.9650707909901413,2.367702894350371,0.7824450809636421,-0.07690231112622847,-1.680000524170196,0.35312621950149464,-1.1220802094483306,0.02859143913530287,0.547475401707953,0.45740498567323973
2023-05-05,5.735458636789804,-2.3449643331540884,0.4186054555221453,1.5313995276514163,0.13475499558938875,0.001391617838766985,0.01653570846683971,0.9138623235920061,-0.7655050411261746,-0.46879313638944153
2023-05-08,0.03990720820316202,-0.1444914640561523,0.44026781750920746,0.10312687634931642,0.6588827952253921,-0.21416936458879976,0.6465733692925807,1.5023409331281088,0.3444039238974769,0.49085018290987475
2023-05-09,-0.8169573645845876,-0.043887543484097825,0.2652623273263124,-1.8880255822656082,0.39689841514611146,-0.0005546507344376864,0.2797023788652602,0.15225788991502243,0.4375465914667931,-0.09675449033060426
2023-05-10,-1.2257004724739373,-0.4567616117869268,-1.8702549128494308,0.18000107383928327,-0.5826295514714387,0.35788233922668233,-0.6943668487688748,0.5218526790454375,-0.8997730363656508,-0.4457471716262906
2023-05-11,-3.244301632269058,-3.8338325178665262,-1.034249150757382,-0.7859763135365659,-1.1489147738479837,0.4081804460392861,0.18535991779399089,-0.08313640373872663,-0.2398755881189802,-0.24768411547509578
2023-05-12,-0.2979730938695863,-0.5026372594753127,0.13383313330424818,0.3017374269759694,0.2767502536455857,-0.22659107681969637,0.534926408656437,0.04574975805367712,1.5856266573168665,-0.6016143879635039
2023-05-15,1.933999044745546,0.6380240404159332,-0.31502046646108683,-2.075621394954845,0.43164809492608097,-0.3085738035829809,0.8156151835831654,0.5795844970048141,0.26025474026531625,-0.8205514127609314
2023-05-16,-4.523354251122389,-2.143700567506292,-1.0958058056588065,-1.6903780042083723,0.11659420432531285,0.3983688499020624,-0.009604379593227587,0.9644843596169633,-0.07145794332034357,0.09045705199005909
2023-05-17,3.887333001849782,-1.9426585957668752,-1.191106275113205,-2.9769878567979378,0.7067785258414138,0.07401729851369258,-0.2577228795431211,0.5597294568430145,-0.5124115483896061,1.032919915244056
2023-05-18,0.6097593407851284,-3.2316242811471096,-1.7829633255128656,-0.5882610506946955,-0.6321282296640144,-0.32057446090769476,1.7916353736520203,1.132117201290625,1.0572455237593346,0.23912589341597482
2023-05-19,-0.15221874895169124,1.1231926257878135,0.7093368665096694,-1.6081670397717867,0.17153895341089553,-1.4798095607147865,-0.2564584908710867,-0.5427329943614129,0.1809504727928192,0.8151333609436829
2023-05-22,-0.143861059242419,-0.5693401531392323,0.33056910316630544,2.2600134385113955,0.007641173907347225,0.5993897404316624,-1.6525924831716268,-0.33838672843335105,-0.35930840349017223,-0.142259255258553
2023-05-23,-2.06613480413312,-1.4585397294546578,2.4334017848843996,-0.19070004173270622,-1.3954706173512044,0.06317046346934017,-0.8192312190078033,-1.3432474278045872,-0.18042106868656899,0.2217062635720022
2023-05-24,-2.6508629958700216,-2.2292344071955745,2.1307804765663767,-0.48291733590857744,-1.3737377451462471,0.06995268808278202,0.44459425614014264,0.43466220484545054,0.2750016118620773,0.30520110791644567
2023-05-25,-0.874615563324555,-1.6977761188171732,-3.0692958958554284,1.3329516498829892,0.9054633687090269,0.3424904662329614,-0.8288442022504957,0.5063621823281281,0.3754036396869762,0.5958459214138823
2023-05-26,2.3765129084985515,0.6559149708655078,-0.7644995267296073,2.1112226987146627,0.5044892294448148,0.3073790305115401,-1.6524104610697428,1.0591532485653208,-0.4228463205621009,0.5692864130170897
2023-05-30,-1.7078607501840513,0.2007542660291361,-2.8496389916300298,-2.4428839938534264,-0.24416336046453352,-0.43795332946300863,1.905137860905816,-0.02398910679145909,-0.054104872808549184,0.13870107030012124
2023-05-31,-2.26110959767004,2.0329438456723516,-0.015577629574544989,0.24468053738574438,0.30115522918345705,0.21994207218478828,-0.597857667757807,-0.050617269977628804,0.5342354550603622,-0.851197174139255
2023-06-01,4.2457766264062355,2.718134042420358,0.42935542365874063,1.2133088605397202,0.44614202599722635,0.23973653337588888,-1.2334896835644515,0.48817142707979366,-1.1279037037724078,-0.6233280288103723
2023-06-02,6.3756717284416276,-2.634687661727441,0.16601871106987787,2.1063586076986054,0.934896539600963,1.1442848480333188,0.4584567738071198,-0.45060220913639226,0.25393928423454526,-0.7717272327636663
2023-06-05,-1.4993976079690674,0.40033675503781907,0.14317905369751976,-0.4522693392916186,-0.014524467962652608,-0.18500484190205,0.533455596046402,0.9044502029216979,-0.02768658219713775,0.5056365336281463
2023-06-06,2.1174438001585987,-0.16478160136722267,-0.45625349027362944,0.8320049130642864,-0.03323873773535774,-1.483795630019672,-0.20162342428342592,-0.5221078203368171,0.2768497067959333,-0.41439824122695756
2023-06-07,1.9850838627953846,-2.361512303861407,0.9308247385353823,-0.8716670079400045,0.059264666929471466,-0.2688331246741297,1.0622442730450803,-1.438658741965315,-0.0574722604058242,0.1880554134434172
2023-06-08,0.6463362817358754,2.367915550370465,-0.7122462747428917,0.972242445237865,-0.14930258313174533,-0.3548968140149645,0.3956055664534873,-0.0027511425932714756,-0.8773902718278762,1.007122305629024
2023-06-09,-1.27631824779573,-0.6213031070287134,-0.6127847478134193,0.8279740023594527,0.337902672292339,0.23554682406166602,-0.7844681566008299,-0.3638175590993884,0.09000789911137017,0.6767525284593301
2023-06-12,-3.597218300398245e-06,-0.1867612540778079,-2.5425278436421017,1.0563779779778835,-0.5017515237801253,-0.07858246196337781,0.3695532626016413,-1.0906266953176775,0.8114453469873056,-0.738215203076827
2023-06-13,3.2654756141919044,-0.41789123640153975,0.23041221639138554,0.8193252023465638,1.595444123926185,-0.16934570103099014,0.6905663325984784,1.0641789440504725,-0.6120182783277278,-0.2655313202575779
2023-06-14,-0.6355704199376057,0.5566723432442107,-1.3003240297889112,-0.42485219523292755,0.47261566864922405,-0.06309660474727984,0.2723895423553726,0.21197437106035485,-0.6437239272787003,0.785050527141373
2023-06-15,3.100342481088482,0.4681457177175177,1.0993970061530658,3.2015737024173103,-1.253248684871923,-0.6280537442144744,1.5686486730252533,0.5814637293992982,-1.6837839222887427,-0.056016236090306065
2023-06-16,-0.33860022566786346,0.7697554029976104,1.4129296464741454,2.937828737439993,-1.272464046619102,-0.08290258855427005,0.18143368392754436,0.535248626766981,0.9943402705474165,-0.21299640747708987
2023-06-20,-3.6744784377106385,-2.053377811346788,-0.8345392334301794,1.5915842972643055,0.46251880658820615,0.49684636412219946,-1.0353525863662218,0.07387458620755849,-0.7343077506811043,-0.44288570212997175
2023-06-21,0.9519152114083775,-0.32009066062200536,2.792690246193101,3.6895591479196996,-0.0322826492619743,-0.5139145310895632,0.9342363343964601,-0.2819439484047203,-0.9605310413155047,-0.58424640934688
2023-06-22,-1.6743130429737436,-0.9635639437505985,-2.3818002872159862,-0.035258861086996,0.5165685415359194,0.07486159212942217,0.21917302532895244,0.11456102036016287,1.027488034936232,-0.6405606021634598
2023-06-23,-3.123449856539275,-0.5215718289358473,0.14579507306000009,-2.2429348888746827,-1.0455890360746232,-0.041605010880185554,0.8331156191470974,0.5450888426709455,0.5775730597854025,0.05854488118963752
2023-06-26,1.7845010187520898,0.9679181780477302,1.513353657142013,-0.0732312761482393,-0.21556296729404772,-2.0217407642480487,0.3539746295185768,-1.4994291303689495,0.22081661177295395,-0.3484968938005866
2023-06-27,2.2212569561772546,-1.2501047942680308,-3.6067280556030927,-2.317876983612025,1.1234727353365312,0.08435255811333908,0.45349916817676955,-0.6550066430588102,-0.3550341780518981,0.6036752150377923
2023-06-28,-0.3525624218476098,-2.2825079581512777,-0.5828678904290033,-4.629465895805612,-0.46107263681447563,0.6770549255527144,-1.4145085869281369,0.4257570426885431,-0.9307493836470065,0.7005584058424303
2023-06-29,1.8344416590502493,-0.7083099475978298,0.4637675361958862,-0.17949786779607985,-0.3914544040482169,-0.03152199667924797,0.6053143076317382,-0.21158806587631787,1.637088069970109,-0.5704316553005275
2023-06-30,2.7894208088105468,1.47809968063139,-0.4459148513575215,-0.40465650627820304,0.7496806016001916,1.469992604826311,1.5781878635221782,0.7046784759899125,-0.9921125499653505,0.8491011106836435
2023-07-03,0.9548021259782383,0.7011504947261681,-0.35032069912308095,-0.04435561940574115,0.8009685382388078,0.14693144528440824,-0.5778784414030086,-0.5516676252271312,0.39989249572624846,-0.18955107332757742
2023-07-05,-2.093198799179666,-1.5587065581536421,1.217328597635002,0.3764465594604358,-0.7376162014311345,0.19946568816480598,-1.1650147992538697,0.8165976140551928,0.3260877330693739,1.397022620463219
2023-07-06,-4.208516230393069,-0.8935063873802552,-0.16927100899504052,0.6445937898805653,0.5850527883183632,0.3469163102582465,-0.3204830917317423,0.5225041453672956,0.017650359789467374,0.20166045071433167
2023-07-07,2.6109363969179173,1.134949380486646,0.8792355168111051,-2.35726263726645,0.688072063683969,-0.03888273980687619,0.07774162394886461,-0.5101981854901886,-1.2366613624769618,0.27350169895647863
2023-07-10,1.9483794974194688,0.7803061105031225,-0.29869830150211085,0.9906409251860122,-0.2812508489468032,-0.41583994218154396,1.0833224116102251,-1.0761632434025261,-0.2960174857271952,-0.39196073755175065
2023-07-11,2.967927413795572,-0.5895538696435068,1.1313568212969305,0.30512650127953345,-1.6890781079183206,-0.08977464695421924,0.34568332765503834,-0.5580943474286475,-0.48407755326835655,-0.07611880004278879
2023-07-12,2.790268329976887,4.140098769329501,-0.9903458533485532,-4.009583771790563,0.2674512753985518,0.1938968287918904,-0.5633516210929171,0.5753703605241548,-1.7460971263127738,0.5819671743185925
2023-07-13,1.8496591065963726,2.0422813661401493,0.7134394695591121,4.021958486068424,0.2650492922614216,0.020784722745748208,-0.8400286180754799,0.6365702511129725,-1.5364229775300815,0.4131683273865546
2023-07-14,-3.106481622818646,0.6668164774751411,-1.6049032698583985,1.2749443668495575,0.06048230353396809,1.4508566762786312,-0.028964063786688872,1.0736174709977275,0.9397177358087466,0.45932204690940515
2023-07-17,-0.4350451975532687,-1.0679948786317275,-2.96734915567717,-6.571090672743955,0.0053655710018924345,-0.9821208534735888,-0.19844475472130463,0.18737155770908867,-0.6433884018185231,-0.3656200612632256
2023-07-18,2.891636647408607,0.7237721465247068,0.9207292169659609,2.6239415276877143,-1.713068550135209,-0.29103412716807703,0.41170983122986404,-0.010286227840294013,0.6189344191671284,-0.04383097490585467
2023-07-19,0.4611806591640724,-0.1713692125751712,0.8927085593304175,3.1401850161469054,-1.107971407538995,-0.22935940610699354,-0.5718472556812453,-0.9416563614798987,0.46550797350854384,-0.6765294361670661
2023-07-20,-0.8714898695421464,-2.92210696384346,1.3815686288397935,-0.40076324772321487,1.5480543563789833,-0.5828459988664105,1.5199777673740495,-0.11617716816046614,0.7116450362124284,0.6301688147474432
2023-07-21,-0.09900791208219396,-0.5275887416874742,0.5241845353433959,-2.063369929415918,-0.48719776911026746,0.38467689097781715,-0.4518450799576836,0.2902918683817666,-0.20075240682553852,0.08270528246468158
2023-07-24,1.7028758323735411,-0.6316929052810326,2.819031079326365,4.640439487348463,-0.6718270041185401,-0.19953367046346962,-0.753555334536976,-0.390026750768538,0.3789867928986936,-0.9310682326422938
2023-07-25,1.498972549408848,1.1165970487080417,0.7453888172788298,-0.5266986544858014,1.0626868627246275,-0.1283108308643453,0.1508350085605518,0.9408885945372547,0.6402868494424893,-0.4458163008202716
2023-07-26,0.14460007449936896,-0.16925853223687387,-1.7355920346080171,-1.5699671146363519,-0.11969225706221662,0.23530214581245326,0.0859207264983281,-0.675287721787277,-1.4247443013152263,1.4230521551906419
2023-07-27,-2.9607144726714774,-3.1364235593758916,0.8344098081493897,-0.8432446277825013,1.618127351018442,0.6427692584001621,-1.699522252038892,0.7458243423037657,0.9013089309493785,0.021499957431083388
2023-07-28,2.4269042513408947,0.59898683592732,-1.7018578711712957,-2.1742228738738594,0.2074770682946786,-0.21850607017576443,1.0094473218079634,1.4890874376513317,-0.25240685588175993,-0.05909687553003486
2023-07-31,2.3578641565059764,0.9477455083162641,0.17761082694875985,-4.504877080618569,1.3028318327094635,-0.16690976260665788,0.12033974154748715,-0.06238643365281373,0.2752045978230636,0.24719551514074248
2023-08-01,-2.6088497466603893,-3.2875265516642727,-0.48080601512864296,-0.6967553268541911,-0.18154036122614747,0.534522166226821,-0.5486310189766288,0.0512093294883858,0.3455797317097204,-0.06282873277196645
2023-08-02,-4.716565551332609,-1.4471539213800304,-0.1538133499960021,-1.462307512485636,0.896154386667971,-1.532011946647598,-0.6713875700609304,-1.0297939304371753,0.2594520441382031,0.03703982725155333
2023-08-03,0.25471715868924233,-0.9164101626325952,2.196705565283502,-1.579467271220093,0.5856424004580247,1.6265068852479845,1.1255646609529273,0.8114300590622991,0.14340990560104747,0.5562522487273643
2023-08-04,-0.40742873108057076,0.9736625297619,1.5525653607145569,0.3702797356076799,-1.1212030687984857,-0.06268705976891982,0.25203378140668736,-0.6383165175392158,-1.1858904070561758,-0.24916180655049497
2023-08-07,0.9958245807116187,-1.4772715477793776,-1.2387063763851283,0.3260022798739462,-0.9966800545612402,-0.26662528319633333,1.0495428983567554,0.2520344245750938,0.2525001416733478,-0.7574219108169845
2023-08-08,-1.0388918313971007,-1.3103706333398197,1.2736795071373683,0.4154842206054709,-0.40925379692961733,0.023780574802290264,0.31274657358636926,0.005531648617751466,0.11949683814950947,-0.8217022223076328
2023-08-09,-0.5235768624149253,-0.27390737672260873,1.7624055146149915,-1.6505663393630163,0.4220359324580698,-0.34233761987955386,1.4538210477705458,0.6536072613824135,-0.15255103071065676,-0.08646076213959877
2023-08-10,-0.43949990051368687,-0.2525491243589792,-0.5947185272721213,-0.2533046773962994,-0.02078426428165567,0.3466414625106234,-1.3718941546412555,-1.0668123786580337,0.33790400197216913,0.24341858829861185
2023-08-11,0.4534009279039098,-0.6844779937704176,0.8967910441780311,-2.1308393073970686,-0.9912503117537461,0.21330497800086892,-0.16303457774692723,-0.3650693931845199,1.0088632120796757,-0.1352879244789389
2023-08-14,-0.11633700056468729,-1.1553942251806542,-1.089354007915133,-0.2492009281431366,0.42383125602179517,-0.06429418357085558,0.14662696439223885,0.6406520726644629,0.20527245158185264,0.5786037593951583
2023-08-15,-5.402000505596074,-1.1850548009851392,-1.1133290088045857,-3.3991156121411383,0.3880528705553967,-1.1834035669314835,-1.3774698695735161,0.016949821295935367,0.08551285242362207,0.48745246588018454
2023-08-16,-2.589019543945391,-0.5071674748726567,0.2847018190645464,0.9289598784956463,0.27314355421189696,0.16276769679125852,-0.3724825482486327,-0.6078017517545571,0.4267540938464614,0.1458971765434824
2023-08-17,-0.3952559027042607,0.04965865343760005,2.471276066438564,-0.6044350348439812,1.19832940752601,-0.2065928868005808,0.46705391106050226,-0.3758338118421117,0.32202772977714583,-0.31642682019076224
2023-08-18,0.8966447335406532,-0.216250847426978,1.2122154979879838,2.109352019613881,-0.2891206374983998,-0.06905510953430045,-0.6479468590109895,-0.407457560184789,-0.7793237095088846,0.05735058955631371
2023-08-21,0.4943745878469107,0.72387923308391,-1.0230941607037767,-0.9505235898842688,0.6251802678861574,-0.08215566902843843,0.5792904275717629,1.1625958005875738,0.5741803426597487,1.0177972669865902
2023-08-22,-0.9611715699595714,1.0692586139075635,-0.4902903043046874,-0.49199420135110633,0.7486478840452246,0.1652134528489096,-0.7464508673598715,0.40546411753898004,0.45434700018947105,-0.46337476943029043
2023-08-23,2.0901491460351127,2.6228627457347593,-1.441840175857157,1.6077643943045867,-0.7067313250684245,-0.06422307776198123,-0.74043274071431,0.1044728021500267,-0.3390325748280244,0.598160942317676
2023-08-24,-3.2266282468589917,-0.36370541812420487,1.2936730001735122,-0.7090260052421947,0.14530339119383123,0.06574077436214204,0.09965840301361029,-0.11493071042628597,1.1589222498979619,-0.07484531514143217
2023-08-25,1.3990623250291179,-1.3876214304540295,0.0956437032651388,-0.19054671491187827,-0.28374508228354933,0.07055566452822624,0.05789793087611535,0.7205236699005023,-0.4387933441317888,0.48439224717084023
2023-08-28,1.9592742928711224,0.7342127731451419,-0.29340935788529243,0.5682539762539114,-0.9206602683560486,-0.02637963012270253,0.21849119218268256,-0.1449966197092584,0.1797120244621326,-0.4048314551201746
2023-08-29,3.1905632250976477,1.3002213156379,-1.8251112649845367,-2.0071816968797114,-0.17678627315197132,-2.265237708466681,-0.9037678944498423,0.8625114157861274,-1.145219990126576,0.4309721698409304
2023-08-30,1.1196835882450153,0.14440164270268843,0.0573871321643936,-0.38529183592075206,-0.4129563688772761,-0.5520527261809544,1.909474762142034,0.8579390993151129,-0.23455310557489065,-0.09614411859464611
2023-08-31,-0.3246970627050313,-1.0609293550692447,0.49451506882085683,-0.9601775492525312,0.19948536262411717,0.1984655994295706,-0.5430535962607697,0.8813398935058926,0.042745891135596174,-0.5311927544030005
2023-09-01,2.4045970418338123,-1.3797499961598154,1.3034099480246826,-0.3150124471869913,0.8305517114703984,2.354746027092878,0.4778148433233949,-0.001426460405894364,0.7574193668448918,-0.028994501001187334
2023-09-05,-2.7083641483170653,-2.0771828147343565,2.341249900264342,0.18690890312281871,0.24453485361792643,0.5794608914854327,-1.7839705319532526,0.07909235017611488,0.3915210972405903,-0.21906119737619778
2023-09-06,-1.4327787720160277,-0.5748772157525623,1.1335898572586245,0.49233586163213655,-0.5145047923722132,0.2581148902758114,-0.6366771208875248,-0.4808220729072585,-0.003294233950578308,-0.6919596340218649
2023-09-07,-1.8829512557568502,-0.546344553280944,-0.029840386357027925,-0.9213783051761791,-0.32470987358972087,-0.06419087663375134,0.603585837192165,0.3186890833741105,0.2365634060104391,-0.1737465137875257
2023-09-08,0.14371744435001446,-0.31358558265835806,0.4094699468990536,-0.5547423458059347,-0.9937258286310884,0.10935649490997923,0.06970534744830087,0.11386196336462034,0.07583634836559243,-0.18447307367963703
2023-09-11,0.6296391328318526,1.8165183149730737,-1.6011831705957584,0.42798094884512,1.6305314619547868,-0.0222732731801125,0.15604286001765716,1.1333118881117337,-0.4877014831604699,0.25946378038813284
2023-09-12,0.3803459264622999,-1.1558843141507584,2.279204255068595,-1.9227557923491612,-0.5777055269677754,-0.39502439784827076,1.1044914095281981,-0.6059374732568984,0.08646348356278036,-0.3878153678773852
2023-09-13,-1.2958166549281513,0.27396141077076885,-0.2639119713439047,0.8171863580326053,-0.22086205607445292,0.3198286179226116,-0.7752859933099406,0.8563065369148193,0.03054275623511555,-0.5882662219832203
2023-09-14,3.3475005396291033,0.008017245554408093,0.07627530087502442,-0.10663609108318979,1.0685952109676622,-0.036806481575857364,-0.1844783262156965,0.9357371801718289,0.9186776547573099,-1.0831990423664737
2023-09-15,-1.8271114826219108,2.4494473069813902,1.7046037516250008,2.3434577822647253,-0.08857444382696572,-0.05181195034255636,-0.8041402353908552,-0.7911419892641848,0.8870646446247983,-0.727424898726243
2023-09-18,-0.7337226081060993,-0.26879505199544496,0.39706765385838233,-2.0043810220881992,-1.1456494287992023,-0.04400437349078084,0.5740447156285061,0.39160996048729235,0.027276819317137314,0.5702931714593815
2023-09-19,-1.2971074360859667,-0.8071020994006153,-0.08376050958091452,0.15445719556370327,-0.5444417935109399,-0.19015284277534214,0.9117615299157239,0.2216032463048694,0.22584226167696575,0.6491456666884113
2023-09-20,-2.291283171096244,1.5711140583486416,0.49260737309460995,0.6271077168270597,0.041775259639769066,-2.3195641437380754,-1.5122606502691045,-0.8050927893530722,0.26194314430869375,0.3145097712352522
2023-09-21,-5.158684928795442,-1.5589953319631669,0.5712485675919936,-1.88972564902082,0.5794750450840347,0.47091580178076975,-0.7655186811621424,-0.714398391826269,0.5577818078719609,0.22568569839909652
2023-09-22,-0.36879281335680375,0.29530182115996045,0.6971835929358883,0.33239774168585523,-0.3405461684517947,2.2948219940123207,0.7538747648966814,0.15787119631916138,0.2484239592853825,0.22531656321111282
2023-09-25,1.2580302066028652,-1.802071384416767,0.33289651994607267,0.7137047869608567,-0.052635086808094415,0.016135326061695442,-0.0722578337495229,-0.32282961070775934,0.7574082711710629,-0.6462898327496241
2023-09-26,-3.645113520950733,-1.6803814768210312,2.162145452668814,-0.13678808797334782,0.4400390370261825,-0.059126492294197176,0.30459352229705033,-0.2379265037136519,-0.1214698415563035,0.312497017179521
2023-09-27,1.7344751796677147,-3.8990920143083927,1.850059652243195,-0.43504992104245643,0.4479463665216946,-0.22916003712967242,0.7909919590566544,0.48474230555182574,-0.44171035262077524,0.19381415142013295
2023-09-28,1.8023760510031153,0.49906302459289587,-1.4440145681943273,0.8012620845356382,1.0661897442557766,-0.5707573109679678,1.757491083676958,0.249321624738934,-0.47261087674404295,-0.45369770496497924
2023-09-29,-1.7284538287048679,-0.13762375064068527,-1.6652925506794927,-2.9854027223063975,1.4542440142842783,0.3171641157603676,0.20070398062073463,0.945546243896254,-0.4393981026477617,-0.2333068949579712
2023-10-02,-4.112224822158247,-2.9262803180657473,-1.4008643504211764,3.0563132657029044,-0.6195022951426616,0.35334788069994466,-0.8264694735270962,0.04904952403052924,1.0101026061258849,-0.8091367339245428
2023-10-03,-2.6474002197242488,-0.23630193802944155,2.1607673253307036,-0.5065952264523922,-0.12304215781023678,-0.2624282318119218,0.8417394034230992,-0.501323270505776,1.0048743090314365,0.19363646703161702
2023-10-04,-1.6228157782907415,0.020660613942637587,-4.9232728455803025,0.5331608668364413,-0.29399032044758316,-6.324703522730835,-1.3975961549995493,0.1896742706238936,-0.06825811619486341,-0.8950753438747912
2023-10-05,-0.747609283513286,1.5303259408157657,0.17615743184576693,2.31037918210352,-0.5960999490337342,6.016639707435852,3.528811443608487,-0.5434507356845785,0.22934434119955363,-0.6975666031354041
2023-10-06,2.988163828876634,1.8857503148731154,-1.204470866849114,-1.2568129288054029,0.40649837135533656,-0.1692496654921205,0.8150679920820189,1.31774267907167,0.7054059414210028,0.5760425948442034
2023-10-09,3.2664096044138535,0.03922927701222883,2.7544376270246125,-1.2959415519623687,-0.8421223321380733,-0.1479093733138152,-0.21528389881510723,0.41956895102307035,-0.09661176562405299,0.42209331855422344
2023-10-10,1.2854095511532873,0.7498076653759529,-1.5759831499659949,-0.5275993072463584,-0.5469632405936492,0.054558785409447544,0.27797842822628605,-0.20565549204395658,-0.808945380589295,-0.1530485136752727
2023-10-11,-0.7985057004726297,1.2484324063885301,-2.3707625505433896,-0.19331141786087236,-0.9576162431560101,-2.0987372432251394,-0.9606002351911928,0.48818928151869606,0.5994441874704034,-0.44338499553526384
2023-10-12,-2.7167967856678428,-1.471015744209852,2.2517849152498792,2.4570743505719066,-0.5819200690723826,2.5051967979549747,0.11332435572927246,-0.12244137820870754,1.2521414137809683,0.8666554506006491
2023-10-13,0.6154653890408078,2.994783638060473,4.63386070504207,-2.0635415409415083,-1.8710387821001797,0.029440741514899584,-1.4195160224134324,-0.2550480101555453,0.2471503140780288,1.1067679305974036
2023-10-16,2.9290533340574862,-0.2574316788042893,-1.6812630482249222,0.13823010404054964,0.46962459601827816,1.9797905699472562,-0.05051428774265333,-0.7693681412355725,-0.3739409445965409,-0.1717064129022815
2023-10-17,1.5577100409119182,0.45202304055547354,0.27532293567152855,-0.41195686237871926,0.1822909473842346,0.0072603610758029645,-0.07924282778131654,-0.9422342154482863,0.8245845205517558,0.012054015583105504
2023-10-18,-3.245897399663209,0.4484104089175641,4.266761894304891,0.16905555819362675,-0.36302204116285824,-0.061783696510120285,-0.5188505941357464,0.25121036104444955,0.6427906639345005,0.9487804452211627
2023-10-19,-1.8364351809733404,0.4250734196945422,2.4410001362635407,1.2966178857421693,0.06682991955998846,0.007911862116653208,-0.6424079403257807,-0.8407216203205691,-0.20432015907251308,0.5977818130113448
2023-10-20,-3.382159387146656,0.7705307225876282,-0.08070408275317141,-1.4397197520519818,-0.1811702971232842,0.17774933207662263,-0.3381530426533942,0.004508229824794336,-0.23164709932281694,0.8610792412356981
2023-10-23,-2.7666637681333124,0.34266926179060486,-2.0785705915297505,-0.061786800916275704,0.3874841183942332,-1.7327640657471979,0.08900883889447607,0.5156475082553899,-1.1218120423604208,-0.1587581175166988
2023-10-24,0.025826270252160416,-0.36257064921002974,-2.362558712988132,0.016432085295268958,-0.03454932830624661,-2.3296370829211073,-0.7963871775050434,1.2111498970212449,1.1464934784439162,0.24286568521825774
2023-10-25,-3.2321122380453593,-1.2271210082842685,2.5332760737799056,-1.4613226555245733,0.5984418482724609,-0.010709060594138778,0.28687372768093633,0.22348039351812635,0.3774696975678743,0.904771289355576
2023-10-26,-1.820822862081173,0.7209440184682424,-0.024177266705678675,0.25699989422292935,0.1516548437147854,-0.6177359295128143,1.7921600417079375,-0.9091415799901271,0.4965064038576943,-1.0200291872215244
2023-10-27,-1.7966774990431962,2.512284373177478,0.6102925079303085,0.8318724034459257,1.0631647823887769,2.91074030045128,-0.29980497353820534,2.2552483993000747,0.29032939634695915,-0.41365299612167605
2023-10-30,1.730814317134111,-0.1836000666877238,-2.936256465330241,-0.49261628865518214,-0.2625607284011933,-0.5886839594909228,1.7237440791148482,-0.4869429420898095,-0.10604355264192457,1.4963083456915036
2023-10-31,0.38731091129745004,-2.561930978175284,-1.083918825725969,0.21290655680793397,-0.09473753766046622,-0.26156063158035303,1.304323850583255,1.0240263274210395,0.24690302533732686,0.17696012184635299
2023-11-01,0.4572663985334281,-0.3754474028468443,-2.0407505268565265,0.479511153787489,-0.2251656847445902,-2.1857444101709067,-1.320154182550439,0.7062754755947879,-0.20255699833675544,-0.6884059937094478
2023-11-02,6.293990994046962,0.25109425541492575,-0.4455755915959385,-0.11015497972770862,0.5387017079367791,-0.24227194459905504,0.1991794117125697,-0.19457702539278274,-2.152614477932941,-0.5256276212787331
2023-11-03,2.9054123694590626,3.0697328293752135,-2.380478328192251,1.9889080421859462,-0.7901063342185305,2.1352817704136866,1.4303710765779734,-1.2236198741869089,-1.1214294414747992,-0.14437688811730892
2023-11-06,-1.4229629405062192,-0.46688908373245763,-0.27520654678161555,1.0934110177013765,1.5653894363085066,0.4905118400650992,-1.7342622509792038,0.9055362393242675,-0.039472319413463165,0.4954497396901093
2023-11-07,-3.14108361900834,-1.7720301610979905,-2.9492267173903737,0.23094896824386596,-0.45919850036721116,0.36833205951370096,-0.5231960671679312,-0.1960950384833747,-0.5738302565038286,0.17869005701219828
2023-11-08,-1.9905284600115203,-1.8601535363393193,-1.2646882600701317,2.3493046144817042,-0.6283386959671727,-0.08502751720474917,-0.0494129877744211,-0.6713629439195842,-0.4790074682305295,0.8576068054121567
2023-11-09,-2.1857635783772555,-0.24193613530720867,0.8094161141128946,-1.9082070729530856,0.8232508348085995,0.14138545046613463,-0.5315483757972819,0.34598939430863673,0.7138884223025582,0.9949003834517588
2023-11-10,2.7138110127275707,-2.3171079245082664,-1.2700637406434292,-0.2149225226396033,-0.8562059344466993,0.47263006203337876,-0.21657370468454,0.7830744196632464,-0.78277445981001,-1.216410168592448
2023-11-13,0.9355394622155423,0.5736616754015118,1.8717677260354106,2.0812195347371247,0.9164955915759947,-0.6477755247362506,1.2493659090937732,0.23287545772003324,-0.3807628095684384,0.5936581766577784
2023-11-14,6.457313434010423,3.319199223860412,-3.1226443389075778,-0.35543413259909734,-1.3761913079223038,0.005012672725141564,-0.11274774811038521,-1.4561507721173337,-2.340949952894986,0.01816738648081399
2023-11-15,0.45117437304541896,0.1535863672685532,-1.214989522618141,-0.3263375084077085,0.869020901875133,-0.24319535060405567,0.7282530553595832,-0.15826702216020086,1.0259399409825836,0.9040710294263754
2023-11-16,-2.2978913610193956,2.014654394043696,-2.183378635612297,-0.408759749495051,-0.5456624759078653,0.1490290603140116,-0.6246097608551896,-0.8084431832441762,0.5432437806165376,0.3074651322285698
2023-11-17,2.471908221839118,-0.819213419418802,1.1336217417512748,-1.8276342446065121,0.41276011485624997,0.15822327638329178,-0.6128148538148457,-0.10884016127347902,-1.749819495803813,0.20694931522638435
2023-11-20,1.704604853213949,0.2347945067105251,-0.11822523260479581,0.8401569271220463,0.8878068784989697,0.2349320275987469,-0.5658933575519491,0.8224386526697377,-1.2849218432507568,0.078335033967016
2023-11-21,-0.4651174128357605,1.7951876553284092,0.7657525436095695,0.5666197856150935,-0.6124826812483996,0.08937911926700985,-0.5800870213113913,-0.0004249629608795024,0.7993187215180799,-0.19455193621732064
2023-11-22,0.21769607874985938,-0.7657382969093752,-1.1598488833242322,-0.5286686964857927,-0.6826546984768904,0.076002306616898,0.1868239583015114,0.20311420517563858,0.6135966809708562,-0.7857011162339856
2023-11-24,0.668357547769966,0.8698141024003945,-0.9005634170494392,-1.561650341300286,0.4814051029570288,-0.1486635174898472,0.10325731311635732,-0.9050791233253654,-0.17211268661030366,1.1117756124827003
2023-11-27,-1.2999695527647086,1.4328151389438883,-0.48516746916849884,-1.5728977443915968,-0.6947880118253568,0.24471336596217225,-0.3513915261853327,-0.12319418403035035,-0.2304001207341533,0.1856461840300214
2023-11-28,1.4516407264423912,3.487113464963084,1.101496261358527,0.017101012533823446,-0.05069127758815648,0.22978771563651687,-0.9021553343167035,0.10380912309160466,-0.2421081248991498,-0.934263815431728
2023-11-29,0.09204251331134543,0.3748468517919352,0.06761320885352602,0.3804578149803744,-0.5504476752262556,-2.507584949898005,-0.2770951486188422,0.8224797471864432,-0.07064606584865002,-0.42395140802602793
2023-11-30,0.765402880194301,-0.5560767228575614,-0.5215239057464393,1.770352521743639,-0.012980410400697057,-0.1312166774373835,-0.3163714341631185,-0.44757201066100494,1.5741750188473838,-0.037665080750882395
2023-12-01,3.4090909898296977,2.096608404587027,-2.376650702559433,0.2209267152038761,0.8611345338994285,-0.6032930775805697,0.7009433988498107,-1.6453597693910045,-0.20797746343259838,-0.4991584229153621
2023-12-04,-1.7412078359605454,-3.3498843501033586,-1.3249180344744398,0.34618814171702933,-0.703966018402225,0.38520082834959646,-0.7667136110095853,-1.7568772620446957,-0.016846989286551792,-1.004249069000967
2023-12-05,-3.035878151714803,-0.5726050107105131,-0.11888420457618744,2.2695074661102153,-0.8770853977212623,2.4453349621241256,0.44834612213844927,0.8586157823986034,-0.026560983897810232,-0.47229700589437246
2023-12-06,-1.677947046916433,-0.0026754335568343643,-2.2244934822189704,-0.5318475911710686,0.007728336909569905,-2.132687331368533,-1.306109330197682,-1.6041602195131375,0.05159559283722818,-0.5826243899853499
2023-12-07,1.263191638035192,0.1954930667018032,-0.9134668607477741,1.650877246248067,0.34303171688650513,-0.16453534611028917,0.3923033811961739,-0.0638910126390263,-1.1062187935570091,0.3857643562216011
2023-12-08,1.6106570921187602,-2.4794472568496606,0.6266411576936067,-0.6462380150234374,2.0898271248680405,2.585644919505691,0.5603636841389298,1.2084834997517573,0.14530222964839762,-1.0143409989513539
2023-12-11,0.4067766699616948,-1.269371759515777,-0.7366967340831634,-0.43210292934231376,-0.0526466748047055,0.5968674707615342,-1.062226863223385,-0.4157053357341876,-0.5939153240547981,0.15879954853919143
2023-12-12,-1.1887826774741683,-0.8554200421307683,-2.616418495399831,1.467557663521665,0.3201133669687206,0.09376103959225546,-0.6597019999946004,-0.691901184702776,-0.8251630149163077,0.5934960075328819
2023-12-13,4.515257935786998,2.7676374225287987,-0.977267387408336,-2.8074877907239366,-0.9994972659578104,-2.2793922244247278,-0.22153085447915224,-0.1836478507246799,-1.4513693722718344,-2.2314828470175767
2023-12-14,5.837877998893242,3.214918977372444,1.6285557441167684,-0.2709951439772945,0.9967307055110612,-0.9041434597170218,0.9051858904208571,-1.005120785081665,-1.442864002038958,1.2888479332195997
2023-12-15,-0.618293319500438,-0.49113408766398237,1.0146841307475472,3.829404898094109,-0.5125687493638911,-0.3051235399623037,0.2760951840177408,0.5804243136446408,1.1189929972654136,-1.0978625687597432
2023-12-18,0.5315009216642946,-0.2516324029933946,0.48051624707348284,-0.9645081856250944,-0.6177309961975845,0.18811495495889108,-0.051300630211020125,0.5568985551537532,-0.0620350611817208,0.19768906310846115
2023-12-19,3.0440080241642034,1.3855727649076348,0.07103531127791257,-0.9475898315183638,0.10787608552227705,-0.12731316438161555,-0.11224375923879248,-0.21980228557320197,-0.48189991739231086,-0.38113584557913316
2023-12-20,-4.1253811484826794,-0.2692678997250471,1.4560818107014382,-0.9673353215617414,0.7032005517117337,0.1252087101699854,-0.3528984413351394,0.3608637987884009,-0.21016694725700436,0.9269824791079326
2023-12-21,2.768394711887768,0.6795315441839636,-1.1602394537497944,0.027445566297017176,-0.33280238863762424,-0.36977051024130564,1.2775739564242807,-0.28571118901676146,-0.283437305420622,-0.4208611537102522
2023-12-22,0.9347900881550698,0.5426698867967066,-0.378658134950438,0.1911395526586999,-0.6452151236850988,-0.09644751506755703,0.2887597121130371,-0.25169571192772733,0.17582121644921378,0.022540872908872137
2023-12-26,1.932876633344247,-0.22600305464181666,1.2433219106436124,1.5242893607071137,-0.3072854950398499,0.11135994286924118,-0.70972115801103,0.12433340731397849,-0.8097021143510333,-0.4124640779775619
2023-12-27,0.26683661164701905,1.77336816198365,-1.001904408413578,-0.6214258670311769,0.23988602484257848,-0.31025446088144687,0.9640952184451541,0.08052354772018688,-0.7450285870517839,0.41163505770672115
2023-12-28,-1.8193531948087776,-1.203025897983966,-1.6671050239033156,0.5349926871591222,0.4826295136640295,0.1826564516470963,-0.406594567322908,-0.23376673185025196,0.49360530622516974,0.024410509147146126
2023-12-29,-2.0107325222879893,-0.8215026210674214,-0.0005352684725203059,-0.7022056848879943,-0.1370271017961415,0.23807568994318518,-0.2682740956062151,-0.15004482392359006,0.1659438631207384,-0.33958451735445955
2024-01-02,-1.9222583502257695,-1.651607004858576,0.7743867867111801,-2.451443422401832,0.3309517534442887,-0.2053170791703497,0.5556595187727191,-0.6178201855286568,1.6626084038740738,0.5658998784614279
2024-01-03,-2.6700097540708403,-2.5365307402860124,3.3608216929048336,-0.8466206219756807,0.047721052563325,-0.048002800497794214,0.7503212785424636,1.0338309514861146,-0.6180899033396307,-0.8651703760635231
2024-01-04,-1.3428040540675645,0.6920858708894366,-1.0604867334663517,0.940873036082495,-0.07849108917258604,-0.34745600084623723,1.0816757391430063,0.27991333865186524,0.8846613317760252,0.06935640304170446
2024-01-05,0.6722841223425758,-0.3235829738867981,-0.08158808572776674,-0.7890731259590047,-0.29555929521927055,0.020360157906096757,0.25626834618818517,0.6055937608885321,0.21419558551670073,-0.005099678349061082
2024-01-08,1.0913246185709486,-0.2471459770974477,-3.828897206409579,-0.787275531552826,0.4845486740910686,-0.13681775492085813,1.0890913097238795,0.24104340720491738,-0.3450119233326381,-0.10055632305480787
2024-01-09,-2.1120919815766572,-1.3844308088443176,0.29914051400761216,1.4448255047088272,-0.8674164603287707,-0.1405973397223482,0.7899314360321108,2.0172481607391335,0.32109835739664994,0.3933900297605052
2024-01-10,-0.052927841872915535,0.0003605765811559813,-1.6107300665399127,0.19240798931468683,1.0515590436987932,0.18310613948423182,-0.8638722216172917,0.07419406197994009,-0.6312091470280097,0.2950166165587687
2024-01-11,-0.5437216813513385,-0.9583406697531758,0.21171861937965972,-0.32316873447435224,-0.13606167280536213,-0.017239692102560093,0.5017733210418448,0.44553575600049805,-0.8108022092073648,-0.1319568277696961
2024-01-12,0.1658587249695998,1.6140192538443179,1.2250666748459549,-2.783768770055537,-1.2295271618450856,2.0074227178109556,1.7339649594684274,1.0465869150607265,0.953390035513489,0.6630315085218915
2024-01-16,-4.0584219169173785,-2.429312243158158,-0.7983374813117611,0.6938873663505949,1.9358099717695394,0.9930895874965384,-3.0129507576733765,0.6178856780046595,0.3491536966444032,1.414392668930396
2024-01-17,-2.996367224158246,-2.4568168246986617,0.20283419400224684,-0.5275087233275794,0.008941333110622899,0.16058128554733386,-0.09737858191611437,0.03184637500439374,-0.3151311494350551,0.21795326603883297
2024-01-18,1.9911029316891988,-0.2567150279475767,-1.0925041651744996,0.7853081790517754,-0.24912026768912687,0.4860259124603511,-1.6714900985598464,0.09231660412263704,-0.32527387046950923,0.9338128446526139
2024-01-19,1.866125590536906,0.30799738678317784,-1.266410150415862,0.7613474649987717,0.6311038142626388,0.33172363876723426,-1.4331448867735752,0.21202486037668195,-0.7243114248722886,-0.1463888396974675
2024-01-22,0.768802656288498,-1.1277074714079003,-0.11215179964832714,0.2495921850200886,-1.51976867317195,-1.8903041312611824,-1.8614340832182334,-0.09064975894185225,-0.7682406769580594,-0.470877506734792
2024-01-23,1.2302281940928408,0.8305543277773669,-0.2582793256794562,0.35647599347514713,0.6875387542037991,-4.204403645551392,-1.0307443592819152,0.17572675352590814,0.9849727626369663,-0.7946297696976483
2024-01-24,0.8669317920432003,-0.15073311974795608,2.1186495389285818,1.2326280919040173,1.8683114160758272,3.1020989613728154,3.141870606670489,0.26927803805711115,-0.6345449247424928,1.0706754248023402
2024-01-25,2.7555011657225874,-0.5250323656191449,0.7395024640245114,-1.2104658342003205,-0.7593154939824013,0.10936156156922996,-0.8105930804807744,-0.6886562384457666,-0.19600923506592485,-0.3684796857924351
2024-01-26,-0.2033059969198139,-0.6484725109532564,0.44835635265613966,-1.6234600422804926,-0.2935069659450047,-0.22209460789836594,1.1552518524715627,0.4823936994124314,0.0004639559182050595,0.27410123589902774
2024-01-29,1.525178507099908,1.280523083810351,-1.7815469836260882,-1.2448348227485329,0.792342426477422,0.3786150110669857,-1.7234685996872736,-0.5432481641012328,-0.10119884561620665,-0.20176051311105928
2024-01-30,0.12596956122752306,-0.003080678476625532,1.750274767372348,1.5806415089829817,0.8536634264688095,0.8409520832531487,-3.6642348533713864,-1.460149802137785,-1.4938184213873176,0.282742998385739
2024-01-31,-4.649331063603486,1.1057461314770933,0.4159114887510688,-0.12532214869364877,0.3897617529464174,-0.1477865758465429,0.7127163999238203,-0.4948383910434724,-0.24695904150340806,0.29158442002329055
2024-02-01,2.0849558805691646,1.5813462140229562,-3.017347895386135,-0.3111541701873788,-1.425651635352412,0.15899748097960936,-0.3493352768917156,-1.1330116680179239,0.05964134205481712,-1.3775162344652288
2024-02-02,-0.16045916580598166,-3.454774095731248,-1.7535872818296274,-0.36463766726265073,-0.12359971166447566,0.051426788473108546,0.1351984882090193,0.2847630793609767,1.4329453377563681,0.6004837775230588
2024-02-05,-2.6870805394989237,-2.3897737927637124,0.8700801500615458,0.031428618830095664,-0.4796595250829107,2.708482775601249,0.39848434704285574,0.726157654635764,0.6651441592474403,1.0774473090813723
2024-02-06,2.422386859351958,0.5772925218988616,-0.5417889456134422,-0.12617716418045516,0.11935450654177808,0.12325600660355501,-0.5373452813211911,-0.9958233723258091,-0.8635917842023918,-0.3159654835147103
2024-02-07,0.5585705955178953,-0.9053541635695355,-0.8059218783448406,-0.3242430501538488,-0.8324487950920448,0.2847044816323657,-0.6234630627228572,0.26841500624782144,-0.38248436011645187,0.1541939634153298
2024-02-08,1.030453758186562,-1.189664943364759,0.6664109544391117,-0.8833908442071726,-0.5891485747222565,0.27366851536717207,-0.8124183555261907,0.09120717913563539,-0.30051879680762517,1.1018988300055172
2024-02-09,-0.4607241842760218,-0.7748951138967687,-1.6161578702831658,0.23969984500982414,-0.11883917122457298,0.40312676002945486,-1.0703421099294828,0.8328062590041846,-0.5486367259815845,0.3940561100061434
2024-02-12,1.5184314523636142,0.6881919110212599,0.7435368542715388,0.04810354609050889,0.6914584675932979,0.030334609318676316,-0.7264240770408295,-1.2790793920321561,0.07282833906127582,-0.4650831447751797
2024-02-13,-5.067678434754737,-3.5236203219181035,1.7554367701325346,0.17166211835595535,1.828395689981531,0.34022002275684793,-0.9414440200470953,0.14156307911749708,0.5038517115403478,0.5104787449479752
2024-02-14,2.6589892300471365,0.001429943186264549,-3.074635687160299,-1.3004959737612884,0.6105998987785645,-2.092989044133025,-1.4518211017716365,-0.33336612681438904,-0.729198534675407,-0.40533952908597126
2024-02-15,4.593614372799835,1.0941808341797215,0.6734751402731266,-2.6624745380059713,-0.05672890886615288,-0.07099936407308773,-0.1361136120389411,-1.0835434970404851,-0.6041464004833426,0.4133390658748567
2024-02-16,-0.45541277823477905,1.2445902192631775,1.7107854340479896,-0.3328733025058758,1.3381166758112037,-0.2285302048891523,0.364727463452032,0.5352098445458499,0.4572440465914773,0.7472940917282151
2024-02-20,-2.1518264842504027,0.47993285628049515,0.23210762358696888,1.4050028180445628,-0.15880917546669307,-4.2087738383960165,-1.4356536547336727,-0.7811995730105611,-0.34447148484962026,-0.18438065857226735
2024-02-21,0.9771990378909928,-1.0447992894913565,0.7557714884827881,-1.33636984186994,0.05168983750902033,3.305241796049417,3.917383505586317,0.056674396830777504,0.4379037436616806,0.022414579248307507
2024-02-22,1.9713690360128682,-2.7829409688882065,-2.515498361951666,-0.24860954203990446,0.11749309483387539,-3.9184366270936315,-1.8030517154608323,1.5804254116708523,-1.5638319109445797,1.1725061350261126
2024-02-23,-0.05689386558639452,1.5054780667331624,-1.6642159084563282,-1.472652755801191,0.45562569111504,0.4654054445521421,-1.3811394324821094,-0.7753369684326133,0.03988539418794503,-0.48057212329262217
2024-02-26,-0.9670832574361683,-1.9493849015681135,0.7372006020242668,1.0048440570912514,-0.7511573031318832,-0.14422843281927125,0.7040490948365877,0.22980846608274177,-0.5467836026274284,0.23747274759823672
2024-02-27,0.7583549305051559,-0.09774344284139316,0.19155464800458832,0.5877464503296309,0.347385690515181,4.250083413141807,0.4017256536647556,0.21757052169952887,-0.2715420276616817,0.5334101783644497
2024-02-28,-0.9805785710096324,-0.7052970776125771,0.3865409836528705,-0.12570271850870002,-1.0541175900846183,-0.8836427080932816,3.307506781592451,0.8862760149804307,0.5367544271477203,0.3639522993338202
2024-02-29,1.7806656296401682,1.6777390396377536,-0.42039931573093076,0.09784654276666152,-0.1959705467705604,0.11558029519075266,-0.6014458097626144,-0.00285341760333198,0.8460001996052301,-0.9790065662147732
2024-03-01,2.543075798857158,2.2193185963628483,-0.04825127780888906,-1.159933528741305,-0.7992571571617438,0.09279611162179632,-0.3859187442985587,0.29731444992246103,-0.46927656023991005,0.7543521425042007
2024-03-04,-0.05872013128244638,3.3677126675019,-0.592290273707013,0.675047362082308,-0.8567068775178183,-0.18153819473907556,0.5853936564397043,-0.01539670596248988,1.8412900573940485,-0.2006959711173381
2024-03-05,-1.8375851224333586,0.14502433944479276,1.0350219641844012,-1.9601239105533002,-0.5297248050885282,-0.28650872348426787,0.9177411601500753,-1.1832294405225374,-0.30063380657480154,0.5797935379213703
2024-03-06,2.0721858952151546,1.610609047331737,-0.23466921737772029,-1.0009160302055249,0.9617163494498255,0.02197825814494407,-0.10521003186979472,0.18741784553029056,-0.6711194468692991,0.402456930513674
2024-03-07,2.6286374069804963,1.3015529783070658,-0.5076626928984194,1.2985721782462176,0.729221701333366,0.19687058108997668,-0.9730582383724887,-0.4490771280565028,-0.9363047800270202,-0.2526107104295148
2024-03-08,-0.694400473438394,0.7121549578448939,1.1401956354740872,0.4557984348650856,0.4024161704192413,-0.19907338061715124,0.17094696485598884,-0.9996478075311844,0.13589908067060139,-0.24358072718852122
2024-03-11,0.6563197663344608,1.250880239407927,1.076373906881651,-0.2092367680641873,0.12720783919614598,-4.034245803052976,-1.8915315975698257,-0.55878167881301,0.8404375848129195,-1.2168742103509727
2024-03-12,0.3111306042818716,-1.9632336775698562,-0.9377564535602426,1.082224033686206,0.13579861445510066,0.3768572008632096,-0.6436761943939013,1.0484803832161467,-0.45307628183192233,0.24537822602412115
2024-03-13,3.155694639857321,2.298000531670986,1.840817229105618,-0.8872359861685184,3.1562863699265913,-0.15135228164599493,-0.5555119241835329,0.10028867439167402,-0.05190237376890312,-0.2779240931295013
2024-03-14,-1.047781660529549,-1.5028705457634015,1.6078015205877338,-1.3977537767412194,-0.11336404103689798,-0.10988921550030262,0.7599883873166641,0.7503808998031739,1.1144848263380895,0.35855158744346766
2024-03-15,-0.057838534135364085,1.0713854621622496,1.318902592025652,2.6056820174668998,1.6885482103095428,6.40187786235727,1.0348425758737205,-1.071602570867885,-0.07099579137411174,0.5924103365038554
2024-03-18,0.5827818214424179,-0.3839237654288579,0.6486624407395475,0.13049148871118554,-0.6141615305179332,-0.06698579585759482,0.08059111684883898,0.9781521923256096,0.4206709642281877,-0.1743202438497131
2024-03-19,0.7247473480329218,-2.2383929028384166,0.2721114190541798,0.6511204859409371,-1.1436368677216424,-0.1447089628613414,0.3486166584419112,0.06863551690014645,-0.3503036032721053,0.31284569830923337
2024-03-20,3.0928879944221275,1.8238569738525805,-2.13856592375199,0.5696000344809357,0.3708097960265805,0.21674315132763897,-0.2052322673569028,-0.7918895963806557,-0.19985286696136106,-1.2534854524922587
2024-03-21,1.1302944641279002,-0.5954053705894164,-0.6345222193832171,0.334828177824244,-0.5564566923018788,0.009924173322888112,-0.4178862850797618,-0.37937426021246295,0.725696183461734,0.4680809472908321
2024-03-22,-1.8503751732346139,-1.526857908117733,-0.11115638719732711,-0.2938968260510125,-0.48765144075767325,0.15998622004074348,-0.4596370371004499,0.08509337900774291,0.02830396616039848,-0.44000066503182406
2024-03-25,0.8221014825423297,0.6841352130715842,1.6828320222296274,-0.09366796281774772,0.5717606259761276,0.022751246130598663,-0.4941241699212909,-0.3850691662889893,-0.3210960958842254,0.24167750381061456
2024-03-26,-1.7451651472595626,-0.023051994121353298,-1.0475508657029236,-1.068967756679361,0.13142208290141102,0.2943209611231707,-0.4445367169155825,0.19170538682533333,-0.2021460959927958,-0.15228589283516913
2024-03-27,3.5797524700905337,1.503177021544202,-0.9029906265646652,-0.8391254168498747,-0.7052919975551215,-0.5621814990596334,1.7342843984612595,-0.0953733288861394,0.9189302539107419,-1.116441221207993
2024-03-28,1.649208865130334,1.1533095582726047,1.8236154946262242,1.2572094196862302,-0.7016957824706782,-0.2426576276463407,0.14610261163405855,-0.17960959684184485,0.8762323878366343,-0.522996624850827
2024-04-01,0.14200257432447316,0.5785265014913806,1.3476862007632737,-1.557465895941105,0.2565907301012136,-2.6100038368508507,-0.1320441112836488,0.4177146946189083,1.7844100458272423,-0.01348450552988021
2024-04-02,-0.30273134686772696,2.0850857353049745,2.135364200396783,-2.521514254549274,0.9983332122474622,-0.24670060667060506,0.317471020176124,0.2934305138042357,0.4486462439009289,0.6657276554553234
2024-04-03,2.2783390167987965,3.5447478634046337,0.8058289919770973,1.0815571732729912,1.0145990236265376,2.0370798770637992,0.49348497544112596,-0.15436649007918832,-0.23316163380299623,1.0320487241676832
2024-04-04,-2.4217955029296956,0.24444299648894655,2.2708153783705667,-0.2345668635772324,0.2021290010217347,0.07591020496734004,-0.6528077470282669,-0.791834699438934,-0.5796025548000389,0.5111437065486274
2024-04-05,2.992261921318919,1.693672541919083,-0.09994676388315762,0.06706635419628945,-1.3688788667669787,0.04004202886839161,-0.4087222960017905,-0.19565244155168512,1.4337238828464445,-0.18022231637497052
2024-04-08,0.10352293215456758,0.49955267969864336,-0.7604203562064137,0.2919856915265193,0.8292761146565336,-0.3129216092905969,0.7800336706784559,0.4647261318020775,0.11805619692274318,0.5017475564067468
2024-04-09,0.8754263820576583,1.3734477043815614,-0.6402441242209443,-1.0525321312780724,0.6889225136863522,-0.17817540933303314,0.5411763388733954,-0.05128843770450813,0.20547732675485894,-0.7815503417285676
2024-04-10,-2.6076446702366542,-1.5650325333210966,2.5896238034314916,-0.5370495666308102,0.6602215750194769,-2.2839502754566996,-1.1529489633655932,0.7976280657270779,2.320200561762732,-0.12319194998876501
2024-04-11,0.7424367838781201,0.7672052248205746,-1.8931124206645467,-0.8672538644511587,-0.5917477002666863,0.5342693717753387,-1.5688106732227989,-0.13954430441245858,0.09442061118508689,0.5371248699974589
2024-04-12,-4.1294584471987035,-0.06355651022737566,2.168915554509624,1.3390718518293105,0.4849220729057353,2.303684379828697,0.5232221252865028,0.3959089569833,0.6261105643544378,0.4669007027079809
2024-04-15,-2.4319113169352606,0.6256967802479368,0.9130520261466004,-1.0186264974896972,2.230207121049249,0.015414886495765381,-0.7660081798501135,-0.5060088417746269,0.6857101572926584,1.148642847564917
2024-04-16,-1.500099333254758,-0.40876504897684346,-0.5669520464936564,-0.349298244915711,-0.3468019983082741,0.0008236974700864699,0.36503344766080364,0.7799688525006215,0.2110650137991542,0.1666120880030444
2024-04-17,-1.1234642637368677,1.0330116485759657,-0.7365157362247342,-0.4094045382247181,0.9002377022470749,-0.11624080328246914,0.5609423335423283,-1.6436798301221967,-0.47384983626958127,-0.5699515238776776
2024-04-18,0.05313571586470199,0.3372860085299608,-0.02378000798320553,-0.8962135023936302,1.0742036585365877,-2.6916807002616987,-0.1733752754468156,0.2904392307048245,0.6016631157604376,0.008074922331034405
2024-04-19,-0.05511968751184648,0.9842438238907508,2.0268236302216343,1.2405558800500087,-0.2510290612958416,-0.3867762426431998,0.05633827011406277,-1.481847586600698,0.060122829568474805,0.6124610137303161
2024-04-22,0.8523521652844964,-4.636765690019878,-0.9827349827487293,2.5757437813812873,-0.43856544175779927,-0.07492267403459595,0.6924654306090611,-0.11211816151608157,-1.531904068932765,-0.8413249288660202
2024-04-23,2.0573749926954075,0.20189207810577217,-0.5636197163421223,1.124013754986849,-1.6911523229197987,0.07111279274966913,-0.17389361224542565,0.6922589276318067,-0.6518593765147062,-0.007814549674715388
2024-04-24,-0.8870295080821828,0.36758777728655284,0.47381051406008723,-0.3418181158912546,0.1455883331500221,0.6384472498271784,-2.0939492254021483,-0.4476747673689927,0.4876982302547738,-0.6560109973709874
2024-04-25,2.281409874732598,3.503750830246963,1.2601262128376343,-0.0034901933717123123,1.2270429074676963,2.5225833084505513,0.39149479091840955,-0.4945255684036694,1.1363108074789798,-2.3639530401376794
2024-04-26,0.7651813873605047,0.12391856671487886,-0.9980416281830838,0.17514823103859412,0.5102542297264756,0.25367787166448036,-0.648549132655752,1.4314513344867452,0.07985438287783618,-0.5693110347158926
2024-04-29,1.584759191143784,0.5178080037649515,-0.25509200922155395,-0.41893321645719755,0.33755574727149124,-1.6817897890143052,5.300800308474915,1.2604507458148546,0.15766610491119376,0.36235863001401236
2024-04-30,-6.546232279493851,-3.4117127869430424,0.04512937840170923,-0.07089356254186825,0.3471461138836435,0.47396719966415923,-0.4438455645733413,0.4229988538488707,0.41120435694037516,-0.436390283197338
2024-05-01,-1.7638208947039042,1.354284191862628,-1.9781600540094753,1.0237700325672747,-0.09479929452279433,0.003465241117493017,0.022161545487109413,-1.3260067034518492,-0.5499968888932706,0.11520125727988287
2024-05-02,1.826808736487787,0.10012539378994151,-0.8642295411715578,2.2559576644692467,-1.6663315077558813,-0.2406740218436805,1.0673623302652187,0.09731352470491166,-0.6513815850366333,0.1703689294268272
2024-05-03,2.1776999292436066,-0.19989629720549007,-1.3069961275696806,1.2273827862677695,0.10856146518628973,-2.792212126474608,0.39259916399506595,1.1757763152896863,-0.7784061718316513,-0.39449479203349536
2024-05-06,3.355733944702567,1.7670332567958034,0.40977426198807376,2.7773886554727034,-0.7398976933289384,-0.4589415202243745,0.18994628803201002,-0.32523054504601945,0.44912569195287444,0.6731884012885022
2024-05-07,0.24404763224907772,-0.2580471206728434,-0.2537931430710556,-0.6656637386451957,0.20079057378887952,0.08461930620370713,0.021362829306728455,0.4884620170184004,0.46900443293519367,-0.5999127663727948
2024-05-08,-1.1884550958439613,-0.5685562797324004,-0.32036729067020864,-1.7862725829189379,-0.820146855471034,0.31241835464181034,-0.4279055571530056,0.42460770772015005,0.25054725712195847,0.21637330136233998
2024-05-09,3.1319831008750008,2.446186062963508,0.06810612524094307,-1.2951904205803269,-0.2280433251315919,-0.5212162342811648,1.0452638999402601,-0.11028230693755417,0.35139232904368806,-0.5020010810094999
2024-05-10,-0.20016671879118447,0.7462275649127271,0.041029263728729004,2.914355897286308,0.45490208669586635,-0.23592947240162812,-0.5327576712018792,-0.30194631759926865,0.39083435626161384,0.9170972252719103
2024-05-13,-0.15332728505694124,-0.34137749336834494,0.45897948031526453,1.535032978139179,0.7784296926381215,-0.5549562573068932,1.165876095299707,0.5224009047321614,-0.419424737740617,-0.24448170496545915
2024-05-14,1.4544832897430402,1.6121326265090055,-0.8422901414920024,-0.8548230453191864,1.9916471571221996,2.164860421605763,0.7437835573736624,-0.025431812091429747,-0.4973655241168731,0.5384521013298575
2024-05-15,2.134735459705183,1.9856132525200583,-0.3736041215397992,1.417075323030297,-1.7046511980574064,-0.2740842489699586,0.34507460004207835,0.6929724985192285,-0.7642350781689025,1.2737929917890831
2024-05-16,-1.4147260458364703,-0.5646483820200446,0.32953386960440423,-0.48051053762917006,-0.5308562409557778,0.004839780846894062,0.5076276566567526,0.6918075947403659,0.2421979325100082,0.16344082801430385
2024-05-17,2.6875598410508013,3.239827195699021,1.1393911060976896,-0.9361366476214839,1.7371526189320023,-0.6214065760815287,1.0017307513493,0.7976261032017607,0.9430601194410011,0.703659666214975
2024-05-20,0.6590536991422598,2.039371655177611,0.7190480268230041,2.7324307624831863,-0.37165738914824664,-0.47849035495262093,0.5093140426580003,0.45895234854279005,1.2012923520509782,0.28810956057050613
2024-05-21,-1.2566037078065286,-0.502414976105198,-0.37002023861511096,-0.034182608351892414,0.07676503705319683,0.21793958028053612,-0.7361359001234522,0.4746063335152332,-0.22354427212177308,-0.20182098367478274
2024-05-22,-3.6750953594663813,-3.277089867829486,-1.1741125944802857,0.9963383386035317,-2.101680663138301,0.03245410945207588,1.3316634034250627,0.0897916316384387,0.3285165255864886,0.2741876487885443
2024-05-23,-3.366263108168516,-2.055626352158042,0.30343013750711423,0.535708524307411,0.8982596221452234,0.6169022113683761,-1.2412692431929029,-0.1575940153242694,-0.3014833037758037,-1.3862923505034632
2024-05-24,1.7733409291579487,0.6984201551616208,-0.6926808557921532,0.27075826780394024,-0.2658398514095172,0.48753243353358083,-1.188114620785331,0.03274939648252758,-0.6844088596235576,-0.6477231919160754
2024-05-28,1.0964812276822316,2.5009484046739052,2.137352276179789,-1.35988185582477,0.9148449426051597,-0.3790442573712885,0.18020414920766067,1.0446707436400617,0.8087407213392788,0.9120958728742106
2024-05-29,-3.8982673573977387,-1.1399726276043844,0.1130591532587681,-1.2152167553673847,0.3429263799584667,0.40904649752342515,-0.9157249058042153,0.16641318537381936,0.857769626279105,0.538084464717359
2024-05-30,-0.0869253054126942,-0.4150791302499043,-0.6708749306475925,-1.3970942138776212,-1.072989644110936,-0.1539093773574554,1.356826834766989,-1.7339456309515797,-0.4371023085595114,-1.1354612985301997
2024-05-31,2.6548126914266432,-2.3056385394996286,-0.5951950256524455,-0.6882863149909789,-0.837259777326762,0.004299341077504386,0.5416435583450553,-1.3351004427342026,-0.6840626370756803,-1.3336393316840847
2024-06-03,-3.0184731848451904,1.5487107697963205,-2.570731082596709,-0.30017014468168746,-0.3935062676562125,-0.48788754650061006,1.6837620806057931,0.5659554607492695,-0.5322931463455091,1.1489946691212043
2024-06-04,-3.494858683563428,-2.9582453797272206,-1.2786897860526192,-0.3443995761291685,-0.9817268272517206,0.712579231110196,-1.102707315068435,-0.1699188252885381,-1.3610486961935166,0.12991965342975806
2024-06-05,2.658330532872081,1.0587858188415524,-1.2611588610131974,-0.659406804496586,-0.2475906634567535,-0.313375747058609,0.9388602124696094,1.6636213926555012,0.27503607478140685,0.557867739074931
2024-06-06,1.4074064242862794,2.7149028108306013,1.7234219985164179,0.8341367849484675,-0.06564295362243983,-2.5797970839101936,-0.5353642416065737,0.5644596802079908,0.48014227380951563,0.18111692211598002
2024-06-07,-3.2609454100675066,-6.33118088035215,-0.8913884396469683,-0.6278253381631652,-0.45556314619607924,2.7753695785101304,1.3892964947191642,0.6916763913787523,0.482023248622248,-0.6408582515958742
2024-06-10,1.6616414879012116,0.6763965910510653,1.1037026002385706,-0.7483163966859366,0.5491201510983515,0.14422276491880215,-0.405367090827849,0.5546457543963291,0.4878823339531358,0.2889858998378392
2024-06-11,-1.2105006421613613,-1.1387248017624025,0.2592673616350721,0.31636231396895503,-1.6511035941466081,-0.30020264366404975,1.2676817031070198,1.022904153008725,-0.11277739682812987,-0.3191742075466142
2024-06-12,1.6355847094836236,1.6780964128343467,-1.6674141553851578,0.2937642005842292,-0.24250398259001002,0.11201998316357688,-0.6834867023619688,0.6354875240935675,-1.3677299862374765,1.5589923068185982
2024-06-13,-2.3045258532825796,-2.2567514328683735,-0.33800197692350026,1.2962702174337828,-0.6187001234383305,0.5448102935992455,-0.8717194867894023,0.8197131119934552,-0.2221017018697487,-1.3060065255111126
2024-06-14,-1.5169022919462445,1.6178137817431253,0.07325447297816187,-1.4126927321815128,0.723733135328209,0.1494865007870552,-0.8006470972051846,0.8938814668417779,0.5950386475814287,0.4632644255467737
2024-06-17,1.4989836721567662,-1.064578681598604,-1.141363135547215,-2.06343315415803,0.7057584896533694,0.44583484587491684,-0.7028074992902645,0.6118583164944499,-0.6553127995019775,0.016689602246822637
2024-06-18,1.2113206267658365,1.0786395369136752,0.8821394138874554,0.16346887045770908,-0.4586628474998905,-2.6110915295205794,-0.011227293975858855,0.712692681050646,-0.05358851705522076,-0.1292919287814082
2024-06-20,1.258924081587211,1.6978489186339794,1.191717828024502,-2.800029211250246,0.7239153745969282,0.11808539957684606,-1.271865308025922,-1.2149834532234187,1.020708375774352,0.6924647591276114
2024-06-21,-1.6244355762138105,-2.3924807874334166,-1.2989200425580727,-0.32460671175437017,-0.22873794301533276,0.4455719696059492,-0.0015388578472606245,-0.22783537215731284,-0.21619717465590083,-1.3391755653355357
2024-06-24,2.2473602166485684,0.013850755513408447,2.0751863177106205,-0.8502447347072831,0.5109418347588379,-0.5309500810428703,1.3582155844178558,-1.2226118414582536,-0.51191262021627,0.020274376819589504
2024-06-25,-1.6714252510648648,-1.77516018829283,-1.0240556325332981,-1.5313872051914243,-1.074852292818049,0.5190212191830982,-0.4347718431384168,0.3785744519372564,-0.1639861771139121,-0.646374403353987
2024-06-26,-0.641648008235768,-0.667562437282481,-0.7143510605270653,-0.25648336174758835,0.4023652273357113,0.5171591124242536,-1.3212257034616215,0.4672553760975064,0.6594292426851218,-0.06519601624625436
2024-06-27,-0.007351764101879273,0.5796550372334107,-0.32766409404672603,-0.1352538862595068,-1.5196215120231356,-0.13100881168859754,0.096850637834325,0.25830661195674315,-0.10571593088670636,0.20002751763148804
2024-06-28,0.12176979394139013,-0.16862228953420844,-0.26496818645723497,-1.848360547320545,1.3210375319417071,0.06524498030227256,-0.38342402656793506,-0.5041715843850596,-0.15860207687390804,0.9608383133997023
2024-07-01,-0.6461907247673017,-0.1770587591317067,1.2290917066220859,1.0961497504318942,0.5006031502340209,0.341896613115304,-1.4113447875935154,0.665083564014519,0.2237783254810697,0.41637681139914823
2024-07-02,0.660872364293119,0.28918715679477736,-0.8918421455276332,0.3449972455514811,-0.0593882063029973,0.17025413672248624,-0.2786675335752946,0.1600994876216316,-0.514905828390207,-0.14086807942443408
2024-07-03,2.389577056260727,3.614854777668861,0.43266242810789296,-0.21092940174930982,0.5113359752286168,-0.11787347729326603,-0.2646065972016645,0.35792332827950435,-0.1381755114139477,0.42505746204169076
2024-07-05,-0.14721539757135071,3.7092584156692254,-0.2434922445012064,2.1386744277153125,0.6351427400364601,-0.015978204549311915,-1.0392710710666757,0.6526298542903468,-0.4091920059811862,0.2106094222002846
2024-07-08,-0.8763655192125611,-1.6312184230628233,-1.6236384901694627,-2.5545254625758367,-0.2044985987459395,0.21435077605813477,0.6300693146273265,0.31228029593584905,-0.15448120223911022,-0.5724455168848491
2024-07-09,-1.505193308026944,-0.02922788965214219,-0.3772490317481976,0.15743205852969103,-0.4271230300364724,0.13276756624557032,-0.3160653568636929,-0.0769305574291067,0.5523323868007685,0.2035394750275087
2024-07-10,2.5277404535305164,1.406960527537373,-0.565854093659386,-1.3217922767286292,-0.34147354536318403,0.10618168533648481,-0.2531972580098764,-0.015487357565287744,0.27886184424278504,-0.9269861366806149
2024-07-11,1.9851560141914582,2.085516004137269,0.5464177802551023,0.01009315051135427,-2.178156393524059,-0.016515316993348326,-0.3950019430391553,-2.46966427083061,-0.31793602309011854,-0.1194455670195791
2024-07-12,1.2960368222481367,-0.025933453472544905,-1.3125685135248861,-1.4197039404318974,0.937706647821948,-0.1692357808018266,0.9210064049979413,0.45307159128496577,-0.7130565726302884,-0.11958304579543835
2024-07-15,0.7487747934526755,-1.8311190901844705,-0.7173677497653462,-3.734973301082708,-1.2122161382090073,0.5140807360479697,-1.5556861031009248,-1.6619913398160828,-0.009006010608843184,0.3342398743195038
2024-07-16,3.2911027964930515,1.2921596600779914,-1.875696078742197,0.6646015526490312,-2.042896948409351,-0.1876526773429045,0.3350673447943926,-1.7753302139295417,0.613919947936639,0.1974690727755616
2024-07-17,-2.654311147840607,-1.243501453409494,3.4263732637638205,0.04934501806467193,-0.3775847516738016,0.31215783819407705,-1.025556501241019,-2.0130435863349336,-1.594696256690114,-0.4018347984447971
2024-07-18,-3.194475348489991,-1.7964202118985748,1.541890353343149,-1.2728971102387143,-1.6774927000768525,-0.0818263502140029,0.7866878466431289,-0.0695261629172139,0.8399562676373694,0.6271334015961532
2024-07-19,-2.498615193056508,-1.5857135852859476,-0.8706409528823783,0.8375576214802346,1.099474205130689,0.1238745960947153,0.44555290055821734,-0.719777709827943,0.5764292140174138,-1.8923904483789264
2024-07-22,1.117861661440912,0.026309438914102538,-1.5936725170105575,2.4621567822658355,-1.2240599598312132,-0.13605207527655136,0.7982152038939099,1.2887294675366645,0.25558530821868414,-0.023054771624939546
2024-07-23,-1.634599184136042,0.5225322790821912,-1.504001946684262,0.34957829574924665,-0.021414082577238154,0.20273583126237923,-0.5131362532844019,-0.2568936760314775,0.3628335638447829,0.04070985933160822
2024-07-24,-4.424508917606642,0.3806463069764314,3.538313080351147,-0.8316942714745936,-0.1615135269662607,0.016812422970077172,-0.3746070509488332,-1.9908316646264594,0.4291516719155451,0.05121614805063958
2024-07-25,0.8627760084984097,-3.62652184313393,0.6380592591821947,0.010180623717524219,1.72970528341514,0.03887010303875054,0.0595272920519741,-1.5090685033643165,-1.8166878769831412,-1.150648648964102
2024-07-26,2.19216652432157,0.5186149197917498,-2.8127325429808145,-3.016265805666316,-0.18214354725957776,0.23756042523813706,-0.3263051099145136,0.27443519321584375,-0.0009338424711185553,-0.3838103488695833
2024-07-29,-1.4166589776071397,0.25732986786758916,-0.79549165866474,-0.2287936240230312,-0.323771950490078,0.40905132909054354,-1.2138254354972169,-0.27700655015871467,0.5934312665505397,-1.0123379205603977
2024-07-30,0.11820256675320613,0.4631492844263606,0.14426417199020633,-2.6225310187302417,-0.9544057131072448,-0.9978775996308976,2.6863922062970036,-1.1948821054154315,0.635435272778718,1.0068093414384933
2024-07-31,3.8397861960747153,2.151551398853033,-0.38857887310309525,-0.49446027883077204,0.5217372153709569,0.3862605929161542,-1.434407050587162,1.852777742902927,-0.9404609706890652,-0.15745548363969528
2024-08-01,-6.45802119362694,0.08659608070283824,0.7283047879153242,-0.00796520588382218,-0.5744837857686708,0.34564070622579113,-0.7001139524275545,-0.19102198012033297,0.2682332564754241,-0.6146952982670462
2024-08-02,-7.4308386818357794,1.342025531028447,1.087628968603699,1.4176900217446535,0.7241547548310124,-0.5658997589354051,1.211115125981858,-1.258476581279521,-2.4163639170638795,0.5878639600505013
2024-08-05,-8.255839028328202,-0.9544695480041709,2.9037079913695103,0.9273791295078679,0.9252694253840024,-0.13566622120121946,0.9058757114752264,-2.2666426365646317,-0.9462244860819613,-0.4988011694288612
2024-08-06,2.804766105733091,-0.5771073455496663,-2.326791375892548,0.05866615136800415,0.437006729731229,0.12756802629409295,0.08055114139866082,1.8637228345283547,0.9291446664282984,-0.6243887685739187
2024-08-07,-2.439582194464209,-2.314015306541729,1.5300358971946122,-1.368508520991364,-1.3353605497275522,-0.018397002723845233,0.6932886689876143,0.8323480565785027,0.27523966880057005,1.096706382714869
2024-08-08,6.662916841811012,0.1961302144371824,-1.317369548775506,-1.2295701585496865,-1.015944206692731,0.0764933551173637,-0.29425858823214307,0.22268423322919553,0.3436450686254394,0.37365206676510127
2024-08-09,0.9262515533056904,0.6655339544547825,0.12781324639592964,0.7527452868144947,0.04471361519091763,-0.016768098407460696,-0.05318655428730357,1.1291688279876433,-0.5895371749124931,-0.137224005993365
2024-08-12,0.7671349703839034,2.062800578543506,2.1925164243657047,-0.9770307200523827,0.10055769916764218,-0.04764596358407417,-0.15478915042783153,1.5626396372219917,0.25381408888147877,-0.09630999147841303
2024-08-13,1.9120205136557014,0.4276094222414563,-3.806482859349976,-1.210305964684276,-0.5138601732567294,0.318302587504133,-0.2655582175627597,0.6398999290411979,-1.0650988771473338,-0.5022737104225113
2024-08-14,0.13326970142449174,-0.9516831074352193,-0.5391752841761723,0.4361142489457573,-0.19501833284063178,-0.15696802534637336,0.7560945643953053,0.20270500969038427,-0.05782194963911274,-1.2053387137340887
2024-08-15,5.141233708024437,0.40663137682164996,-1.5471280957372908,-1.845866184977261,1.6490742600338253,2.328837119027889,0.0454046039538793,0.9881174463352913,0.8946273457107835,1.1999339372435631
2024-08-16,0.1281153860600225,2.4101446280907166,-1.0465379175256382,-1.045993327502857,-0.3689382207848825,0.053517083303019665,-0.5358559960348293,-0.6584897511318629,-0.2374205188281104,0.2659192393317869
2024-08-19,2.188701947167904,1.5414335485398714,-1.249606513007385,1.4974187319613848,-0.6286608824100074,-0.5193566253306114,1.5095443515245468,-0.7969225953387273,-0.1822556041608771,0.18370082205272273
2024-08-20,-2.6202441571769914,1.604929978868173,-0.7834987126486022,0.3131152787459037,-0.3121194773379053,0.20166587178439144,-0.29762800919722415,0.31791253658993196,-0.5481230567190967,0.2326761336082659
2024-08-21,1.1635301828421616,0.8989844676872859,-1.3593568073175661,0.028077282879550917,0.7515669814120904,3.966539358874619,1.6436171381612545,-1.0151056404202263,-0.6769207666757128,0.23522548321840106
2024-08-22,-2.0534860432526982,-2.3047660987568226,0.9260932456471676,-1.963716804656103,0.5139521706663923,0.5189211815258727,-1.267325416391935,-0.5981602665200235,0.41093942508841297,-0.18466627075753442
2024-08-23,4.682796081532171,1.2560283742612444,-0.579556790669568,-0.6148501571129741,0.07174850201443478,-0.050844976643566714,-0.1487514610637044,-0.057781030676307785,-1.7771184705686018,1.0916091482875125
2024-08-26,0.47695267004637104,-0.11998353274215819,1.8647503439018807,-1.1078437382620956,0.3353011895762684,-0.8507387059368907,-1.191122429169466,0.18112057540042337,-0.22801865918397382,0.261520625937465
2024-08-27,-0.6827694548928394,0.7216120842389888,-0.9448862865849847,1.8796724354499652,0.2742019171836817,1.1410024109062937,-0.04480754275164315,-0.5669272767193578,-0.1400470158056291,-0.006162460324925224
2024-08-28,-2.8626587541696904,-2.3568159131590356,0.06680244803026263,-0.18908469229936478,-0.9651847352982601,0.031055302205320472,0.3257877906467773,-0.7629791207224137,0.6830995370131941,-0.2755605225869558
2024-08-29,2.0930197505410946,0.6271600628178069,1.440048414588866,1.3751135447094227,-1.194420241650475,-0.6301719162751857,1.6419777476131965,0.5861136346054573,1.1400518486047553,0.06921473158514194
2024-08-30,1.2380757803094156,-1.3078253224024932,-1.9135560217174532,1.9760145670919809,0.3340375444698955,0.06404732529276004,-0.03288397497157991,-0.27891338728975157,0.5813042448931238,-1.3534079689125431
2024-09-03,-8.475209222370538,-1.2133473969974615,0.603692142458963,2.715456340139607,-1.6385310781609517,-0.5358389769703557,1.581041582434934,-2.830720503949588,0.35495709737722503,0.440342342284129
2024-09-04,-1.3198036309983234,0.6883982153136957,-0.8477862475213952,1.876339184070934,0.4154300744359419,-0.0514798598098506,-0.16898963198631223,-0.6125742118849015,-1.077284783993007,0.1523354237830262
2024-09-05,-0.8759753057668392,1.7031688541736145,0.16656484782991932,-0.05812966367425837,0.06392259854005368,0.5856321777577019,1.2213940036940552,0.9866308803949628,-0.16979424645291813,0.7833000366342557
2024-09-06,-5.312395358533051,-1.7509466540825414,-0.06636632520969939,-1.4789038614832744,0.4263433301531292,-1.0102128137056834,0.5985055583770272,-1.0091032166088814,-0.26672905249169887,-0.3800250673552193
2024-09-09,2.9751804784676037,0.2516924349769112,-0.7726790502307332,0.6331991516148179,0.23355336099280194,-0.839897145534601,-1.744444026204246,0.545365834845136,-0.04171281536229354,0.3732812578703615
2024-09-10,-1.4834696665012759,1.2087125294108683,-2.8885212848786845,-0.6172814431207853,-0.5617856353033643,0.0027825201243232038,0.5899115837072657,0.45879719573269806,0.8579799414960788,-0.9124696500673952
2024-09-11,1.357142615169918,0.4764731965618075,-0.6078593721238431,0.7748957585982829,0.1404507482342125,0.08961236052453048,-0.25988969174131077,2.2755570146517945,-0.13150045180972603,0.16596465000547492
2024-09-12,3.564551257118762,3.5617940353745934,0.5776430118794799,0.40075492301209714,-0.6754503081308447,-0.28068958777461284,0.3218033793816749,0.6104797612108076,0.692797744685844,0.3481676114974382
2024-09-13,2.8132251652048272,2.278529043964283,-0.7280201847132528,0.4617786418507562,-0.3747808993988039,0.952730039248609,-0.21762385648238725,-0.7337366186661342,0.05064585023668605,0.4606514633806402
2024-09-16,1.5601887573278503,-0.08998680513011788,1.7912818551792846,2.6479935470791816,-0.06729809918545647,-0.4722593635591849,0.7621816628217019,-0.38442185479854013,-0.8618072361536789,0.1972088888691192
2024-09-17,1.3373381773015427,-1.3701161545427984,0.6416184004754073,-0.16358124800055784,0.10956429979161517,0.09488825708036824,-0.3836856969418383,-0.7606178739391187,-0.2409349122754191,0.04254055892310171
2024-09-18,-0.23666683336940128,-0.2694607399539372,0.3920936371856156,0.3856073640013041,0.8490485946000293,-0.04414388017278176,0.02340661145441664,-0.6762560297885966,-0.4842611595597153,0.2536036152558618
2024-09-19,4.495160093875172,0.6962231799367864,-1.4177778097817042,-1.067378010582916,0.3338686888462567,-0.07219651893366948,0.18193213472599326,1.6040004322026258,0.34366080519503855,0.5406564409305736
2024-09-20,-1.1316638422116578,1.534475347474144,0.5965696150073012,-0.5700618961216721,-0.5629796658439918,-0.17013697109162995,0.542272956706909,0.5560223883317772,0.6967836911600055,-0.17841600905747537
2024-09-23,1.2942333416222527,-0.6718914802972701,0.8592246388855078,2.6744473708059386,-0.5425959402301588,-0.6648430481212719,1.6349079633895638,-0.5976503700051129,0.6427926494876731,-0.2958277348764325
2024-09-24,3.106847497412892,3.5401828462781384,-0.12809205497068224,-0.2747832410769802,2.2894987026452354,-0.09388548701658621,-0.42109154364496093,0.43038103444339243,-0.39105873259990237,0.3178565822132104
2024-09-25,-2.646717059884466,0.011163227393666264,-0.9270705407363209,1.7602666463522543,-0.041880493562748616,-2.486249317873363,-0.28566599531453724,0.8687407816677646,1.4425807570912443,-0.39236372783019685
2024-09-26,1.2967915074612135,2.4717674932489397,-3.3067724750272154,0.34150166938630483,3.616858896564133,1.019326986211724,0.6408042267517814,-0.12467987040354307,-0.2424732492375047,-0.2069898929789248
2024-09-27,0.5218098635801727,-2.9618913542952967,2.1834182026913114,0.645613722437984,-0.843160447027888,-2.25051958505974,2.62797268658803,-0.7582190191523919,-0.9144495700450327,0.38698461428202924
2024-09-30,-0.057220914322579995,-1.961840322127624,0.2091576496592026,0.4462917786258956,-0.9373723080446992,1.3244546009167755,0.34344719346355645,-0.24507946080582252,0.5121802515959167,0.22877312972564115
2024-10-01,0.11470694240489897,0.877330954572322,3.965823323302062,-0.2072787977507293,-0.22618216633872004,-0.2800845386468725,-0.39095785000392924,-1.0429352468612978,0.5112526465995321,-0.09661876346700282
2024-10-02,0.372764988676378,-0.3523903651581033,1.2035745749259332,0.7689467066497592,0.49021214534299323,-0.08657499508523134,-0.432142755278907,0.3454231598077517,0.8361838717363302,-0.4048347543335439
2024-10-03,-0.422405351905312,-1.4612664390045849,2.6627552139417783,-2.10805828624095,-1.2651508214398455,0.14203381200858253,-0.021388076400966755,1.0256595694281592,0.41708559487288405,1.277574459098407
2024-10-04,2.585130106916361,-1.2407433922605167,-1.000259796899736,-1.172788927575835,0.8442034179983139,0.3951884284399847,-1.1123075482074345,0.06554462934457533,0.8978516674454176,0.06126612572812851
2024-10-07,-1.2027783469707511,-0.8790654488780464,2.3502396898558704,-0.3437711434167302,0.6272506814592861,0.19822513554319374,-0.8351443145133766,-0.37916780785502313,-0.4277346318072491,0.14370881783409362
2024-10-08,-2.1811000053202543,-1.5766216947818166,-4.167404751993891,-0.07364820971157127,-1.720184751499758,0.45919969139702776,-0.012933396690405403,-0.12158487345855194,0.16291598082987996,-1.0743344600142202
2024-10-09,0.9455082402458154,-0.816366945883663,-0.8118851782696557,0.4562014802149743,-0.49384988675669866,0.2836380840978616,-0.7526518523001953,-0.14596100259158717,0.6483025350551063,-0.34180493210259416
2024-10-10,1.1894991199814757,1.4872757358868012,1.8941843965913958,-0.8490033578696616,0.06264288143654977,1.1099925867153995,-0.046438624003207044,0.6356338171686338,0.44176709130404446,-0.06269373664207589
2024-10-11,2.717429939884107,0.7019449562188572,-1.4424173788341617,-0.7758951240231649,0.12436006828507735,-0.11213542258509242,-0.2203469978471921,-0.7140038520356786,-0.17466782205253414,0.9262451863807314
2024-10-14,0.037159849922230336,-1.1059859878533254,-2.404316273709207,-1.451226317709918,-0.8867631587571297,0.6041401193899145,-1.145137784968988,-0.5657705548669973,0.5655164768103778,-0.5140689150667872
2024-10-15,-3.835098598990536,1.882326754492566,-2.7724193595742688,-0.519818888997036,-0.5456407701005537,-1.0440226534163004,0.005740650957918527,-0.5977366003360649,0.6253095764224279,0.03649949846169759
2024-10-16,2.0463385773094354,0.2595314912895931,-1.1155993853038013,0.2663107361456356,0.27472155125138403,1.2610296797155842,-0.9080769027383625,-0.9125769477055833,0.15023748024843878,-0.08309825212604384
2024-10-17,0.06715793698527793,-0.08859826686187744,0.9363259318095736,0.38114351285667036,-0.7031753755281187,0.17782109787237313,-0.40944713927155424,-0.15349383331659952,0.8211270760086836,-0.1959853797388624
2024-10-18,1.1269142580511375,3.212776054861638,-1.5547251222925855,-1.8613327317579882,0.07401425332465243,0.14664775821816153,-0.7502899725780328,-0.5197945834491481,0.31292257517158306,0.7104743812791584
2024-10-21,-0.7572730126361507,0.4393210912491569,1.4071849825352518,0.5865971244038218,-0.4440615042479255,0.008897098597646444,-0.13942573009447481,0.9022317891467423,1.5360606758205906,0.8663120712147054
2024-10-22,0.43990434896051506,1.6204593384884465,1.6924026747742171,0.7277688197230869,-0.5042307759215954,0.06856890063632783,-0.5378134459233697,0.5435577548645313,0.5609745455423226,0.4571833841766117
2024-10-23,-2.663778238619465,-1.7375759034953941,0.18691474832832922,0.8259228093250569,0.28350669125549377,-0.07309184779741545,0.6291016898465595,-0.8865960415087032,0.4231031986136127,-0.8830939515554734
2024-10-24,-1.3719202916088666,-2.198226426889404,-0.07543082401104681,0.9016735078479831,0.20806977970760893,-0.9320699216842069,1.9739556614090021,1.1174933599314372,-1.9783609365800925,2.9273289824102737
2024-10-25,-0.3418297450327605,-0.9964310393663023,0.6233623827660213,-1.5529780529535542,0.48484653655575033,0.013023289688122573,0.19816309181866304,0.804805659712441,-0.1458144777559057,0.7899714314255983
2024-10-28,-0.23011158040421814,0.1856950929761207,-3.8570895705755612,-0.7112192030398838,1.0936852394130503,0.36100304004956846,-1.4195255069474195,-2.326864878098419,0.39351718193571844,0.21546116706372873
2024-10-29,-0.34088249976301976,1.5356296961831721,-0.6784683801799375,0.6640038530132396,-0.33192805057713454,-0.07373450660906784,-0.0504276395151135,1.0017751951946192,0.4289222385441476,0.11616283746956371
2024-10-30,-0.4575215672006227,-1.3700213179032472,1.1049093280814675,0.5006661074628126,-0.7414799345570265,-1.2253712682023254,4.228760371700733,1.1360045884490853,-0.40475133760421456,1.0617708363486595
2024-10-31,-4.076438894290527,-2.3170156373997437,2.6190958832114464,-0.2617697075585406,1.125894961002375,-0.831979530963891,-0.7770573323891834,-1.238275101055005,-0.9753025562464893,-0.7111158526273474
2024-11-01,0.572306179787971,-0.6780209494691775,-1.0309729803938616,0.6851705746163114,0.7743310380044689,0.10565205611091041,-0.47724873168944904,0.4903836522989933,0.2623978966586957,0.3117104950348786
2024-11-04,1.1701624678648859,0.02425926040742234,2.1770438252944486,-0.20010276093494458,-0.21700112386035403,-0.3816394122713932,0.9439562310506731,0.23272233955628854,-0.898547301295295,-0.03589473220558914
2024-11-05,3.060117734544167,0.5886455741943065,-1.360977829581664,0.8955542765854503,0.5361287772591251,0.1778174050308418,-0.7927407970549463,0.04001920670553019,-1.1223487155141898,-0.029506303966383873
2024-11-06,6.0917611772939075,-7.452338618522744,-3.4237607108839314,1.19403356276254,-3.0181377718659683,0.4570281930825042,-0.07988870847978433,-0.4658454384854375,1.7562817178698835,-1.4972955313350198
2024-11-07,1.2050184768747016,3.8579396162850226,-0.41163800007127527,1.3251659121696946,2.7614944588869954,-0.17296998488570828,-0.43968782329972644,2.286249416158972,-1.2475204392302672,-0.01804239672285089
2024-11-08,-1.045538938125843,-2.1019738235182204,-1.4189153667392767,0.64099093974452,-2.3559630958297637,2.184752017912355,0.3642638252085173,-1.2137284203329324,0.37655190772807895,0.3405574690943058
2024-11-11,-1.1004137110596541,-5.352960031994891,-1.7750104253277705,0.18740398764030528,-0.4318285887060136,-0.4998184798380238,2.4285473838584664,-0.6227856920348717,-0.0992025264065125,0.19118205054218018
2024-11-12,-2.719205587474104,-1.4710660756079532,0.16722310927730896,-1.0487584303376776,-0.6106907096631501,0.3774548060840491,-0.44949194225097794,0.6791917954752142,1.0720556298106498,0.7033424490109056
2024-11-13,-0.47613070567634946,-2.271305122281013,0.5219769689261993,-0.9486397416183484,-1.1248956486173334,-0.8428888587471208,0.12125204257323335,0.2181167662627862,0.40751278004703406,0.3194486038395755
2024-11-14,-1.2019120063142872,-0.21037162186446853,0.8443997217395324,-2.3360717127136192,0.8174976115415298,0.4275971982262896,-1.2476319673956109,-0.6252778931325281,-0.3919614758837035,-0.4640953606301259
2024-11-15,-2.8705357979742687,0.421984439225727,1.0183804251504072,1.1788970271534005,0.25804091585046596,-0.3126903961956286,0.8049817821398659,-1.7146328590699573,0.5815846900811703,-0.28167208546739636
2024-11-18,2.3198903776072286,3.1048981154179107,2.1752104863491066,0.7166068196260625,-0.5817966735894806,0.5547031124040758,0.8164087936909906,1.319088095604323,0.20888171077980075,0.05946693925570042
2024-11-19,-0.021942991508331677,1.5061483003890337,-0.7333206261071685,-0.4589646399425479,0.06801144995182222,-0.8922768523415958,-0.28158741443623986,0.7562935284013738,0.17467175576305807,-0.6691498371800684
2024-11-20,0.4133914514748671,-0.8207130141955227,0.5045138647491788,-0.15616500536445843,-0.4974979709051958,-0.5795938079949391,1.3138335024161718,-0.3600886836507581,0.9743941482733969,0.29690370604611227
2024-11-21,2.1339606088459804,-0.33113103650356085,-0.1570242435369315,-1.30835533961174,-0.935786145713267,-0.13187099820315631,0.5620145068698872,0.5230742908805713,0.7046580250445524,-0.0689264557855763
2024-11-22,1.7978918126941477,-0.31233375126695717,-0.7009773344462846,-0.2120020225798618,-0.9074476516008199,0.5319911341330672,-1.8416637081922236,-0.07313213139715316,0.19830880856708086,0.8434979475472277
2024-11-25,-0.11474812619304271,-2.477656155481189,-3.3070117339086718,0.9406417556181775,1.1658693103834652,-0.4491797975763815,2.605748997880408,-0.041553115498668663,-2.140026718284526,-1.5128974281829395
2024-11-26,-0.9619512033364586,-0.2610098712253612,-0.3858450128346004,-0.3043173234635272,-1.3084111317214602,0.1273053032442596,0.02445011298348554,0.7849628691217123,0.5892411682068155,0.3328823009010501
2024-11-27,-0.30259908948513686,1.1741578996929778,0.23596455107714434,-0.3801934971446953,0.7027288154185704,0.26020915560089886,-0.8408249897330389,-1.0797330457669936,-1.8544154671273843,0.11432980037124493
2024-11-29,1.4515281106548943,1.2027603767055801,-0.3512901260984141,0.43233043984689423,-0.2482861607899744,0.5038200732278745,1.3630175379088956,0.39427016280971183,-0.3075583325464198,0.44078027532550623
2024-12-02,-1.0217409148137961,-1.590805629341319,-0.800741244705871,0.5793258849019253,-0.0935111184992352,0.36055601727576797,-1.2739218579057634,0.2365291191586247,0.4551717472690143,0.04754596385253138
2024-12-03,0.2045792525277491,2.15254733825857,1.3849753211686922,-0.310740566622754,0.5613522532396754,0.4122393751449474,-1.6201378554612886,0.9437755613968702,0.03849733801861503,0.20607331052012096
2024-12-04,-1.1408322391447314,0.7845992123595225,-2.7965142929152087,0.3612211710945083,-0.5081833370921383,-0.8164901067165873,-0.4021184615808888,0.5777901121088113,0.007976606834931541,0.6301426395405413
2024-12-05,-0.9990455885343529,0.3639148527341951,0.8256230203575212,1.1481887370440333,0.07327600383821632,-0.1701673585000452,0.6381362011028281,-0.6039310412599919,-0.9688713959828714,-0.6511620467982138
2024-12-06,-1.6236538360038362,-0.4961141691120296,-1.6654423064828359,0.8685402851968659,-0.219791354921938,0.12135413088179685,-0.25264805212059893,1.0014937351851625,0.13792669117875342,0.7642521640334476
2024-12-09,0.6972773459664414,2.2775866992611564,2.3442792478162993,-0.5656888943089916,1.5834041155134024,-0.43899262333278266,0.5785718508802,0.27688637316665093,1.2184853002822342,0.08872944098162439
2024-12-10,-0.9323475201959989,0.1494006405523384,0.33770594272482357,0.7622247018700695,-0.41365831881548254,-0.03132769952303401,-0.33631186819225684,-0.10457723752459679,0.3502431323659581,1.0473295868490422
2024-12-11,1.549683709814306,1.230667328153152,0.14971866332234204,-0.3047190762049397,-0.909878031028224,0.8021569695882871,0.8861852108572394,1.7755023339699907,1.1442500800369164,-0.00559767719724243
2024-12-12,-2.655794414579562,-3.1294289413448015,0.31870134378043397,-0.4134933093751454,0.5726661072368323,0.07822100789846777,0.6946856785308505,0.31846386940932275,-0.14463631983454533,-0.5133144040331966
2024-12-13,-1.725218156335838,-2.470934280866412,-0.18925837321898836,-0.6947283732777555,0.5565886751377201,0.6263832615232057,-1.1887174618865646,0.9730647848541524,-0.7573520557285331,0.3195939945411728
2024-12-16,-1.828938936264445,0.07438836459223479,-1.2693048284307928,2.865752552696002,-0.9492149924823208,0.15523593162369057,-0.8421107633610018,0.5476937666756188,-0.11824226109852128,0.3371260480155719
2024-12-17,-2.353346341977799,-0.24688459408553387,-0.06866627868718218,-0.5247952127808349,-0.04056753499807818,-1.0264777347605316,0.48612235259852304,0.06432813553850586,0.31326002795714286,-0.3073693263451986
2024-12-18,-9.344773054670265,-1.9237290941158027,3.6726181758738443,-1.8845998096226786,2.0029267950075407,0.4555102700590979,0.996092734310855,-0.9372611937000612,1.5916536933835754,1.7741646219277336
2024-12-19,-1.412782363851206,-2.1096346395391334,-1.0431397723976452,0.9651321691966059,-0.1755475788340625,0.12683672449862082,1.1812776355716998,0.964747834148869,0.5986768003688795,-1.5543376152630406
2024-12-20,3.6196182344386103,1.4970465055324997,-0.6477544630076372,0.8768900420985711,-0.6704348046172228,-0.27538796449903996,0.9538111793035877,0.4416156093035866,-0.6725852278777273,0.3474777046354268
2024-12-23,1.2921241052776546,-0.6547710876754951,-0.3151247894785938,0.31124888685548585,-0.04998628950130264,1.0491004078718629,-0.6203924094520363,-0.03834708635756654,0.8488040112277689,-0.28874678382759944
2024-12-24,2.2786663035543686,-0.5368430860937558,-0.7200312475445336,0.15197780880493725,-1.0003891247624963,-0.23080513942294048,1.1147508386757685,1.6968482718345683,0.21555854506909364,0.4495341082407112
2024-12-26,0.22966905030014806,0.5754654341768435,0.13836213680714585,1.2455918122182,0.17622805061492003,0.8453822062539293,-0.9134228597267527,-0.9908035011589824,-0.46089414518046035,0.5358719847906662
2024-12-27,-1.985990160435456,-0.9307517867018431,1.7584182025339106,-0.2966217398696695,0.8565311695632758,0.30392089565930286,-0.9779096542609397,-0.7821600617995966,-0.5053490453827998,-0.42570873290538014
2024-12-30,-2.5865622098120133,-1.255836615861802,1.6439422970631392,-0.027327675587739093,-0.2678211005364988,0.4652456934782208,2.952006482943381,0.33504097394743043,-0.1654282351013854,-0.08119313381683484
2024-12-31,0.5523965934563779,-0.1732090011923776,1.6026148616871003,0.6387087224721614,-0.5480091312421184,0.4477980843954129,-1.7650597867665638,-1.4940755384998479,0.42480379026264165,-0.24981467059465506
2025-01-02,0.6740810763816517,1.905884742100042,1.6995600503388657,-1.0393035775471806,-0.6993857342710046,0.10989951974174647,-0.6052661304539461,0.5392629324081534,1.8990700425419134,-0.33968227693034303
2025-01-03,2.1369125237009383,-1.0612760491372348,-1.7007870776819565,-2.008689425658701,0.6398698750880861,1.148245077644378,-1.6288130481955025,0.34709398505728867,-1.5259379518386569,0.9806372742246718
2025-01-06,1.402794645810066,0.4217006685854639,-0.13166580726702518,2.0514560006641682,0.8347961218143802,-0.38260570215172973,2.337824379007842,0.5361043941407057,-0.6413513870858218,0.8976982337073548
2025-01-07,-0.3894439825380262,0.589767522051822,2.2038846195854194,-0.6186666486945958,0.6448802024288147,0.592708051447112,-1.0644719423105908,-1.7966210362131618,0.5752084386381663,0.1807529215653965
2025-01-08,0.4878273429056613,1.1240736785894487,-0.6104718582924568,-0.733367652209886,0.8001130387027854,-0.3230297613540776,1.0793457140672778,0.7010440454559965,1.4616657457902986,-0.7543019535669494
2025-01-10,-1.1803783352424861,0.6568256545063987,4.122685602089606,1.4460668471821507,0.06659144839751875,0.14441144077137388,1.665957149506324,0.6517113660067201,1.1145327649951253,1.6249876219453265
2025-01-13,1.6575126729526073,-2.463075678696462,1.879345480002176,1.9199794785471138,-0.22531495864784432,-0.6918925578705338,-0.6228723748666346,-0.3245160962216723,-0.24090017919136356,-1.0031949020929327
2025-01-14,1.8204585932957376,1.2861985999671552,-0.8784840240417985,-0.20538328179343585,-0.548655416339135,-0.19465796698502633,0.6624813045074534,-1.4488650491398565,-0.45602224609097,-0.40521966782155583
2025-01-15,4.1432023335787935,1.336268976625751,-0.22875646594488078,0.030615750592406888,-1.4414459201423528,-0.5541946726287261,-0.2727527649649057,1.892199340457495,-0.6225311552718537,0.8519731412263954
2025-01-16,0.21380964003967107,0.5777855994475344,-0.9374755207669719,-1.5874932307901957,0.09566481201210876,1.0638549824496712,1.724268646064117,-0.6284474883726143,0.004674723326419754,0.9444547657939508
2025-01-17,0.9796131171184649,-0.7122341725888727,-0.9665290141266718,1.4894628122763554,-0.6949571563438028,0.23307844711571296,-1.8527656288031922,-0.3406295441429528,0.13163030147830793,-0.949224067232143
2025-01-21,1.8766291942581375,2.011454027552078,-2.5490651614986386,3.288602569160929,-0.7452269385784892,0.48697495147799824,-0.44555635027932133,-1.441005583509771,-1.5496202392442955,0.13797621449476408
2025-01-22,-1.5646800776317873,-0.5118444037503557,-1.0625199727279018,-0.7764585061862088,-0.9913924124291432,-0.38883148288437563,0.6782128574828955,1.5320616654013255,0.4129700566852701,0.6510794596717365
2025-01-23,0.7266097017176323,-0.3891191765534989,-0.4640164610451351,0.9522994254635511,0.1531080119002602,0.3423460221286774,0.2024559193858317,-0.378860081704169,-0.06237716278429597,-0.24186952177271615
2025-01-24,-0.9494200839179076,1.4456261205023155,-0.4700736220390241,-1.0515238910126417,-0.06454340855085998,-0.07399990217459726,0.6017691762631061,0.33855320730576477,-0.5255036464126822,0.35689958880183786
2025-01-27,-3.26365967355979,-1.9055984473597136,0.5262455573628001,-1.4957918260316785,0.1301529716791812,-0.027473414511616362,-0.8666243362025946,-3.422639764814122,-1.1229432226093756,-0.7454992131398044
2025-01-28,-0.4465263396524048,0.6146250718745555,-0.5201299828915076,0.8844154873034414,-1.042486366500848,0.9601026758994963,-2.182836027920698,1.5191949065707855,0.6492096098817702,1.0284512908689
2025-01-29,-0.13787234318262725,1.0318511459239263,0.8222057499081661,2.20994100644326,0.09213241844063672,-0.7342873429329073,0.26917546893053357,-0.6041407840875657,0.7041794497258259,-0.08504604148786832
2025-01-30,1.8917979419608966,3.3433605140600062,-0.6439581667169536,-1.427207884608144,-0.05111117247615475,1.455548594955889,-3.1826851159391403,-0.9409097011187533,-0.12212578757436779,0.30915729159691824
2025-01-31,-3.953357631973184,-0.489731255396701,-1.4969192892786551,-0.23875899910267367,0.3524830900597751,-0.28828927397398335,-0.6543001198887416,1.7242540799320956,0.9069548482866087,0.16362773208809392
2025-02-03,-1.7119527531534773,1.234713386154792,1.9203766209102087,1.0783599882105863,-0.6591181316648379,-0.7612448443522777,1.780490047151716,0.35941184283892497,1.5590025216720047,0.07825623987157586
2025-02-04,3.8070481113141654,1.2161346431136069,0.6653552590673381,1.0811998605926156,0.40374069828630615,-0.6150022586026274,-0.22872097378604891,-1.2653311158109442,-1.6209565076814292,0.1806196958798271
2025-02-05,0.7836682810053123,2.162717209059794,-1.2269387136425156,-0.9056101137462977,0.16324393074642876,0.44086032081373405,1.044904773765319,0.32522171263878086,-0.1401134113672527,-0.6869615395257667
2025-02-06,-0.0010697013721624662,-0.1261598677700903,-1.1420055225794894,1.5761454024819186,0.3425740686077764,0.30937901233775694,0.2583769267956303,0.5128142128633834,0.2524884342472939,-0.6114523236282019
2025-02-07,-0.7957576702350176,0.19303796933566333,1.0367261369133307,-1.209030092902186,2.6936718431588376,1.0697023147199596,-0.002019543068949159,-0.4589891387232327,0.2037844504587612,0.28401504474438455
2025-02-10,3.373343295097575,1.046708400573114,1.569651140494239,-0.6535245298623473,-0.4508134141214976,-0.30076920930697365,0.3811056083401301,0.5575193365788087,0.7851431756178977,0.18544610227818867
2025-02-11,-0.49632485457436915,-1.4548164721662291,0.8566566636929392,-1.2103231377318566,-1.1250376934043806,0.7752296174147812,0.7653955428738043,0.0257226806298465,-0.5654663339239092,0.5588664414802033
2025-02-12,-1.4347350510555732,2.3140189800165993,-1.5375289057967572,0.32903168788623177,1.5390673755518918,-0.5591382664382023,0.08432943619307305,0.4998299295806009,1.3543642209160685,-0.38898125972501546
2025-02-13,2.5303063393561516,1.3952318405790662,-0.5343114386845846,0.6137635885492762,0.3905738170012554,1.0930349447721086,0.9876020294823871,0.5286350195329457,-1.0822077812159048,-0.5461161269633932
2025-02-14,-0.44743089187649,-1.8831793040222615,0.09034221620053201,1.633509806681745,-1.075410194114258,0.303433329063584,1.1493260891525905,-0.8485124208484249,-1.583300573628522,0.28663202557590606
2025-02-18,1.783320028971271,0.2164787897576252,0.9040700664462317,0.161552131491734,-1.9698109216010224,0.29263215756043803,1.2229995712235104,-0.14479854544467333,1.7363542046418285,0.6519255220244373
2025-02-19,-0.5007579763570383,-0.9661575557321774,0.6411583820942798,-1.4848401463412995,-0.9685958221995092,-0.0052099788388360775,1.3580706714411486,0.4606225182609018,0.23570426209088885,-0.07319876816313452
2025-02-20,0.2756675694627719,2.22842655733312,1.4451063165603013,-0.19918856619727943,1.2708965054662247,-0.4596481294526742,-0.22429039676605653,-0.6692912041667864,-1.1232742531197308,0.1301361267769423
2025-02-21,-7.415220293267196,-1.5356293783333366,0.6601735762889007,-0.17122301790758118,-0.22486599201105248,-0.6697688049003098,0.7448572069548677,-0.2560770634060456,-0.27580674265174643,1.0698964567733704
2025-02-24,-1.103867405685994,-0.25594046273066695,0.23358387451422474,-1.7329913294291883,0.812740030376288,0.4441080130576633,-0.8133203571162932,-0.7335953725068998,-0.7156062516463482,-0.12417244825179569
2025-02-25,-2.2139881398543038,-1.1985616621382116,-1.3056313064444773,0.14075708978931434,0.32239039489352267,-1.63761168889762,1.23958825110691,-0.31300459964602434,-0.9117055478912368,-0.9119861243723718
2025-02-26,0.4918270626556622,1.894021226226737,-0.8372867628471775,-0.5114989491281161,1.7278195841774158,1.0926945435276674,-1.1290413842069773,0.0828798792019739,0.02951386175854409,-0.41967566890299635
2025-02-27,-3.659550835671557,-2.7118395290119834,1.8198371146084829,-2.111634861837474,1.1360522422274508,0.00960007809791667,0.24052719291800684,0.34684524760205626,0.16375002244113393,0.8002717554135224
2025-02-28,2.122498074671583,-1.7418845703446288,-2.2113142310772824,-1.822900081618752,-1.102361600639455,-0.09860037410818662,-0.8030539839569385,-0.058338310502281554,-0.03750119804540276,-1.464673768713179
2025-03-03,-6.281790604562837,3.25376646020198,-0.6126569771999112,-1.2099249683969098,1.239463101362454,-0.34511336258600656,2.226643583746644,0.7482275974292296,-0.5452082984848103,1.9189027651657025
2025-03-04,-3.137104500151172,1.6941847839228799,0.8197702568302955,-1.9272081239254113,-0.541474828283239,-0.024491954284309378,1.5133599994322378,0.34135559212294775,-0.3985608215952974,0.311402460605432
2025-03-05,3.806173805638161,3.4467530234243613,-2.5736082298005005,2.505844836257782,3.1592481833478403,0.021845946917940916,0.7826298454004422,0.4406429531338812,1.1258110002871782,-0.7553863278309403
2025-03-06,-2.402187677411812,1.1010449415029417,3.2850133538374036,1.0526938736420874,0.22338570719871986,0.21065950525104457,0.5410285387881987,-2.6469978114708184,-2.1473481016505556,0.9876309582474093
2025-03-07,1.4637962257217063,-1.2934998777721207,0.41731282579828705,-0.3059706677952134,-1.8809620709601755,-0.2303145495275922,0.2332639540985901,-0.13870863466878205,-0.20725734731515122,-0.42512641385503797
2025-03-10,-5.984649728441213,-1.4428480041160583,3.877988084765348,-0.4332352884497486,-0.9674555271897037,-0.770812484335423,0.9674170226951478,-2.21470097036666,-0.360905900990546,0.534911904347857
2025-03-11,-0.6849750832778742,3.4546081725384656,0.9892997344288452,-0.6872700865026217,1.9185071788531327,-1.0141693480460217,-0.6279803688474834,1.265068434369575,0.4604122874885265,-0.6451634442869412
2025-03-12,1.508817489080011,1.5446760072979175,0.21925422915513448,-1.2624146415563466,1.570429620492739,1.4229927922550103,-2.141728982891124,1.50755878139848,0.10148619873503577,0.0782375980084006
2025-03-13,-1.7214580323780027,3.430340710129365,1.3461240486903812,0.8654428903439302,0.8436639002395013,0.0131338713498494,0.2844441212539712,-0.5738493126032934,1.2508543029520949,-0.5944053993912107
2025-03-14,5.68606760280061,-0.7074399621092624,-1.249083399969291,-0.8764494364963034,-0.6467298425525775,0.24862286026735725,-0.06925096836032278,-0.09039378577014434,-0.2805174164872442,-0.18942050665515153
2025-03-17,3.5595877964946716,1.0460592302679594,0.49510147394460485,2.7280903460718973,-0.4510593046123755,0.23387625526583816,-0.42053580401912677,-0.9982090936297389,-0.33264356448700516,-0.7333210665733515
2025-03-18,-1.4409566830897473,1.3017933693075987,1.49818018538009,-0.8869105809448143,0.5744325889552895,-0.2049532765089199,0.5823819270046381,-0.8497787329530152,0.1303611261292493,0.7095113747241383
2025-03-19,3.1833603000022013,-0.9345094225257871,-0.5035407272560084,-0.007153054582952591,-0.09328256143588592,-0.36166527926915887,0.926048716457675,0.334263863791963,-0.1847686692664168,-0.37812194048779874
2025-03-20,-0.6572543840608353,-0.22824232437026468,1.0651309063256207,0.2936339946639881,0.48263705011330577,1.0467812004354076,-1.4717148756109224,0.21694752668912803,-0.09074979078469966,-0.10506935218497104
2025-03-21,-1.2723195647773242,-1.4914551585124254,-0.2022881601914555,-0.279365648000121,-0.27320057553587657,-0.25297328502495475,-0.28000086161373977,0.5591542649989958,-0.022715354370176483,0.049178873203239104
2025-03-24,4.018391528091929,-1.528300369755068,-2.1703910823462707,-0.16648389663364918,-0.06504456054868198,0.462297248237551,-0.5557942916200894,0.5978546763925529,-0.054007807498680185,0.29434321420151677
2025-03-25,0.8260462279616347,1.6828521008658068,0.15590815858996532,-1.1399068776159857,1.3645079299498055,0.09476617139300984,-0.3365771150914025,0.4276824208164324,0.015663626648608455,0.16744260372419412
2025-03-26,-1.7421734402512583,-0.995536775326453,1.862066145563357,-1.480006899104694,-0.31155338189511045,0.42060992788659046,0.3156043605149508,-0.8414848389009959,0.3756087477355036,1.1547698406626052
2025-03-27,-1.1851110548081565,2.120798330237017,0.743372762100699,-0.07560390534070766,-1.7040123322719456,0.8853567033496786,0.5720558622947709,0.01024058600904006,0.4279779945911273,0.7991516751635428
2025-03-28,-5.284923962686121,0.4746413204165747,2.508812050324737,-0.1282896320754946,-0.6425769360426317,-0.5170283844137831,0.9184705797698759,-0.7590528587857468,-0.37987543713832733,0.7921740867893627
2025-03-31,0.6738702950672293,-0.3586391246553634,0.9399304590737585,-0.15537187259906748,-2.093197761794166,-0.8192261730372817,-0.4855938084818939,0.25051785925408326,0.3758584738119759,-0.029283937559640684
2025-04-01,0.5459496147630701,-0.15355994738967543,-0.010360383844501149,1.377707038120301,0.06476810025795014,0.8304972625719125,-0.6155940547965446,-0.05233084606239295,-0.7046651391530967,-0.4696425258901629
2025-04-02,1.957730647021968,0.20641165694702154,-1.185194599082063,-0.39366113484822035,-0.4002908374625773,0.35943992126772856,0.7403440564608954,-0.04942088013749814,-0.33430004828902815,0.7399252152124157
2025-04-03,-18.447104027265596,2.7507137737080156,0.5662172076603134,-0.03944312300249115,-0.18539871677551334,0.66944279758657,2.136934175363628,-0.746757061472431,-1.8306164356471888,-2.402322410393954
2025-04-04,-20.654145693931014,-4.779037468678366,-0.5954226769480573,-0.06748354369140228,-0.15507478988685075,1.0250943723462165,-0.654256949580454,-2.035128392733137,0.5154945230905932,-1.5937262286851637
2025-04-07,-2.354367425645943,-0.6446398306228882,-0.8266863166450463,1.2581998978686555,-0.38344268204041554,0.7409789484229293,-1.1636534132798115,-0.6061331167275823,1.8006403774615196,-1.4819018358994613
2025-04-08,-6.2094925145369055,1.4010913788183301,0.2788249898812572,1.2442600605771328,0.07468904043128131,-0.5124049514984272,-1.2695335091299025,-0.2451279236260817,0.4335781994340107,0.7849256241539231
2025-04-09,25.209402636005926,0.2744703292292476,-5.983869308150532,0.9234817258451611,-3.1521233541417963,0.3495087668910335,0.9666576426912525,1.2460381436525476,0.8786717373103694,-0.5006424035012064
2025-04-10,-11.317810121443094,8.358967083615136,0.7382751831381188,1.7361188932429,1.6812661596102785,0.4418245779299809,-0.6395984810868975,-0.09003666886568804,-1.1404040711802113,1.5443386997321868
2025-04-11,6.840517799487485,4.4781241416285855,0.7197774542887092,1.3099580685714556,0.41231495052411216,0.1022085535868439,-0.24375484310718973,-0.2933124253714672,-0.14909581875580502,0.3553490674658874
2025-04-14,2.3869659836486625,0.4531040850632641,-1.437328607599613,-0.5447514064663472,1.0175810473981453,0.4467456641204895,-1.2519388884611393,0.8801944491891186,-1.3167720568089594,-0.18153487174015726
2025-04-15,-0.7891292213667161,0.24994726032861164,-0.411829664882857,-0.7430023640619188,-0.02851134778165125,0.15315190347500482,-0.21837401416893445,0.4505628293491182,0.6782636165899755,-0.041920441257664184
2025-04-16,-1.45378713100506,3.6407907910679422,4.076100697955748,-0.7009525169118838,-0.03741212297897964,-0.4109778774046627,-0.18944661306779986,-1.8105973756773934,-0.7273167397180623,1.1797420163285466
2025-04-17,2.4277965768951493,-2.3716704794969434,1.4403125023316192,-0.5532791400669113,0.16991517134865783,0.06751318048142935,-0.11200317581574495,0.1081838907191654,-0.8277372860592282,0.5015043301966438
2025-04-21,-5.37270251389912,3.4163707899500713,0.8725458086309316,-0.9457140514685347,1.1487536592081258,0.09789520611064094,-0.6929394485101134,-1.7997196033287104,-0.5058433972330784,1.1255475394077354
2025-04-22,5.786754188439771,-2.2260378011858464,-1.005812417679845,-0.17312526867928657,1.0131104064944383,0.2604058880365685,-0.24008717640068689,1.1126431495101938,-0.37166502560386144,1.0982545946084579
2025-04-23,1.636701206657252,-2.8183394856835178,-3.1318299301455244,0.5924841229633075,1.3393895862746228,0.1710854556561623,0.014273038558461897,0.9976827810694395,0.7949106104316542,-0.9001278594190701
2025-04-24,5.672699595984764,1.5766305705040455,-1.3529640044807931,0.7597141492863504,-0.7245731780434863,0.4105012043374213,-0.5439256354968977,-0.3206617261983438,-0.9352771566002277,-0.5784623402728047
2025-04-25,-0.5953449815079722,-2.0206847877539458,-0.23386169132381585,0.3466396300266143,-0.08580976712303784,0.17112222343024908,-0.16331161716945117,1.2880128788010852,-0.69040767197497,-0.30524032254137023
2025-04-28,0.7230293131316834,1.106693963926633,-0.42234494352639307,-1.0607850261497593,-0.21948768557308784,-0.5862667481613293,2.191894764391622,-0.4613325796129358,-0.3863085390340074,0.5522718386590632
2025-04-29,-0.07992656567997442,-1.1304329964379596,-2.400996510461075,-1.5089273519954436,0.041845615639643764,-0.1654639751865427,1.6932351820366374,0.573085586176013,0.20286578150105938,0.5812963597284323
2025-04-30,-2.5064161700029426,-0.545144409507256,-2.381524620055849,1.1044426550051782,-2.4215583789631263,0.4309551525916657,-0.594231673386041,-0.7489718572919879,1.0509954791518819,-1.5377313727039688
2025-05-01,0.7343856416261206,-3.884693016925844,-0.09349119547712827,0.443679651533884,0.49514012394589746,-0.16961247899503523,0.731504419695196,0.7866676487518035,0.5938829135898723,-0.3662221616599463
2025-05-02,3.9152610973429254,-1.116016690220047,-2.5336675607296493,1.17991598320774,-0.9466487569816755,-0.14818045435870303,1.233716703114347,-1.0576932614278,-0.054788199440707216,0.9026421775023515
2025-05-05,-2.3872863870185252,3.23623984411013,-2.3108275058522976,-1.8374002668886762,0.3325072350135951,0.09928871720453054,-0.40149891981930075,0.06257569526071854,0.620393890792277,0.718938037597682
2025-05-06,0.24026638769108857,4.111694628287955,2.994630438176076,-0.8844301447103479,0.05408531804183982,-0.0029783776226362147,-0.7352212302040735,-0.0033592845984258034,-0.3469316658858115,0.7217670098666954
2025-05-07,-0.9519747030062502,-2.2844274682222863,-1.6542026217864616,-0.4218916365312928,-1.6129128351127058,-0.02861991221458746,0.9202851197095968,0.009904013027058985,0.23027363544068924,-0.2768479686719883
2025-05-08,3.5006212967321875,-3.7634215892332166,0.43160066207738174,-0.3797865168958562,0.2819557573347774,0.47924062630943054,-0.6264340570372046,0.12929911681131298,0.947766532784336,-0.7903163067755271
2025-05-09,1.75372513719461,2.0867514827201137,1.6359001198960734,-0.6059487686921983,-0.14592331954630466,-0.35317738729063897,1.0947786303156806,0.29725971291549164,0.2137306181774534,-0.14015407431729415
2025-05-12,7.026737015612466,-7.667781437574071,-2.9122789900527626,1.3841923706804669,1.0933874049808248,-0.026712754636718246,-1.4139665718016756,1.1236413974558057,-0.09002854117927309,0.17104684257047686
2025-05-13,2.3064154347980375,0.0624749446470057,0.5180910421752107,-0.3109356668659156,0.34295204331286383,-0.6570480150155864,-0.05809067906399854,0.3481866841091138,-1.6009368415873648,1.6498593603197698
2025-05-14,-2.1145248576268445,-2.088328087703518,-0.35461213550507836,1.026705160658688,-0.004140979557732108,1.0256951948977868,-0.7031049289167696,0.1639231383789614,-0.464033728545183,-0.5171928358608867
2025-05-15,0.5402186783183863,1.717291212495109,-0.9447891226095437,1.4113995293705086,-1.3575407910857966,-0.17509302800506524,-0.9347727602399797,-1.138893935009251,0.14517467268884937,-0.11997154090795771
2025-05-16,0.7346460976489108,-1.444009398139297,-1.3543033808820488,-0.6633312388598873,-0.9297080375892611,0.43049092218166674,-0.42405667956605275,0.46612604443391,-0.1421108372824722,-0.6013349088228945
2025-05-19,-0.2502309495661037,2.5273761870898457,-0.32611576560467465,0.7319426114685297,0.8902925013958688,0.5405297386161103,-1.2454962947677763,-0.2646078735513701,-0.6128307140810758,0.4337210158954411
2025-05-20,-0.4576461181512178,2.9337728517661312,0.6533417501801665,1.251903579093654,-1.2531040207282225,-0.696537140570469,1.6565316959670964,0.6427672017072005,1.0467609782999894,-0.09036787777476493
2025-05-21,-4.322749571389255,2.7716099413931814,2.0494430030265316,0.816288355825418,0.9036189903580498,-0.06695665333669593,-0.07855990095513336,-0.523674146729593,0.5244493216179213,0.5242230782710612
2025-05-22,-0.41831434260760486,-0.770065539220887,-0.5406421282706749,0.3124235623024733,0.3018652585446899,0.2953302962539163,-0.7595866883853846,-0.08890855291277458,-0.0007059925551890021,-0.430828169591105
2025-05-23,0.37457730224164154,3.287286622084774,1.4823452060645945,-1.1107416468669786,1.6192894710672123,-0.6287703889253206,1.0814114793940321,-0.3966358815879106,-0.8732574793989054,0.489038849106568
2025-05-27,4.044755206779177,-2.6811619306343353,-3.096993781357481,-0.07899828167261347,-0.5179675713948483,-0.05376428849111067,0.34042882723804635,0.4254380697511823,-0.283912621885514,-1.2386400338005796
2025-05-28,-2.3144384992962337,0.05993474449246645,0.28337991185244266,-1.2549101448825173,-0.2455492750369664,0.8084606845037133,-1.7067790744494984,0.508292245308194,0.6000176675217708,-0.5119987374060989
2025-05-29,0.9049548841003424,0.639170028167933,0.024437596724596923,-0.08071310568805593,-0.08636050721783209,-0.7960758788702971,2.5207058617673157,-0.05919795627620922,-0.6679560686212898,0.4217557832272337
2025-05-30,-1.2390819865495741,-0.1789812537326608,-0.7484400549668043,-0.4199649032121906,-0.10311864519112485,0.22371567327848205,-0.5745382841369367,0.2608934270360248,-0.05175621700177914,-0.6679669141592296
2025-06-02,3.2085621276273106,5.013032902813331,1.2654810477179,-1.343499808727941,0.36768423412409235,-0.7801629748551422,1.0758264520567404,1.00022354328799,0.6821923654287891,0.9016025786777487
2025-06-03,2.303960007155976,-1.7337425476335777,0.5455496525274895,-0.19199949599465924,-0.7229943718077442,0.21508353586088344,-0.1595278412201379,0.16673955599976767,0.43442741276223484,-0.16777020517704289
2025-06-04,-0.6874744248747704,1.7355980327114293,-1.123024381409605,1.0323440298206177,0.7745555433362282,-0.580526637831002,0.060816421845050844,0.45647160242904533,-0.8782926463300769,-0.13066906087669594
2025-06-05,-0.03321517847490188,1.275398292514443,0.9221509672904336,0.35413714635780735,1.6608730338976376,-0.5827547258439459,-0.3142163275056267,0.19627901586499324,0.19072192438795976,0.06737655730788812
2025-06-06,3.462574121870355,-2.6103588368113835,0.3534105416230045,0.928407952825122,0.6033399649573501,0.4171910653149163,0.5629150462045812,0.40805279841031084,0.3374594849238593,0.3374125267649259
2025-06-09,1.3268141604630606,1.0382965115703338,0.10099342942847703,-1.71069130802736,0.9356958670165939,-0.09119731718919305,-0.7384664585492778,-0.2539804806153339,-0.6159402825929139,0.43279612217331104
2025-06-10,1.2110086994931895,-1.879805430263799,0.2836710341474837,-0.10675644150363547,-0.5806211679318951,0.3632774900446164,-0.31178622612141127,-1.0407783773241308,-0.4422294403608151,0.44174028381572694
2025-06-11,-0.33510991053099154,-0.20696536760072792,2.784990859165017,-1.4600394685300855,-1.7160579581816056,0.42689339552237615,-0.48075360634652187,0.5690273336610252,-1.1039945315117512,-0.5696387465616595
2025-06-12,0.40806360886657617,2.473164147727402,0.22741877236679628,-1.1003532275450998,-0.9149227647980953,0.22575755134601616,0.17992230694454722,-0.5357243961958015,-0.4896755807312203,0.06909103087646665
2025-06-13,-0.18833848648062607,1.220150523316074,6.260155821741375,0.7671107619370525,-0.7082455437393609,-0.04482306431052797,-0.3264274469051423,0.7398186491123824,0.9782833444982992,-0.3604523219985181
2025-06-16,1.5357495286258658,-0.8810350353285913,-2.821887101983034,-0.42517849859708934,0.28378537445804,-0.2829814278682663,1.209814685714693,0.40127248588336734,-0.2990224659712835,0.16378588393178733
2025-06-17,-1.2776782954265846,-0.16856338407549515,3.6988447386359,-0.544740028049933,-0.9815478687715704,-0.4418443321019869,-0.33322732057419335,0.9070015823964113,0.9713992837028672,-0.15964742648871177
2025-06-18,-0.296268415791634,-0.07353017985263796,-0.09623602071444398,1.7977927748024214,0.21473745738691186,-0.05598081760457398,0.4968296853033405,0.9971553192734793,0.061816758914027825,-0.1615385420158751
2025-06-20,-1.0465675081555315,-1.6333005179856563,0.14392891508070998,-1.128129419614341,-0.6472108295625674,0.19886886128937806,-0.47136448274147463,-0.9537026100092831,-1.0347871870582332,-0.004718090002112639
2025-06-23,-0.2062058366382607,2.0406614692977754,-6.188315913420098,-0.5031428592144243,1.2649622943493835,0.07898635100152106,0.08123120176412842,-1.2078184721181358,0.17453347656478865,-0.4736273465262297
2025-06-24,0.28993554818123757,-1.2709602435289533,-5.520319842413952,0.0982548999215885,1.8568424993090664,0.07482980558494975,0.05987704197171277,-0.6963738322379053,-1.3855096698309923,-0.2984512249902135
2025-06-25,-1.199287649750611,0.7290269716956681,0.04856970377174093,-1.758613644098821,0.564188100827725,0.5574155508160743,-0.8964088362630046,1.0027407235327122,-0.4471201802230973,0.5267398662780918
2025-06-26,4.200636572236164,1.6427685115977237,-0.2345565929698857,-0.6857538176680902,2.49438891364277,-0.3347058511648117,-0.45808309629857796,-0.5522883752474367,-1.0638832237868847,-0.627012555959931
2025-06-27,-0.3735306374331956,-3.1204631661134825,-0.5814835431699532,1.8825344075048502,-0.3861436804629896,-0.27335661274788703,2.9628067077551914,1.2984926692273906,0.062023742438471446,0.48002159804630495
2025-06-30,0.04673935886085514,1.896809274854686,-1.0150029667217635,0.2898004613856924,-0.5601118475008686,0.3116160049022874,-1.6876794526208028,-0.5674452836258257,-0.766280305302773,-0.7643331417617608
2025-07-01,2.437629965748325,0.3000158472208872,0.5116698770695792,-0.017108852900318532,0.1969949475711559,-0.19394055984382583,0.0702688013713586,-1.7126756186551864,0.1452531835505066,0.3258781530794984
2025-07-02,3.6024519889820708,0.7006208497717425,1.784614858850215,2.3099055951978404,0.23942380792922438,-0.08615227784992044,0.22245954460284928,0.07320366433657839,0.09328245494021256,-0.09635225765022061
2025-07-03,0.9559381778995022,-0.7789892581175099,-1.0778200703462035,0.08123222628032407,-0.7696972506163925,0.351794183829159,-0.7000176306609301,-0.22104389261239574,0.7333264076728948,0.3976864666580685
2025-07-07,-2.4912413343313324,0.03818206327013342,0.28480382148171646,-2.804100242425899,-0.3950771526924323,0.032103965078857176,-0.3585636977454486,0.49734403616777684,0.9589478653829884,-0.5746895223556998
2025-07-08,3.072423813070387,-2.2733000060655932,2.0259092689776295,-0.5342974351121647,5.161254129730031,-0.8744269105945373,0.24852829843957702,-0.05667164699360141,-2.127167296681092,2.934786999966086
2025-07-09,0.18335757440684292,0.14336722976849264,-1.1656733611757992,-0.5273647306125818,-2.307383974432648,1.01031308446232,-1.0347461001585663,-0.13946973105076593,-0.03278639512248567,-0.9636413281861679
2025-07-10,2.6109298975499415,0.9442641793337153,-1.2599572831498835,0.07195860240689943,1.4487310113071612,-0.6100148095329511,1.2608417305547095,-1.4642136619714574,0.6676890285348678,-0.021599957762739375
2025-07-11,-0.7766803805064451,1.5345819805438474,1.7630378655944898,-1.873498123780302,-0.5332419524021782,0.36143443251728125,-0.6835106236205334,0.8690944173500386,1.0089054791265197,1.6060130601651255
2025-07-14,-1.3320737176289068,0.04338888878098588,-1.6832035204497808,0.7928703983561718,-0.5390886179105232,-0.21428939838296188,0.8405679878787597,0.29987779416418553,0.88774970558708,-0.35775774935241456
2025-07-15,-3.974043440473208,-1.4890601186071895,-0.51289669212379,-0.19799022105831995,0.9793112955290733,-0.13281713399715,0.13963319775819621,1.7824148677746272,0.2682749764098671,0.5939651703464479
2025-07-16,-0.15954523049873617,0.4144013050224989,-0.6830191209709541,1.3861292712732922,-1.5092875596998745,-0.005124689442297788,0.08543989432049136,-0.20558164891112177,-0.26058628162817216,0.3628437090206956
2025-07-17,1.9752720523935337,-1.3987367944680986,-0.02570162633707091,-0.42567275690566864,-0.018045957864082262,0.34839757539147403,-0.20225239888951935,0.423927323647599,0.027606055503712496,0.23562386491214127
2025-07-18,-0.9517617232751545,0.8664546863220789,-0.08354824638381751,1.831179702596538,0.39780805405225933,-0.7391922033025206,-0.0701420013973012,0.46825625348071037,-0.3501170299728102,0.3289928634391839
2025-07-21,0.2584421365581956,3.23891781857261,-0.5606946134997992,-1.3855717456758854,0.025243373740879357,0.8992292724329357,-1.2044805742943772,-0.4112052509472077,-0.6696064232875403,0.15407723539452464
2025-07-22,2.068638111203094,2.196893943354821,-0.1551763046847124,-0.5675737789041391,0.7555294249226823,0.0493040676233684,-0.00626436669240979,-1.277202574572045,-0.27730868683737253,-0.5408050419823751
2025-07-23,2.1443669595690693,-1.6604666587943369,-0.7648438584981169,-0.6328530525710222,0.534929855197598,0.30073243735046007,-0.8136212454511709,-1.029420401842386,-0.8443388447287994,0.6036646809646451
2025-07-24,-1.4733796946303805,-1.1128316706345915,1.6076522779329165,-0.11707691830433975,-1.1667036396511483,-0.03756749261047181,-0.3401779131179146,0.7845029499276753,0.18853756996662854,0.31483361814011995
2025-07-25,0.44995320718865905,-0.16149945530920937,-1.6440169703865055,-0.4665735671386073,-1.0214359640345356,0.5726294081482225,-0.007304321142963072,-0.28039391234258293,0.845408348180836,-1.477526856713529
2025-07-28,-0.3648553918800895,-3.1310356959805614,1.1466402302578533,-1.33345819725577,-0.5253643286796718,0.26921890925016123,-1.4828038544612725,0.34925506912845916,0.7078857507115777,-0.2842505329685737
2025-07-29,-1.041859454536316,0.3125864907694456,2.0995361954363605,-1.875438943988039,-0.9485125942655354,-0.2534503018875134,0.09729492482274774,1.3617879238037436,-0.1621575636375667,0.07619479521001891
2025-07-30,-3.555842802478102,-2.792274352920203,-0.47178955197974043,-0.2318999046803685,-1.2700853396284248,-0.021490789150846935,-1.3167131641262475,1.6762335647646527,0.8773440171630121,0.8547680754400755
2025-07-31,-3.7323340085506946,-3.036014045941983,-0.7639402267632552,-1.181174950930671,-7.928058229312401,1.798770093707929,0.4111717874930712,-2.462803836260152,2.121988054854076,-5.1905707935940795
2025-08-01,-4.422935259329187,3.6319862282863618,0.6950102280539457,-0.8785449455666795,1.1535610055522267,-0.5273595175394785,1.123923467139359,-1.5937270065197704,-1.8257678879427224,0.8112623432340954
2025-08-04,3.024380798434485,2.126954936150519,-2.907784000696076,0.31274000286175657,-0.8486226117611739,0.6037404977675617,-1.4635378862407291,0.2644756836722933,0.5959453013126798,-0.8334909953812316
2025-08-05,0.2525710416205529,1.2912532237026588,-0.08771504726050326,-1.4437116366412495,-0.7849621359497627,0.3246827884851751,0.9027046858945976,-1.134987351132715,0.9113955126877334,-0.4629229087370312
2025-08-06,0.11102643503112922,1.0637156371377485,-1.6376035009070187,-0.08932412572051102,-0.29233546791282833,0.09272921883013067,0.5635401646893291,0.5564355313767041,-0.4751026762980337,0.11788000006336745
2025-08-07,0.8795049488995245,1.32420985187827,0.9202442723302705,0.983502217255087,-0.11909968926944821,-0.12227966205336478,-0.3221640796098688,-0.38980068233180026,1.246701068456425,-0.6689674564213195
2025-08-08,1.6877018200979794,0.6225398805817429,-0.037839789505688316,-0.6740392147731442,0.5602975399418128,0.25012393385428794,-0.48672809595054217,0.26754314219907593,-0.29386243939199896,0.868215706022245
2025-08-11,-1.7887052523543232,-1.547289356613334,0.10399675115195735,1.4231002046853107,-0.030800795425445036,-0.10561450656050494,-0.42165499599145795,0.11668929978440756,0.019186573449382616,-1.1483152180303078
2025-08-12,4.23760682034098,-0.16101333132029222,-2.562109391626075,-0.5784650873552263,1.0475990009598635,0.24794637448643683,-0.4457225168604327,-1.3302114763010182,-1.350525688376704,0.9450632232621653
2025-08-13,2.298030714665458,0.10229506927767724,-0.4827049288770197,0.7781848399426143,0.15411119450639288,-0.6805629528239575,0.49546759056751283,-1.102424264896232,-0.6309731180052092,0.21195073577208073
2025-08-14,-1.648505176378919,-1.1405840473902737,0.8704154253296644,-0.7790764079836209,-0.23504007523716502,0.5185313271566663,-0.3246728265990568,1.1000082296453706,0.609512139081883,-0.34078687006456415
2025-08-15,-0.26102240096371637,0.7659222879939537,0.3115545875488852,1.5332921866973859,-0.08080926962834258,-0.19166238023276733,1.0014978950524298,-1.0767580333469002,0.009178370360682463,-0.0932384497164227
2025-08-18,-0.5605264433300406,-0.7239942528245559,-0.242997338985488,-0.2780005775106765,-0.6160025263781769,0.16010697325496925,-0.5539647387063288,0.41596866010464006,0.26452461170387803,0.42444937557501244
2025-08-19,-1.6410779692220483,-1.9507409541719842,-0.6669099130209722,-0.599208967058983,0.4964925975171754,0.09049209216588569,-0.38770845758796524,-1.368246183302649,-0.6146263996878183,-0.0681290578081334
2025-08-20,0.048352259762512555,1.7234586733376729,1.756530503481723,-0.20631270612463365,-0.6939420787587465,-0.1465956627994488,-0.4757490485268051,0.0741981280154895,0.39925962483406874,-0.15621941246139212
2025-08-21,0.4949777214961977,0.5627816969438151,1.8653600997496234,0.9932430266517468,-0.17878925421965497,-0.2543523688128938,0.3213586183099315,-0.19059504942604982,1.1548256223263342,-0.5477314819351011
2025-08-22,6.425909236771442,0.949436015442459,-1.563914177245111,-0.149899508399787,-0.2168017898404616,0.4834818209668745,-0.37343504483310175,-1.5412272101479474,-1.8437232714534428,0.48721306768504447
2025-08-25,-1.0033874925601185,-0.4490236733716881,2.019439797413349,-0.704584009316178,0.3244980924324046,0.17967826379578464,-0.5002355334727512,0.7524659708037578,1.0824569886373343,-0.6434873238031045
2025-08-26,0.6584824728893987,1.028235751682931,-1.735818420852626,0.29563313373969924,-0.5784752888945496,-0.29348486771656024,0.3269615217267599,-0.7981052059900534,0.19376640294600053,-0.4247141556132652
2025-08-27,0.7781687896064476,-0.448660468937434,0.7362586899158384,-1.406122775615451,-1.0281795708159573,-0.48800428809758023,0.9955186640518517,0.29494381891538324,-0.03207126585697247,0.39006471214060906
2025-08-28,1.4451812335001688,0.845971318522582,0.6313191631411031,0.5748306653234586,-0.028765884267367405,-0.31127693818801244,0.5794159133941907,0.18273418093035737,-0.5979346365849106,0.3921801120364311
2025-08-29,0.04318871873067746,2.551034375879854,1.766144810282095,1.3307881680246845,0.0453202159798894,-0.5666264905514711,0.4122871149570646,-1.1286548536669263,0.9944862055122771,0.2023407310709108
2025-09-02,-0.3829371962821759,1.9346826883986994,2.305993782229214,-1.117568600437198,-0.2000428571566939,-0.3573681756302676,-0.5477114564960603,-0.0241868243054654,1.7939711798073552,0.763568190685683
2025-09-03,-1.1639790597543278,2.0186205769253323,-2.8388686254329376,-0.544289167026281,0.6326083795651071,-0.14183376672576625,0.485805276567681,1.1941323634042682,-0.1779731655507754,0.17392778771259015
2025-09-04,0.8305140871021759,-1.7668506092541882,-0.9335653233604555,0.010201829767975672,-1.305981459293756,0.5833699907177651,0.020092606195507005,0.17550589149964077,0.020117142664088424,-0.49024775539626575
2025-09-05,-0.879294255128689,2.844163633304085,-2.0389446169758108,0.1033202933468197,0.2518032275194993,0.40790412303636847,0.2914548003923522,-0.23823603080333056,-0.4406788666961333,-0.6089525024732809
2025-09-08,0.8263683410846866,1.3413099298832327,0.029455527230182098,0.8814782984697854,0.06874020524052123,-0.27913631906067243,0.27214079707232247,0.41243944221634604,-0.5372196887075307,-0.05659169163042149
2025-09-09,-0.8629956406739,-0.5162509879651209,0.4965651843689902,-0.514002622414407,0.42453255586025207,0.1696335229814552,0.024778184093354257,0.9701940716397881,0.342879995084628,-0.5631185671863921
2025-09-10,2.367119846192327,0.8418728506763663,1.6600137688558676,-1.8643199752016293,0.20336402341690366,-0.11122322736239085,-0.6825209293585017,-0.6561275093837992,-0.06874714385503808,-0.8629536975288559
2025-09-11,2.4781275237175953,1.359602801946516,-1.7592920424194602,1.2705948455291323,0.44151404690924473,0.07887013820912969,-0.4106386690608948,-0.8129370856439181,-0.1494113432269516,-0.5470471779024015
2025-09-12,-1.0927824695299126,0.6102513854187765,0.6528285049238001,0.3889323336746001,0.04529653734355824,0.12535185911973218,-0.20545345999053818,0.8780649678089942,0.29913423197475986,0.7710502747087356
2025-09-15,0.9955072996603601,1.5676218531105885,1.1133129372994626,3.941464823547273,-0.4505325438215225,-0.723147429336331,0.37139695229664127,0.3600529732505724,-0.10430439362640717,0.003949791165008628
2025-09-16,0.6994471943078057,-1.342159232991734,2.6224083657531443,0.5075179215614753,-1.0633380096838294,-0.6277417085891553,0.6080758041251345,-1.1258764366903649,-1.3586002030523245,0.9892565550527274
2025-09-17,-0.815852778920234,-1.0954412103389668,-0.40691039078114233,-0.6929329607333107,-0.09851467288984975,0.047464837697578664,-0.004272597601238708,-0.06806715976856767,0.42745090853236395,-0.4696424715364577
2025-09-18,0.5983237410609236,-1.1767251352310342,-1.9050737678486962,-0.32833003966724766,-0.013409101129021316,0.681628289908355,-1.3010911872392268,-0.09479750398959085,0.5040233014929155,-0.26485904375692537
2025-09-19,-0.23728784363059038,2.949928929570204,-1.570647798644171,-0.4086563045558338,-0.22912534204124763,0.35608219482617787,-0.899874731383882,0.6846903077534785,1.7168346572175563,-0.48039899163861605
2025-09-22,0.676949310689972,2.506919868402616,-0.6759909300514327,-1.7122252494424366,-0.596302672294706,-0.05218811155852931,-0.7869669364621188,-0.12685793578035795,0.25469882911259045,0.9335003450851973
2025-09-23,0.4051346965147393,0.3685650035823298,2.0456326762084176,0.29500425494879545,-0.6143116900758233,-0.23783080435798215,0.3322666501818192,-0.6983545935053835,-0.04587579642446344,0.4434429126821928
2025-09-24,-1.0381967305745987,-2.0940925849267975,1.9852160040527402,-0.4982868614804046,1.039293791153189,-0.15208933388339294,-0.43655919425823214,1.3724766334368774,-0.2958440678151502,0.8516621029520861
2025-09-25,-1.3404840456673206,0.16336424640664332,1.5543140680024432,0.04268389246042295,-1.3526587821802918,-0.1494079230234453,-0.23525332666138607,0.044493359205911055,1.546952851127023,0.24843873060108515
2025-09-26,2.592904773646482,1.6777424247026393,-0.2948365079581045,-0.9508910595606699,-0.13505365830284974,-0.0092621718454516,-0.6301895827094771,-0.025995180601916554,-0.20146420162126713,0.6548202422889545
2025-09-29,0.07630049122155554,2.310499516301632,-1.7808992437442375,0.5983715445479594,1.8076812398057835,-1.1838881539059587,3.469186730585067,0.8879866501833015,0.6159721718894826,-0.025809052791064744
2025-09-30,-0.41007059520232264,0.6907894383854902,-1.5414882539738877,-1.160459987111983,0.4161389829732504,0.04715153566050829,0.45562344220089,0.4284310651054154,0.2598442357500051,-0.4499566483037231
2025-10-01,0.15625490733099842,1.2129215693537942,0.11786183431886685,0.45317193382611126,-0.6189180354750694,-0.14130216514910213,1.1494489333525082,0.05022613863252141,0.45022450928898844,0.5317584452856808
2025-10-02,-0.9021290821587848,-0.12554983528328217,-2.0212573685994455,2.0305941869160646,0.5668163769684396,-0.12817978781522268,-0.05369571670425485,0.06402044135737939,-0.1780572897894103,-0.7476836562075679
2025-10-03,1.4739366552640896,0.8249893438669941,0.8034107959894229,-0.7213571670723199,1.0734762651105818,-0.16553491998054906,-0.6687390434427889,-0.6248430975980108,-0.22339833554729385,1.8255265422962759
2025-10-06,1.4522956600006978,0.7491647563925938,0.20120211452645886,-0.35491033345078,-1.4778590232396245,0.20966099003150462,-0.34758205462838854,0.14749100957375513,1.2979390016811143,0.31658271026916435
2025-10-07,-1.6703681525081073,-0.7128988584710647,1.0996747050243096,-0.3463057727255229,0.8093317921063921,-0.709743053490051,0.8367821963733933,0.7123826002369578,0.22256179361546305,0.2652867113686892
2025-10-08,2.268306704258996,2.4571988013137704,-0.7978634654519218,0.4746439331270731,0.17304117497616844,0.2683738250538946,-1.6321525631685776,0.765395710911055,0.8174873345401263,0.10731934751131496
2025-10-09,-3.112585299529154,-2.9826775295730243,-0.8528327947497173,0.28367274000005543,2.4438655464055055,0.024827461458297135,-0.27293729111900245,0.8779167557028424,0.033697994639190564,-1.2554425091708916
2025-10-10,-8.480829326381183,2.130738184705094,0.28406237824692715,-1.6742552553512402,-0.5172830383316562,0.3232697739146461,-0.03908931440158549,-2.4713186899654347,-0.31551196422882133,-0.23560666802088923
2025-10-13,6.131818498364878,4.400505073091748,-0.5246556454361541,-0.7172875725169642,0.7399872745268816,-0.6357375676023826,-0.6864881883980378,1.09978540621216,1.2776056843284522,1.4909730202347835
2025-10-14,0.0420976056266925,-0.2663989862510739,-1.1156661129532919,0.2715593322252626,-1.8351458448742077,0.7401671802774324,-0.036747615955596405,-2.510397963262995,-0.23491059667015662,0.700512961564819
2025-10-15,0.7217716005183976,2.3290623191707045,-0.522899495878146,0.013625574784618509,-0.9759253555826589,0.4365868163684587,-0.16749647643067264,-0.2287018461025156,0.5980392005830791,-0.14447364894466616
2025-10-16,-2.137548578123316,4.138311010759842,1.1141380643340923,0.1741393555680735,-1.1956664132514283,0.5430901876636322,-0.26583676992871486,-1.3140636217880046,0.5396942119961833,0.664584922020455
2025-10-17,-0.8897896439101266,-5.993906592775441,-0.7788520440775395,1.5052466268668436,0.41269320258821485,0.12376015778159999,0.8291448070154441,1.1873546859233086,-1.946153328755292,0.2315971996785616
2025-10-20,3.832256154904196,2.610242337151599,-1.0399638194803063,0.49174609869575375,-1.1755169674767623,-0.8639741786603805,2.136401271604001,0.985563050621867,1.3056893819395865,0.974716341308465
2025-10-21,-2.791304328314975,-8.935013409982954,-1.1215463994615906,0.8108502035855737,1.318090409607486,-0.14609479410996373,1.0213184133237483,0.7443454346655551,-2.431533381298703,-0.9055000454933669
2025-10-22,-0.7595754479527211,0.08308458878150643,2.7068076044534157,-0.03136173293461406,0.30679712404385373,0.4362689331307865,-0.030458363326754855,-0.21291723018871145,-0.16817029862926955,-0.5248143571913804
2025-10-23,3.6407892878769768,1.0715705709452992,2.4118572003821726,0.5656911881371475,-0.04302725053467257,-0.1064111794404839,-1.6032503199512338,1.276454322776626,-0.06141172853575089,1.131613123988394
2025-10-24,0.051861594065775375,-1.4478476724123457,-2.033740196810924,0.2722734772215833,0.6526556855795226,0.08654636626946524,-0.16505190395038802,0.7822839679069409,-0.9750447945022893,1.0854797169841957
2025-10-27,0.3270410870875119,-3.874406625683987,-0.9321410852647098,3.0838243128891887,0.4603949651407747,-0.9970077340685066,0.90847359207769,1.0170866682901138,-1.6857994036637214,-0.2272646433279601
2025-10-28,-1.020202180346696,1.5853252590415843,-0.591953295393963,1.1355475571361924,0.9236716856197678,0.3099573028110692,-0.496743043709821,0.542638994204709,0.23890347841682513,-1.0522316985946936
2025-10-29,0.33359859437582023,0.47172679141238005,1.0591948084442477,0.30376830246518305,1.328680104603306,-0.0725779610025325,-0.09717976008450697,0.7534563844935672,1.140694965974499,0.2957636402316689
2025-10-30,-1.8364379520421625,1.1874923114769576,0.9304509349627621,-0.7348915920324652,-1.8303037695582731,-0.26474931242379124,3.044410032086766,0.8264802185437718,2.22229776761219,-0.46674613247781693
2025-10-31,0.947622645155972,-1.599322879040589,0.3829946036575491,0.8969893659295954,-0.25419497919350575,-0.08172560070503596,0.9755391227458158,-0.20338039397885646,0.012875801017855603,0.007170909171571312
2025-11-03,-0.9218927819503168,-0.046321177886783804,-0.4626005869524357,1.8088245972413834,-0.5508607049496003,-0.21631842985858124,0.4678756167771054,0.6320833423949495,0.22813503761076084,0.41779877780151436
2025-11-04,-4.738848674875971,-2.760088966727854,0.8606411095420525,-0.18180361913097867,-0.6913932188369075,0.1702498016021204,0.6134073342297166,-0.3437241066984033,0.05870039568893713,0.07729199175409839
2025-11-05,1.6198031755743245,1.899577570472809,-1.5155577289323667,1.1889807443532265,0.40006920048676675,-0.02692377272049569,-0.5767683070511042,-0.7580753053725833,0.7871740135852332,-0.045936193689768146
2025-11-06,-1.5663385744680214,0.3312974773695176,1.7079734409968186,-3.311865812943526,-0.038665224483210824,-0.12074136712510171,1.245547623125371,-1.1422764195322264,-0.5151916263211089,-0.12976277531896854
2025-11-07,2.376990896878496,0.6258602480984172,0.3268169974655596,-0.6896318580068205,-0.35889988315727256,-0.03500699601831952,0.021570663593676195,-1.2821824834269786,-0.05734735707239399,-0.05810488757963621
2025-11-10,4.0476669538797445,4.030163292771322,0.029415508975721576,0.6725694786106029,-0.3726381547365617,-0.3467527896935808,-0.6794705058777089,1.1036695946785067,1.189882679484428,0.8001991331619914
2025-11-11,1.1513441299389093,0.17131703099746767,1.0936534177538888,-0.35362203807960313,-0.7641447436121154,-0.2010576059951909,0.9206988120831423,0.36084008381542837,0.2253756797408068,-0.4646864300493699
2025-11-12,0.41022461874903327,4.222315958581595,-1.9539788682272083,0.7560583070459742,0.3307760262372812,0.002305718482321105,0.12789117130089053,-1.2058530735218491,1.2801423942051227,0.862614439220223
2025-11-13,-3.8059055894783795,-1.555292381055089,3.2686802966272097,0.4060992067792132,-0.6505322943937872,-0.3369035773991492,1.0075312970642742,-1.3095485515009395,-0.5530624506621484,1.4887896419684663
2025-11-14,-0.31413580362829197,-3.137194682564906,0.7426731419673006,-2.2576359937858146,0.5413012128636734,0.4142129366986457,-0.31348295192008313,0.5311026855200061,-0.8834614105375614,-1.5097313648859112
2025-11-17,-3.961502356179963,0.04434765119480799,1.5857365814148245,2.930111365939549,0.39326245932336973,-0.13364712161857706,-1.2153410494144716,0.17189671466150383,0.20464219773614734,-0.04981772396849645
2025-11-18,-0.2642302241151348,-0.3443727264843488,1.7627217449640733,-0.49881410183016756,-0.5582386405013497,-0.1619666196684113,0.1847367030356207,-1.2835329872056425,-0.07172777778028404,-0.21794153249200207
2025-11-19,-0.24535051686278364,1.080296895523357,-1.9906957679350172,-1.1803453176860912,1.059729942951011,-0.39750815887774116,0.5038893945636695,1.4499818078086804,1.6980596859735457,-0.6850795916540521
2025-11-20,-5.455968641552461,-2.4385828656473905,1.07804723070971,-1.0069600282850852,0.7561807756962113,-0.007447620991555134,0.2500109406621167,-0.501405064665799,-1.240508413829703,1.459273373216575
2025-11-21,3.506779354365745,-0.020619793559673943,-2.441065411968668,0.36076962739866053,-0.23733752688757204,-0.4011621063585304,0.5911154732258139,-0.5388280744977096,-0.04742650333830593,-0.4281123584105861
2025-11-24,3.1925476127470094,2.1846914720293533,-1.5376134060594753,-0.6343675193781758,-1.1141695249249268,0.30741635553975444,-0.8993109950969665,1.445900620310592,0.4127923185675355,-1.4592336416516327
2025-11-25,2.4144555732845716,0.9835191168257641,-2.524494510234838,0.8879988579585322,0.4133874606698316,0.341055399188875,-0.20422128195333697,-0.4455734887125691,-0.9119182969405251,0.6565806785147887
2025-11-26,3.689359984651011,3.3698422741998266,0.08347537524222501,0.6509624478072529,0.1929308887137001,-0.7828611780964925,0.027104362854474047,0.572616319965151,0.9074276348367816,-0.42504805203821655
2025-11-28,2.818106527365304,2.6524098329888575,0.4205523922940226,0.27748138413108353,-0.1457142386825423,-0.4740557800794314,1.1427215663444215,0.38978533385643455,0.8487611561455195,1.605494292886635
2025-12-01,-0.32772485892793946,0.7813928894785472,1.6311004694289122,-1.1253830977046457,0.33266103462813734,-0.011037810339485974,0.3525975781606273,-0.2509928568412589,0.7060167388736183,1.025614911394858
2025-12-02,-0.6753667199589019,-1.276002210172157,-1.2856623390236235,1.26853565800863,-0.11837958234245266,0.3710376730889453,-0.26430769570722995,-0.12237497473420308,-0.3917896896899374,-0.420269434739108
2025-12-03,3.142892736138821,-0.4231819291364175,0.029318234550828125,-0.9290481247013769,1.4026531626220966,-0.6597737343816814,1.2100517180452581,-0.5160367792347971,-1.3365402848395675,0.48469642913615174
2025-12-04,0.4339316878754849,-0.24646672563669308,0.4160717975562496,0.7393058315421147,-0.2145701823633692,-0.22973002530469508,-0.06113401412029834,0.40709071696892496,0.46603898032626623,-0.706164450168239
2025-12-05,0.21375280894417442,0.24820766328037414,-0.35974952570780916,-0.4421865418275216,0.7771474197661489,0.37679921384777626,0.9683591238120706,0.9625027021660267,0.1738069255211055,1.2147430833195125
2025-12-08,-2.3297250440864556,-0.9752435433920958,-1.205741599163664,-0.10137104156408111,0.7270670707914378,-0.296396791844563,-1.4855228553401034,-0.846281248997027,-0.14520041419563018,0.02791313057817257
2025-12-09,0.4292778889562937,2.5784253715793573,0.5738012865297333,-0.7485070600220147,-1.455027356137662,0.8175223441573304,-1.7546736682402764,-1.4454752095026402,1.4865343320416986,-0.6778473594945124
2025-12-10,3.038188886188353,0.06349528691140785,-0.9767246790134557,-0.6916025414526559,-0.2530122863507315,-0.3850562141318016,0.30217367036389176,-0.5486539585588127,-0.8924543966816053,0.08703350116325412
2025-12-11,2.375884167849333,4.682623349977393,-1.289431311426921,0.2592099496633365,1.0782767221906233,0.16899607372807054,-1.6310187892827577,-0.9912027283605955,0.2464192718101765,0.8550410047977155
2025-12-12,-2.9106694159821505,-1.1468900119654228,0.4094949317691646,-1.0561122253762274,-0.31759085229522926,0.5345696968774906,-0.2824022297915177,-1.1509744620483642,0.19844968294459825,-0.7587635219867341
2025-12-15,-1.0463509951314687,1.1764975825166997,-0.496584276588566,0.04192179290365093,0.7904024272489764,0.054191697561114,-0.2047088672992453,-0.43600856113809733,-0.2143127180288351,0.8666535522983815
2025-12-16,-2.814814859337021,0.28698760741916274,-2.6127330828279245,-0.3484761641798281,0.4427013188105092,0.3520518214272138,-0.4137014850652615,0.14436656864311873,-0.136344524387329,-0.06372461744596095
2025-12-17,0.34389326231709055,1.5875680084235775,3.7594449351444905,-1.2114193746193451,0.3472063684148763,-0.13407484135798664,0.8587264891319296,-0.8841858587040345,1.0938565258267072,1.110776696990808
2025-12-18,0.10601116764059658,-0.4432103529782935,-1.8784450211102781,0.8553847143741683,0.08140164727616511,0.6962195526677684,-0.7450929907258604,0.9782056579400035,-0.543655984829728,-0.7970295354197319
2025-12-19,2.521489905071061,1.7547424073662892,-0.6608866212758375,-0.06428199813824392,0.09952608401686656,0.1699060896015148,-0.17080854237200938,1.4411559097631341,0.901817357605272,0.3983941471953737
2025-12-22,3.3606986922121385,2.1393971188682115,0.5872307868837506,0.08080374839159875,-1.1943019158162997,0.2874273812287017,-0.40688919645192834,-0.1968031785978503,0.16974445313190237,0.10216331759949022
2025-12-23,0.8347321894468646,1.4455382090582642,0.7721147337703439,-0.08155237148995345,0.0590268450275298,-0.5480059687884657,2.265168912526298,1.2819470031292404,0.2559856532839601,0.8400912593158576
2025-12-24,0.35628123747796614,-0.14576917723660737,-0.3074979772282811,1.1631201110037943,0.17382096464539945,0.15983455433142738,-0.8455090587264146,-0.06085714423809087,-0.44144246811115717,0.3537186721319251
2025-12-26,0.6819615622554738,3.422867571813172,-0.3616422823271929,-0.2029456407705105,2.0603262480837956,0.1175587301794344,1.0127025515862091,0.13012693570258382,1.0437696795151195,2.039720591334568
2025-12-29,-2.48195600516941,-6.928721119274659,0.8794263340343034,-1.1669799070063234,-0.5804899099867287,-0.6263878405053968,1.7300723203377335,0.5578370564283982,-1.691299977972991,-2.9441267338543824
2025-12-30,0.8519841400514211,2.934444952665193,0.906596755884531,-0.8603488428623599,1.7025559311563856,0.4811670345342616,-3.7070895897470972,-1.2055325123597522,0.3848988287859927,3.1475189433561295
2025-12-31,-2.8032652312489605,-2.741735028111706,-0.26931685110014325,-0.5901469220806069,0.8229465500958619,0.7923334963286569,-0.9422620324310965,-1.1938506585429909,-0.8030827289127226,-2.6815511895219086
2026-01-02,2.6670069262199716,-0.9175012721906002,0.18807491259951906,-0.7118784388007794,-0.13595362110656967,-0.12746132254383413,-0.2281698426124661,-1.4524430775463075,0.2686581137041792,-0.038664075820963796
2026-01-05,4.511140698045302,4.226923108859531,0.7222581422812753,1.183359160633284,1.3788219173906695,-0.6124378840532334,-0.588991971086056,-0.3275119306011017,-0.14731783036781157,2.425732777462119
2026-01-06,1.652786103561217,3.832296102133139,-3.003393774690155,0.1648438257508762,0.7287492133765859,0.6898767462533288,-1.4997689433053905,0.25306179918486593,1.9598926569249444,0.16501157726338653
2026-01-07,-3.3487187657987363,-1.3956964248303187,-0.43193259673627193,1.374363601344829,-1.3576741153745147,0.13598824543001772,1.1774253494696578,0.2789136542560348,0.017384065705692765,-1.4141727723456035
2026-01-08,2.4115039661323756,-2.4920843268612036,2.3598922419051562,-1.3932969735419847,-1.2908855797514007,-0.0172603837417908,-0.9151823710337946,-1.4035930049155965,-0.16594449748056037,-0.4343151497006009
2026-01-09,2.76577026410183,1.8169226953277893,-0.2880316908515669,-0.19138411990250115,0.2695217045569793,-0.02157629071712285,-2.128177756063862,0.3683760510400606,0.14712007094631666,1.3138041733681205
2026-01-12,1.5566514415469763,4.432032646978423,-0.30196856976230757,-3.3016745612518807,0.8836638583175536,0.05800431784597834,1.5590857385370847,1.225875661494964,1.0749343708357364,1.6616011570392115
2026-01-13,0.8676313313274848,-0.0020838542103889138,1.7806584012157596,-1.3029984261248935,-0.23608693534443123,-0.15745533169792209,-0.3198037372293442,0.21715460442827977,0.4277092355680562,-0.2917760335465068
2026-01-14,1.8556910333391832,1.4689557709895114,2.572853996941402,-0.3053468745139766,1.7192019039530317,-0.15628286820289786,-1.7893318315860545,-1.3146757461852334,-0.31034503079132325,0.8534393326214387
2026-01-15,0.22686123726496657,0.2694603177422649,-2.730088103033084,1.2591564613002477,-0.3167889805265149,0.7392024583146738,0.6186481094900116,-1.093138762728405,0.7970570845947628,0.2150349478953925
2026-01-16,-0.8562527520193222,-1.2157923950514555,0.23107168074064033,0.7943365007359874,-1.5942128186949607,0.19161805370674947,-0.43286815698401454,-0.3374582130793637,0.33184243262142893,-1.321395828558988
2026-01-20,-2.136967427932995,5.9029072511184415,3.6393530325351215,-1.9388332623407811,-0.9896090374666862,-1.496017023974308,4.954447560571086,0.5351549873308169,2.0450649140493615,1.6039993825401722
2026-01-21,4.517885130653281,-1.5995808189048661,-0.5950079098248157,0.08980061954038057,-1.6941614379569219,-1.356642653655671,4.607167196108091,1.2000865225076716,0.43679465010647206,-0.15325055498488616
2026-01-22,0.7695653667469273,3.3168032424904665,-0.8648916798277386,0.3543214006505897,-1.7280147481122838,-0.28982214255581645,0.46272558139347747,0.06485642986462142,0.6787750119074266,0.917267821369708
2026-01-23,1.3444537135340067,3.537159237773696,2.622251830115929,0.911096842977667,0.9709723788650272,0.24240729877171732,1.049756600676297,0.9521410112844362,-0.39204818562754745,1.016169830406625
2026-01-26,1.3962788191574076,3.7667641134848857,0.31521006976958177,-0.9249941288281012,-0.4501733618353534,-2.23360488270503,5.190813829645365,2.1283215550637,1.2244407402597817,3.6075267588777655
2026-01-27,1.167421568556112,-0.8552612992756606,1.122132469009553,-0.36776585375312326,-0.5428456667782795,0.07053065123941947,0.6906603910586553,0.42949748990496817,-1.543094352246429,-3.104801623329448
2026-01-28,1.0408025073686906,3.918237534296516,1.8245925404617707,0.44873225704457614,-1.2891597497878464,-1.1314362952271952,0.5589133151143237,0.8415999689053681,1.9646292529142595,2.353065486521857
2026-01-29,1.1062268814919818,-0.9047805222386787,0.39121992181355025,0.252547137569897,5.348169564734394,2.7691541119250918,-13.158563191332496,-4.4278816627402495,-4.581461570618259,1.938241034406692
2026-01-30,-6.668769875519136,-19.115223024619592,-0.12817152027825707,0.9285460608991716,0.2553531066962051,0.2785055830864886,3.6890875145863866,0.158491701282328,-4.1051083793880645,-9.641222268275538
2026-02-02,-0.26643952252647063,-1.350450073298195,-5.063621133255931,0.2357155000909957,1.8486822527334694,2.129877869533171,-5.716727673500081,-2.9393673716541397,0.046234620790555035,-1.6101904285970232
2026-02-03,4.588265176265134,6.418513510498052,3.149684653021133,-0.878269139364243,2.153587870324166,-1.183697345215036,0.7290845550075171,-1.5520475135226317,1.233773180816147,2.236676636102843
2026-02-04,0.9202620064181328,-1.4362693556528092,2.449273780854951,-0.176505225076398,-3.3178518122416567,-0.18097886986186845,0.7802746549906668,-1.5382140119182723,0.3651764695315516,0.9301045153390314
2026-02-05,-5.88078495013374,-4.979993672281473,0.03895016527541901,2.539188344287802,0.23753582658675704,-0.7512468983046284,1.0247081044211892,-1.0495204323733303,-1.6931152371045024,-0.2753154901155943
2026-02-06,6.772533561438,2.1379580911274396,-1.670447387035569,-1.1421839221919277,-1.118057936374264,0.5088973244087436,-0.5880168195544532,-1.0864987676941076,0.1876287795183874,-0.4402300785078613
2026-02-09,3.441171376131275,4.913120302110196,0.26735525039908103,-1.0002876755716352,0.47070604384636205,0.4457317170879521,-2.0402644435042747,0.09983635946312734,-0.34252764820238724,0.47121596238498287
2026-02-10,-0.4735254182684481,-0.5433702656834013,-0.05734946872026045,0.42794334038373644,-0.010874913411030302,0.16036134444074718,0.15814472876221658,-0.5923322653035258,-0.35762674941849426,-1.281052698430665
2026-02-11,2.257649529750455,2.209649757393652,2.295783732326961,-0.5970820662363611,-0.13040025428065175,-0.3301622137940418,0.03109885716073087,-0.06004649356385445,1.0902723148812177,0.24124511214649944
2026-02-12,-7.372549715772344,-5.176624575217152,0.019454275556604637,2.579335295898226,0.27119157588992243,0.019211134108901684,1.2892263146218568,-0.7531297976254613,-1.4753252930707652,-2.187717386393947
2026-02-13,2.473285460154412,3.777006830363134,0.18609850045272364,-1.0500668645054474,-0.8702790348100944,0.29590988834317267,-0.0391037151169425,-0.40472775139876904,1.1055555170576479,-0.43598361915916006
2026-02-17,-1.8584063721004338,-4.427690369477421,-1.9659322712619531,-0.28669487201747657,-0.02760406248975989,0.21080434959818956,-1.3017614900812167,-0.5887982450403683,-1.0926069477235274,-1.4285617564968918
2026-02-18,3.8285210794846485,1.751532702867234,2.6410687194271207,-0.5217417085605172,-0.20378848672177688,0.252023593053631,-0.9591165584742719,0.7493973923263249,1.0655265670698957,1.5876038208922063
2026-02-19,0.22927921047632044,-0.06613811998515813,2.3215650523206293,-0.14206285416078202,-1.5165586738101005,0.41437120659459703,-0.5505588487794806,-0.2238674879964695,0.7381174023113926,-0.6319489249245611
2026-02-20,1.781213265108409,2.4096870593667394,-0.8496505684648294,0.9178960244232451,0.34067369373913886,-0.8583977912326703,-0.14872408402757634,0.8531348799686364,0.37468561746069645,1.8639237024868658
2026-02-23,-1.7638325762337637,3.681437207108149,2.3564897854868336,-1.3966390435522962,-0.7880349578846285,-0.13460324819783107,-0.4411273826370863,-0.8647863931830007,0.8402069075075252,1.0328509036249063
2026-02-24,1.9609454110246611,0.3592660761315821,-1.6835110407482237,0.7105337123125547,1.8133211740296964,0.019300183457342954,-0.4746797555600693,0.5286050404882344,0.035448764143380246,-0.19959589107653505
2026-02-25,0.7376818682945862,1.6943533983144425,-0.8896520470171929,0.7377398198757167,-0.052291790166924854,-0.33040398897202383,0.008550906759992474,1.3539486144250845,0.13002577064501675,1.1948771729627214
2026-02-26,0.3345310166819964,-0.000995503079504599,-0.03159949788559851,0.24198280020461024,-0.12819697704639316,0.5081471340000169,-0.7587209153432312,-1.9130678901577838,-0.026496331403920145,-2.098634234177653
2026-02-27,1.0457498489652053,2.099784784860711,3.995024318670208,0.40336941769737666,-0.9290269023701908,-0.3329682268045484,-0.13784782672626958,-0.17649122690116278,0.2002836438017786,1.4114019986208002
2026-03-02,1.010358045847031,-2.614881997297726,2.484964616760599,-2.3924059776433153,-1.4940507523348252,0.23534644511099617,-0.16315310533545307,1.5853965431909007,0.7424996520910081,-0.1999419634758168
2026-03-03,-5.033571868157608,-7.173629866371764,2.084298619679055,0.7708234767113649,0.3280423881423558,0.24305103899202743,0.4853854835501246,1.788039448313703,-1.4635920471232147,-0.16209306454572986
2026-03-04,0.7124566793220967,0.6703179772206129,-1.4253990011244293,-0.08965439435533963,0.6362856932027102,0.4722237194805529,-1.1499159694393704,1.1188160757391175,-0.5732053603771992,0.1288615913946006
2026-03-05,-3.2323103138386697,-3.3773049505112054,5.000238975952594,1.0670682325482812,-1.956759946653187,0.12580031382838733,-0.41771808564465573,1.935446615482965,0.038616011373544076,0.665367741955099
2026-03-06,-2.884143881251375,0.9641076436037558,6.54897507313566,1.1119455916368282,-2.130160146994802,-0.35375410720855355,0.14707117828407668,1.9095332771972278,-0.8246278169458577,2.154348549895152
2026-03-09,2.2404720008600045,-0.6407124095273304,-0.37635999456462715,-1.4519238171998172,0.15437005461875664,0.7707297664178316,-1.2739808471011955,2.5159585663262085,-0.5848453028389717,-0.2886455756561119
2026-03-10,-1.6999757027636693,4.551259072796617,-3.704278220933146,0.2672713222295146,1.9702165661470814,-0.540304198075302,0.624345075380935,-2.5555845283172802,1.4975341917502203,1.6065845467481208
2026-03-11,1.1109652071267992,-3.5573709914401976,3.2178473449666303,0.6463576493665512,-0.6240482453199799,-0.22270819869005448,0.9004473610705973,0.7477121310717364,-0.07843959258563848,-1.0461106588337792
2026-03-12,-2.613091876672393,-2.1313583836155092,6.4112983989743535,-0.3655190288143995,-0.6814774225256519,0.27959053277463347,-0.7957693356547215,1.6674910930589217,-0.03767800274406263,0.4738500155069632
2026-03-13,-2.03664740259198,-5.000497083673132,1.8496257253909332,1.389285829187898,-1.2297464579284065,0.02244982163018946,-1.200625622804901,0.05682966228720646,-0.7031674375484985,-0.02947026387661353
2026-03-16,1.6635642579642937,0.09330118674149261,-3.448669986086083,-2.140069849266159,1.155309064824219,-0.23824970462952505,-0.11620498415409988,-0.7572710046268337,-1.163024493720885,-1.1080783821691573
2026-03-17,1.6557383960750498,-1.0478523698716342,0.3668485265664186,-0.5514469814462091,-0.9152818529826013,0.25756248502373585,-0.07401916139913232,0.1514501782546919,-0.7587654054509597,0.03125363462270634
2026-03-18,-4.122787646618961,-4.826603441785785,2.8027266644888362,1.4504426350185908,-0.7593708145665374,-0.013742202825610885,0.04839746259536584,-0.2574678879871974,-0.05934816134558783,-0.14351888518861214
2026-03-19,-1.6567099348119314,-7.188751643971821,0.7453772905186954,1.4059049054713433,0.050096281504723346,-0.23311616405701793,1.5806035940865613,-0.6859352503468594,-3.2907235331184457,-2.058112116980752
2026-03-20,-3.509573611152099,-3.209070750748553,3.3290409684706437,-1.7753590373477746,0.227820145487137,0.16754582353632458,-0.5820453137310416,-0.15175498807381127,0.13047878202711588,0.5846400231644409
2026-03-23,2.765240012201026,1.1205548426461467,-4.954979437586289,0.030176459679755067,2.4446234023177817,-0.016552843502205768,0.5426230797530296,-4.174268664647256,-0.5056530615829222,-2.90541314804265
2026-03-24,2.0222415722208873,-0.7757927124684052,2.5634338704696495,-0.7923685300401652,-0.2745254715994259,0.0454391907734333,-0.13397474654156072,0.2491175455729186,0.876551571306423,-0.5007326496822926
2026-03-25,2.624506216157277,3.497217077782476,-1.000990104327599,1.2612428625817564,-0.013993347645635134,-0.49487692328174304,-0.12308918145706452,-0.38525152348152625,1.0135872229919853,1.1645285285371791
2026-03-26,-3.050251825511638,-5.346129141438104,4.533248108615085,-0.28248202579290504,0.06669486328542926,0.3103954663736123,0.32830932597064955,-0.19823168852985168,-0.6830485695287106,-1.8745259631008149
2026-03-27,-0.6808303016145089,2.9499506553783856,4.931825057079217,-2.614908209492559,-0.39328283863781266,-0.09357996071502198,0.18567215480939478,0.20719420067729066,1.3816457720529944,0.3773333806598268
2026-03-30,-1.619190298216781,0.6072682112197412,1.0187832773478327,-0.721385678357639,-0.2907497341788462,0.6861116616535776,-1.8154766760045835,0.40370376631127103,-0.1781547821838926,0.33380880366521937
2026-03-31,7.166030284959756,5.381782396231765,-3.8069029126719522,1.511888327164877,-0.032543103785543294,0.3884761228294368,-0.7701915725131286,2.1198078309517396,0.12330599627153045,0.39984033031645283
2026-04-01,-0.1283681504345665,4.927838807189894,-6.120027630155586,0.0697546795334527,1.1899877421848586,-0.03989915610913321,0.1650360639232977,-0.9259065223429916,1.5579838355389897,-0.16609826863731617
2026-04-02,0.5698582340699923,-3.0725065917690597,2.5651650042201246,-0.7388902030884045,-0.6047438101079601,1.018468227514691,-1.1574965891712972,2.741600711016384,-0.9652563409240917,-2.0453252751656272
2026-04-06,0.8624820967066639,-0.7012929432676969,0.19774163206816434,0.09287947451872938,0.11945933411895501,0.05390810619946939,0.1555631816182108,0.07219411244539468,-0.35210585207158124,0.6038843972545543
2026-04-07,0.004834021730663387,0.2670142527657692,0.4823898225304045,-0.9962084578484346,-0.6907200340111549,-0.2702522227289065,0.563175771839301,-0.4304069409089636,-0.17549040109021383,-0.6687394137540382
2026-04-08,3.048620790701738,5.064314253091234,-11.235288396018685,1.8986955161426098,2.9991143563324507,-0.2361460887011358,0.4264920731685189,-2.087541645202756,0.9343915033267706,0.7435973820471464
2026-04-09,0.5121675681598883,0.6786060414258184,-0.7922562965529272,-0.20133044967637242,-0.47062056587189854,0.4321335938247033,-0.8148064281604556,1.402504674151704,-0.6291226800369873,0.9516208574962346
2026-04-10,-0.18876522002445864,1.2526311551388944,-0.39450692593098635,0.2731140788129083,1.8050029515169916,0.16358312304451447,0.06861615278893334,0.49751077205240907,0.04949386637688446,-0.7048928603962871
2026-04-13,2.0435277215607406,-1.1068463246082023,0.3377291185664896,0.058940960966770074,0.4405783343716699,-0.17766800903024108,-0.41698156180174173,1.1734206223615535,-1.5696810766575655,0.20919823615667799
2026-04-14,0.6675928715627318,3.730297479538858,-4.648451068897599,1.6470822585006113,0.6778703500317149,-0.1803443418442563,0.07814225811131327,-0.5180176330760746,0.6201459924600137,1.0506419484990763
2026-04-15,-0.7019640863959323,-1.891857165909786,-0.365132348711873,1.6185477766258642,0.09152791169256987,-0.14380839966556375,0.012794014694110763,0.8645216485941796,-0.8123309383505617,1.2787684836206235
2026-04-16,1.6264620927847855,-1.269785266744565,1.8383517393640252,-0.7181547974030176,-0.5981904112751485,0.1431590798532582,-0.17277489466918508,0.8527736375570085,-0.1584202759165105,-0.2923240837366746
2026-04-17,0.6007975578591592,3.7580700862780425,-6.96438392217117,1.3129606860454712,0.5173383837492036,-0.31502889362963477,1.1295974204314085,-1.8802746131384676,1.3234650817566884,0.45970603814745353
2026-04-20,0.3853233183691732,-1.9265278144600564,2.110107788419205,0.11559032951723555,-0.44194037055419616,0.2558203520951611,-0.3212615151891478,1.0638648099266192,-0.9490726400319582,-0.6510778938235168
2026-04-21,-2.1404249787115845,-5.347079692420554,2.884328373209128,0.554764480259642,-0.5291494564267755,-0.2510886537058216,-0.17653686135422572,0.32641926676112354,-0.96111366052648,0.17987556177037067
2026-04-22,1.9786622814097106,1.760701134980297,1.2293377584891245,-1.011668283366354,0.6740680061725656,0.4598516899096611,-0.33342862965148456,2.112067426759735,0.6588776138729687,-0.37015904738770705
2026-04-23,-0.5303273822561374,-2.8938645912377683,1.178475930500085,0.17101628783638906,-1.279061255987077,0.09798809662852832,-1.2649497339415443,-0.40154366617549486,-0.671251254367169,0.10469551749049769
2026-04-24,0.4407014035662452,2.3158758437987563,-1.436021380920649,-0.03142324926583215,-1.2260636618073155,1.1133125926645995,-0.9360491592102032,0.24641804838448544,0.37564588793913084,-0.7005320635659069
2026-04-27,-0.00674696268966039,-1.7689924423841616,1.030664255487875,1.7030466325870284,0.4388302471569245,-0.08098327207810044,-0.0282980922165718,1.2072210443357048,-0.7700139883604455,-0.2333719775925207
2026-04-28,-1.803721414893539,-4.218493475240658,2.6619109231358546,1.1032672086970594,-0.9733640974823881,-0.2252127560745096,-0.1866206902970353,0.08486718961910249,-1.0908977630004013,0.15251660336291104
2026-04-29,0.19187476071473497,-3.43516006574572,3.8621638113102517,-0.7504776039857525,-1.0140093249972495,-0.16664326077085972,0.06498674122363603,1.313517401849044,-0.5563815822196758,0.45284580169143274
2026-04-30,3.528054040920752,2.3819039763726626,-2.5292332232124473,-0.7529763337599169,-0.10624003572546883,-0.4030853551378397,1.5164064058974496,-0.6396301538746648,-0.4371122341741452,0.6448586443424756
2026-05-01,-1.3037104489762834,0.5022872595147615,-2.0154848108045442,1.1640523799850557,0.10704130923179038,-0.301575447738351,0.3053578205793099,-0.2716521113984199,0.41349064494556886,1.4299337060073278
2026-05-04,-1.529673810994805,-3.02200630047356,3.77555030529401,0.5607787972813298,-1.2873864875966443,0.5347218239688186,0.15607521641438932,1.0012366853099983,-0.07406542631403569,-1.4013193237936856
2026-05-05,2.0242512768456224,0.4315789365716506,-3.1716160272779024,-0.960410343040046,1.369089286435806,0.05471864823783493,0.07580979595602531,-0.9160510719433003,-0.17614728377577488,0.44005669738341946
2026-05-06,2.3281650607193316,7.323082590737321,-7.552968895209501,-0.5877816909617822,2.1975777164424732,-0.44632868507325457,0.026334200320932654,-0.3212610198701027,1.207242305442201,-0.20037266986373295
2026-05-07,-2.707087254632781,0.6264729795924525,-0.28611324640215985,0.10131864044781795,0.06864309802061834,0.40021766639639195,0.16350969177402405,0.8578829453341982,0.6713242066816111,1.5400380038096952
2026-05-08,1.7263747557090035,2.5836930313509336,-0.41134588423006846,1.2468697791622685,0.6948277319454286,-0.29237412534382656,-0.4087961580219014,1.383001958266512,-0.4439680337913811,-0.7747864987955964
2026-05-11,3.0931708220713277,2.3453101455798,3.285339591556963,0.008914082659599172,-0.26604656315798564,-0.4895877617656578,0.5814458935777522,0.36140131450861357,1.432785227825322,0.5315658816389763
2026-05-12,0.49028580308923697,-0.4107466385673264,3.015528026222257,2.390994915847069,0.8264333860642007,0.3471413540943226,-1.0467393980229855,0.764178519819399,0.28715519053440924,-0.9790130434597992
2026-05-13,0.33903417650467316,0.7418833530358058,-0.37731648524660516,0.18988550256118372,0.7692900617658825,-0.43218944295959005,0.055523486267318435,0.47169486974464175,0.5397947551246662,1.6172367461296808
2026-05-14,-0.06806234519471097,-3.4205401383159573,-1.6100206761029854,-3.07877528174069,-0.4625805439000857,0.12095725037526588,0.19019575488864132,0.5341084343337453,-0.43873172256087306,-0.3581528534410907
2026-05-15,-3.686839818799525,-8.09525630568009,4.2434468273663315,-0.8146313324690115,-1.8392103081852058,0.2594194750834106,0.6241372354272663,-0.7906307437296576,-0.8866542941106803,-0.7484454297433986
2026-05-18,0.743628452426704,-0.6374381212665791,2.9752574600456025,3.465558594408797,-1.8479388185781944,-0.3630325517434767,0.12728676084220958,-0.4326629328830224,-0.6400258830603748,0.5756274889260855
2026-05-19,-2.5127903362980866,-3.551392111227663,1.7842473585260386,-0.3330810640221174,-0.1740101819839796,0.14778307836000615,0.9406676090411212,-0.24261726964048697,-0.07484010762441672,-0.015214779911926114
2026-05-20,1.708118155200491,2.734321022940915,-6.0494206784822095,-0.02987900155725258,1.5950466681433753,0.2509054507803606,0.09019962772385423,-1.4001388142717046,0.14137571623980213,-0.4730548761697913
2026-05-21,0.027959539561380503,0.3683704062260067,-1.9034831592187536,-0.5597175889576799,0.6083524632096884,0.08940098633763743,0.38300461905136596,-0.2744261408309908,0.4975801791755656,-0.1557701050508918
2026-05-22,0.779689137428298,-1.0213754652845686,-0.2854057924190139,0.25555318620045986,0.4266230049629787,0.031149039854998003,-0.8376961063780096,0.006891073684931712,-0.6384650131282701,0.26090006347173267
2026-05-26,1.3253313386972005,2.651282382569922,-4.710927599867277,-0.2563123333024281,1.2731405660285073,-0.11233595312356326,0.10141130013693968,0.03285112819675795,0.45591745516593624,-1.7390450861703894
2026-05-27,-1.6097039560070672,-2.231172076088513,-3.3129273890023088,0.19963596621716906,0.9223591023549906,-0.13863957808412944,2.052739592338186,-0.9484596199747352,-0.19609540815698037,-0.011719815101169605
2026-05-28,1.4124995092777717,1.972915164400059,0.09656663640483902,0.6080141117361535,0.16009806329792534,-0.33097168162456175,1.627008763413374,0.9980790642444466,0.29560212060335334,0.11037088982366491
2026-05-29,-0.37338587153280717,1.8145837419218886,-1.3880935605122207,-1.5674256091434249,-0.153090739714963,0.013634853163161705,0.08450825545684128,0.11168822645514792,0.44885304164903805,-0.19155454842289263
2026-06-01,1.7405789506971956,-2.489950491398811,2.5293595612843,-0.9449884143982867,2.1972332840911863,-0.6749345783876332,-1.074711410013168,0.8209499511346416,-0.8933560682633087,-0.3408850553315723
2026-06-02,2.0015549204942515,1.1027611578457575,0.2613796112289946,-1.1602325869336094,1.686674557491499,0.7713542429921457,0.15205350497451545,0.8190123605895859,0.005489879961526377,-0.785161477376283
2026-06-03,-1.6293503876505615,-3.8091326576954043,1.378665497051871,-2.2862283237686345,-1.097628792747864,-0.5425504260646868,0.04756647644846589,0.20063095740442158,-0.22058241084693914,0.08053747838339878
2026-06-04,0.31490549448807,0.7913124337485041,-2.1555937858482257,-1.476310591663699,-0.43321754103415727,-0.2636967454342894,1.0473189616438303,-0.5047472459639235,0.4067056048075945,0.2785719733404562
2026-06-05,-9.410050072904848,-7.124492643126309,0.7176474534671646,-0.31490262013590553,0.1479933634640576,0.45964544165191235,0.5429700584066716,-3.074500243766684,-0.5835969360026259,0.5714015525180564
2026-06-08,1.2970812295674983,-0.5936723506876391,0.4239858181471645,-0.06606339235828988,0.18877364148634543,0.2564250216262532,-0.8092611851593859,0.7787487857601009,-0.5089209773749443,-0.05921743392217782
2026-06-09,-1.2000959531377935,-1.7123537120780705,-2.534000279283291,1.0038034288410824,0.7867615598803427,-0.11081261878420617,0.767070860456254,-1.6460373195726163,-0.5618932416026645,-1.6673624375513498
2026-06-10,-4.147769964817547,-3.986056640247814,4.377381403010873,-0.16057627136818423,0.7819923284028945,-0.3657509158442087,0.5772425870648801,0.017535825736089503,-1.1762682255037198,0.01901324468182331
2026-06-11,4.691341406590148,2.5673464030773245,-6.156043358356946,0.15330157833971655,0.6221786117672522,0.3846808668629465,-0.6842158625974452,0.24054418898042745,0.3081035174829736,-2.872917326929545
2026-06-12,3.0915226160626843,3.8875737273984217,-1.1818084780202331,-0.14812476533040023,1.0615049347416639,-0.47260530027844083,0.45520726375142134,-0.7933839272112937,1.2265385015416173,1.6701799942995164
2026-06-15,1.1576943832106816,5.529158281682979,-5.197906088640292,1.7581147708069116,-0.5901346918667006,0.39114001819334593,-0.1599326580685796,1.0556094510871477,1.6910288311128872,-0.07746112988841987
2026-06-16,-0.9915637875486017,1.7929398640599676,-0.818997864254727,0.5179911342856983,0.2524264166384552,-0.40652583977312506,1.4139672616916992,-2.1710579160092904,0.8925224616756889,-1.1460753604062712
2026-06-17,-3.5309500279952837,-0.9024183240758694,1.8542660688629689,1.4775514950126267,0.09317933432258893,0.1850985555597012,-0.9097598079572078,0.01957011543725169,0.5850047247694297,1.3502270771521168
2026-06-18,-0.4625295612436845,-4.175332870990773,-3.6120805632236452,0.3126564801726149,-0.6501821674050833,0.4601445130576867,0.02483276937521336,2.147716313489886,-0.05215040816312055,-2.133322429560949
2026-06-22,-0.11733447152724515,-1.8565744425512982,-0.45428587194490666,-1.1533609349600686,0.39581410378412846,-0.3677542234911588,0.6190875160088252,-1.4329798204641,0.320524441937777,-0.01142522776738748
2026-06-23,-4.783918357049834,-4.288915075879243,1.2220636937755975,-0.7866251210617398,-0.6645242132896712,0.29643105311195916,0.08856231545147066,-2.487323224768556,-0.6378317732508343,-0.18340355964181868
2026-06-24,-2.473031951390576,-4.596766702890044,-3.92500935486965,0.7558633228014011,-0.5944965588671063,0.21543996227930598,1.2291299131661486,-1.1032518947639363,-0.9334249619115872,-1.953423328744353
2026-06-25,2.7798639428709344,1.273054617271826,0.4865778530361877,1.511866341896463,0.24457630614259984,-0.47439952674673047,0.6776740421961182,0.21187745339490638,-0.20699912832057185,0.29390098769111905
2026-06-26,-1.41936340633618,1.8571335542837255,-1.2750536793949716,-0.6669054952986326,0.5189900412890714,-0.049809129906947545,-0.21401388442426175,-1.4194434191973537,0.31306578650783023,0.7327661154719044
2026-06-29,0.02199551906268189,-1.9246905640595746,-1.778588412596005,-1.4662631532344437,-0.2466250528937401,0.5259046928359705,-0.6566170698386142,2.115799339038988,-1.3044322630158458,-0.09175441610602243
2026-06-30,1.4767581336377336,0.6354850510291022,-0.9383923249517906,2.3950682544618798,1.118896360647231,-0.28077890323002896,0.40675419125422685,1.178363201206428,0.5026518492531945,0.399340662814943
2026-07-01,-1.2532998090429177,0.5307230595066519,0.13332877164817003,1.6453381821283615,-0.3732975907839172,0.6924915366085977,-0.12710321587588694,-0.9937267248237688,0.8770406518800973,0.6248645341909681
2026-07-02,1.5074797193184382,2.3291391148971075,1.3351545110958016,-0.4400092544114182,-0.8528764539861187,-0.9584906612719306,-0.23644418627882216,-1.4478638848412022,0.22107020065562105,-0.6893883293910111
2026-07-06,1.3551673668257591,1.198568528988281,0.22168231192634757,4.002474622016537,-0.46961543729334776,-0.2093189523363182,-0.013534677734115472,0.6223011495743201,0.15750247322968447,0.8958588404847476
2026-07-07,-0.8156586381883809,-3.4996475443379045,4.37773356702493,-0.2897329014167284,-0.9971867685076917,-0.11478271923124232,0.14362186946553365,-0.9132596968222909,-0.4792154300104689,1.3721906591982653
2026-07-08,-1.6877504666144176,-3.6196678065577266,2.5921592543712606,-1.684333608707774,-0.5391800252545617,0.5285722535919869,-0.5779223093737642,0.9828270482957077,-1.3878864280642422,-0.5598641813701408
2026-07-09,1.9511289169652541,3.5870619144309464,-3.169376219063823,0.13540919079691965,2.0297394732898053,-0.022800672764925988,-1.483798973144163,0.5495800498671422,0.21387217261217206,-0.0143061140962919
2026-07-10,1.0931586357267398,-0.29467908793664876,0.49038003107374983,2.4000840309220877,0.42000107632773853,0.6584653497753811,-0.2966244669841474,-0.4239277235195766,0.125587751617331,-0.8673655222381434
2026-07-13,-0.22012895730389287,-4.290357527418194,5.684925336429535,-1.339265250383868,-0.21033746344556972,0.20326017217711845,-0.7716121840153805,0.5800738132098946,-1.3470555967172384,-0.5156960179495994
2026-07-14,1.8120712476171954,2.652380306960309,0.3627180488577557,-0.11158823161231848,1.3341464021126423,-0.2337245026094429,-0.15568789339020664,1.3951221464257961,-0.3068339437655354,0.008683227315054632
2026-07-15,-0.5640452488896911,-0.8533603427134481,0.0655811193553435,3.0561748012048167,-1.9915809562373448,-0.0317600951489587,-0.0833979852387946,-0.346138543843973,-0.9269387269694361,-0.7523518047779013
2026-07-16,-1.3319744066158576,-3.7992150375209386,-0.22796652390210811,-0.6816947491257522,0.01935937854959973,-1.0644118106948792,-0.21967324296476548,-1.628640051878156,-0.7600932485181274,0.8544832617674433
2026-07-17,-0.7690772125144133,-0.3391454722085179,3.9177916127786956,-0.12126099843325436,-0.9965186696746358,0.4120411261173046,0.29686406797415144,-0.06803295700773786,-0.317607954777988,0.3805869053839706
2026-07-20,-0.27684860147238705,-0.08760745809546397,1.2621368784181624,0.5710735606499894,0.944224246909166,-1.4894583520685627,-0.9450052028118207,0.4436470713248678,0.15082110920918967,0.7263850537554947
2026-07-21,4.391188220828083,3.217874089401243,0.8001203992349903,-0.4473325010652983,0.9693157445951949,-1.575707188940743,-1.0988933522243247,1.3359520022936384,1.1133040033073272,-0.3701723900109777
2026-07-22,1.6562806007768796,2.1158360836233374,2.746096223415334,1.237726720646965,-1.6493963961364815,-0.1363317322000852,-0.1731288071713864,-0.07213542534472943,1.0524857081040546,-0.35760561688001063
2026-07-23,-1.2581374283659983,-3.312397257787048,3.1358460371739305,-0.6265673116807018,-0.01408009570764624,-0.18456497595736446,-0.5205787293252349,0.5483985640458474,-0.517370653651709,-1.689195010119023
2026-07-24,-0.0995084617040589,0.15280541005925616,-1.4116399696373905,-0.17097613738191875,0.1663144873761843,-0.9854557855500758,0.11419492133921323,-1.755296816715946,0.08180106746299771,0.9378588719938558
2026-07-27,-2.3208905356911487,1.1862775199158548,-5.027467573209729,-1.8982555907743208,1.441430063871134,0.348691317234904,0.3135081965316133,-1.809546946879816,0.6352261026473761,-0.3020495991289761
2026-07-28,-1.3985053835752765,-1.3839796925309122,-2.2160695401384953,1.5394485033614436,0.30887859464964035,-0.35217649026661046,-0.17359548365763666,-1.805741243180968,-0.6324382660250706,-0.18831243874946088
2026-07-29,-1.7865784652297994,-0.6935212988953466,5.604697385678869,-3.5946318121106917,-0.5688151528853699,0.08549163626541038,0.3637253424845919,0.29429921197607206,-1.196238013493627,0.6043953465938979
2026-07-30,4.176044673746913,3.7096946146633982,-2.0375439427640822,0.07192073902462398,1.0090227448624427,0.3538868275119566,0.36921491736315126,1.1509843971870914,-0.12827581444866648,-0.5636503242656645
2026-07-31,-0.2957385603575084,-3.1891780415928306,0.09225725016847484,-1.5203160251265269,-0.20790643005450457,-0.04452864523046904,-0.12913035870441095,0.7801267132970142,-1.1026704486719452,0.8962617559097973
2026-08-03,1.7680780104906635,1.2720080771395883,-4.113029316504943,1.9682281206446584,-0.002361110807368258,-0.08823303854428378,0.669262039318656,-1.2331768543912112,0.864981282706078,-0.865566830735044
2026-08-04,3.6378095629516416,3.3413623379649953,-4.745845959232084,-0.8094558439794596,2.022062611693486,-0.1564154295173656,-0.23946082965821422,-0.5778440307174666,0.700257788806085,-0.030330346906024708
2026-08-05,0.08170626451135501,6.286236060407558,-0.7092990662550496,-0.6607822271240473,0.049901031723036796,-0.10258797337305602,-0.41625784146946015,0.6247930228996327,1.5627272448983052,-0.20478123436800644
2026-08-06,0.34168801935220233,-0.9242015602811113,2.645437138166644,-0.912811309384054,-0.4163980982018194,0.24443092956472912,-0.8646102082025381,0.523358433542156,0.26074952288740416,-0.2135249605680462
2026-08-07,2.3613693857715874,4.3896464833063655,-0.5057739743284592,-0.2713047645947976,-2.291745447363278,1.3239466620759486,-0.2179254673436039,0.31058633742034575,1.1888995327898475,-0.6194840244439427
2026-08-10,3.180442431214467,0.32559169503115587,5.046271162068546,-1.8493626938176853,-0.7240676038175693,-0.5113819130753743,0.47967169906468443,0.21054140654613823,0.8457570624494428,-0.0133733866784353
2026-08-11,0.2510928897352855,-0.299384400076961,0.3607756538263637,-1.1600445448805436,-0.1745720602430738,-0.002546771904758601,-0.22312542596056895,-0.17155018708975378,-0.38576730809353277,0.3479332821010215
2026-08-12,0.3671508203036208,0.716853119909389,0.5390856633167804,3.2373095514044348,-1.1788343317839762,0.6795296090042033,-0.004490687106959228,0.3185819094133987,0.5979895559550967,0.1470488822971512
2026-08-13,-0.7910910971787604,-2.34760936731015,-1.876549464274151,-0.026645404030155046,-0.263429770165013,0.10539789241919015,-0.1877800467490913,-0.5052258229288875,-1.1832475675209284,0.9497063482992736
2026-08-14,1.178256737462591,0.8405934382414186,1.8498987332272234,1.3211410103058274,-1.1272188531291392,-0.13671921500387796,-0.2786772422311893,-0.42138645113927253,0.23158813099919864,-0.45103262874966615
2026-08-17,1.109999185093245,1.502092751634222,2.9218032780091487,0.5032252590581698,0.28720473616995484,0.050169957678721275,-0.5066797094836073,-0.08675739709682123,0.32126302930130635,-0.1344360796802771
2026-08-18,-2.4909432532904425,-3.1441508477380986,2.139238748260775,-0.9894966653663148,-0.46878695229666073,-0.33945020853198693,1.1044273807882001,-0.675662812260866,-0.8203330759285395,-0.23992575264290325
2026-08-19,2.6244091870974415,6.2440918457528864,1.4238086293840537,1.0216869562321282,-1.7086623161924792,0.26925115094279684,0.035757249895243724,-0.2955022680185457,0.6538924058041352,-1.2715386030839106
2026-08-20,-0.21036065338037194,1.8266812424847263,2.8820998947236895,-0.4220399801951035,0.17527102863321936,0.5160667005857212,-0.8577052915213408,-0.21562364424458633,0.9156117869596523,-0.03309858116917356
2026-08-21,2.554458714132177,3.1796743657439666,-0.7024438013712888,0.6031459560417184,1.3263188539469986,0.0937936144727951,0.34781401674441653,0.42653295628618304,0.8978783575298992,-0.011498451574219743
2026-08-24,-1.4005402465277028,0.8499502263409777,-0.4121377653976318,0.5320713013949592,0.8030817408365472,0.42568072043627014,0.5210475816133806,-0.6077151510843172,0.602339092357576,-0.9129534008522615
2026-08-25,-0.20993851812729458,2.2081056107829586,-2.1012282152886956,1.9182723945012434,0.9371854849856729,0.457133683148116,0.29960648506292736,-0.12202188477198728,0.26473688903377296,-0.9225337331846288
2026-08-26,-0.5456567182861644,-2.0184736149011466,0.3961680594862832,3.826321375592426,-1.1751257033992253,-0.677649625666932,0.18115493182748185,-0.14999754216225133,0.3044350178004463,-0.2994977428481356
2026-08-27,0.721537098491905,0.9812253668922637,0.7617218561894832,-0.020183901375296253,-0.5957422636702615,0.4413952865196635,-0.07433392755700505,1.6998467413075824,0.2695729744006501,0.17758526969205135
2026-08-28,-1.8280899082215512,-3.77578268369929,1.6698431080933278,4.582921143515795,-0.32913446539851177,-0.21094939366159363,-0.2954724130084609,-0.5345625514227086,0.04034253227373582,-1.0220825716940165
